seller_id,seller_state,total_orders,total_items,gross_revenue,freight_value,average_item_price,unique_products,unique_customers,late_deliveries,late_delivery_rate,average_review_score
df560393f3a51e74553ab94004ba5c87,PR,28,29,3661.18,606.15,126.24758620689656,10,28,2,0.07142857142857142,3.6785714285714284
7040e82f899a04d1b434b795a43b4617,SP,212,228,9738.20,3217.78,42.71140350877193,60,212,20,0.09433962264150944,3.6
4a3ca9315b744ce9f8e9374361493884,SP,1806,1987,200472.92,35067.04,100.89225968797182,399,1806,195,0.1079734219269103,3.827873403664631
3504c0cb71d7fa48d967e0e4c94d59d9,SP,53,53,2349.94,687.37,44.338490566037734,14,53,0,0.0,4.415094339622642
e59aa562b9f8076dd550fcddf0e73491,PR,70,84,31574.30,2229.67,375.8845238095238,9,70,7,0.1,4.214285714285714
a3e9a2c700480d9bb01fba070ba80a0e,SP,130,144,13440.80,2883.09,93.33888888888889,72,130,13,0.1,3.984732824427481
d3dcf0604eabf0224fbd5948b5e02f69,SP,9,9,2902.30,165.11,322.47777777777776,8,9,3,0.3333333333333333,3.888888888888889
0241d4d5d36f10f80c644447315af0bd,PR,238,246,31397.70,6853.91,127.6329268292683,56,238,14,0.058823529411764705,4.334728033472803
cfb1a033743668a192316f3c6d1d2671,SP,147,184,12803.64,3432.56,69.585,61,147,17,0.11564625850340136,3.96
c70c1b0d8ca86052f45a432a38b73958,SP,261,338,36537.37,3938.91,108.09872781065089,66,261,22,0.0842911877394636,4.359073359073359
a1043bafd471dff536d0c462352beb48,MG,718,770,101901.16,31844.09,132.33916883116882,6,718,40,0.055710306406685235,4.222377622377622
cab85505710c7cb9b720bceb52b01cee,SP,206,209,11389.10,2906.14,54.4933014354067,28,206,5,0.024271844660194174,4.280193236714976
6a8b085f816a1f75f92dbac6eb545f8f,SP,127,135,6018.97,2177.99,44.58496296296296,71,127,12,0.09448818897637795,4.109375
0691148aee60ca47977c187804f935ae,PR,47,53,5868.51,1490.94,110.72660377358491,37,47,1,0.02127659574468085,4.1875
4d6d651bd7684af3fffabd5f08d12e5a,SP,369,395,43587.40,7898.91,110.34784810126582,70,369,17,0.04607046070460705,4.197297297297298
128639473a139ac0f3e5f5ade55873a5,PR,533,560,11908.85,9785.60,21.26580357142857,66,533,33,0.06191369606003752,4.185958254269449
7d7866a99a8656a42c7ff6352a433410,SP,5,5,147.89,59.49,29.578,4,5,0,0.0,4.4
3b15288545f8928d3e65a8f949a28291,SP,104,121,14061.79,2451.90,116.21314049586776,46,104,7,0.0673076923076923,3.9622641509433962
aac29b1b99776be73c3049939652091d,MG,98,138,6755.91,2709.61,48.95586956521739,14,98,9,0.09183673469387756,4.1020408163265305
966cb4760537b1404caedd472cc610a5,SP,75,75,51286.05,1649.82,683.814,17,75,2,0.02666666666666667,3.8533333333333335
a72c2f59332659e361d647515c698798,RS,5,6,802.90,131.03,133.81666666666666,3,5,0,0.0,4.8
1ca7077d890b907f89be8c954a02686a,SP,115,137,13341.57,1659.86,97.38372262773723,21,115,24,0.20869565217391303,2.3333333333333335
5b2e94f2c22b39ccc24d34ad0f669672,SP,10,10,949.78,390.36,94.978,5,10,1,0.1,4.9
213b25e6f54661939f11710a6fddb871,SP,155,194,15379.50,3460.46,79.27577319587628,81,155,13,0.08387096774193549,3.793548387096774
8f2ce03f928b567e3d56181ae20ae952,SP,153,175,21712.90,3837.11,124.07371428571429,79,153,23,0.1503267973856209,4.105263157894737
9616352088dcf83a7c06637f4ebf1c80,PR,92,98,5703.00,1787.57,58.19387755102041,5,92,0,0.0,4.301075268817204
04aba03279157f6d4e0fe8ccaf21963c,RJ,16,16,2575.90,346.43,160.99375,12,16,1,0.0625,4.3125
f22a247b79dd22ecd91dc8e3b2a1b07c,SP,8,8,439.94,134.90,54.9925,5,8,2,0.25,4.0
52562a9f449c3dc3d53f5f5b9ed74903,RN,14,14,3266.60,444.04,233.32857142857142,4,14,0,0.0,4.785714285714286
95e03ca3d4146e4011985981aeb959b9,RJ,175,193,11009.96,3233.54,57.04642487046632,55,175,6,0.03428571428571429,4.011428571428572
63b464dbf392c7b80d12d932fa7cafed,SP,37,39,6781.00,881.25,173.87179487179486,17,37,2,0.05405405405405406,3.7837837837837838
08ad4ac1388e4420ca531c3edfc46198,SP,6,7,221.62,89.05,31.66,5,6,0,0.0,2.8333333333333335
430315b7bb4b6e4b3c978f9dfa9b0558,SP,20,21,3118.40,586.23,148.4952380952381,14,20,1,0.05,3.9473684210526314
835f0f7810c76831d6c7d24c7a646d4d,SP,44,50,5130.00,964.03,102.6,19,44,13,0.29545454545454547,3.340909090909091
b16d3dadc47d4eb18be3d88bad0775ce,RS,10,11,722.10,178.44,65.64545454545454,10,10,1,0.1,4.3
6cf476a4ca74498db55cbccdaa9dcfb6,SP,6,7,939.93,185.57,134.2757142857143,5,6,2,0.3333333333333333,3.0
ba90964cff9b9e0e6f32b23b82465f7b,SP,38,38,44212.50,1311.00,1163.4868421052631,11,38,2,0.05263157894736842,4.421052631578948
b56906f7fd1696e043f1bcce164c487b,SP,40,42,2148.49,846.93,51.15452380952381,20,40,2,0.05,4.0
fad44952713764836814be105382aee5,RJ,32,32,5129.00,507.88,160.28125,1,32,1,0.03125,4.28125
b494891378bd8f4560abe576c52deacd,SP,20,22,2958.90,311.92,134.49545454545455,21,20,1,0.05,4.65
34056b8b55c1775a22af2331670a799c,SP,78,78,6455.40,1774.49,82.76153846153846,58,78,9,0.11538461538461539,4.0
3d8fa2f5b647373c8620330c4e077a9f,SP,43,48,3571.73,818.82,74.41104166666666,11,43,1,0.023255813953488372,4.093023255813954
004c9cd9d87a3c30c522c48c4fc07416,SP,158,170,19712.71,3551.23,115.95711764705882,88,158,13,0.08227848101265822,4.136645962732919
ff1e15b778c700abdd4d239b81ac466d,PR,7,7,414.30,114.86,59.18571428571428,2,7,0,0.0,4.571428571428571
17a053fcb14bd219540cbde0df490be0,SP,125,149,40703.14,8828.43,273.1754362416107,87,125,10,0.08,4.233870967741935
b8114f2f589a6804810f04f99b36b498,SP,8,11,1399.62,292.41,127.23818181818181,4,8,0,0.0,4.75
ff1fb4c404b2efe68b03350a8dc24122,SP,46,49,6771.00,895.95,138.18367346938774,21,46,7,0.15217391304347827,4.0
ec2e006556300a79a5a91e4876ab3a56,SP,4,8,125.20,66.04,15.65,2,4,1,0.25,1.25
972d0f9cf61b499a4812cf0bfa3ad3c4,SC,83,88,8089.29,2151.30,91.92375,15,83,9,0.10843373493975904,3.0253164556962027
343e716476e3748b069f980efbaa294e,SP,17,24,922.60,312.10,38.44166666666667,6,17,1,0.058823529411764705,4.3125
adcf50477d6a1f5d91bb9d54c4903cb5,MG,19,38,1425.14,798.66,37.503684210526316,15,19,3,0.15789473684210525,3.263157894736842
f76a3b1349b6df1ee875d1f3fa4340f0,SP,24,24,4160.79,588.19,173.36625,6,24,9,0.375,3.4583333333333335
44073f8b7e41514de3b7815dd0237f4f,DF,144,153,18729.64,3172.29,122.4159477124183,77,144,5,0.034722222222222224,3.7552447552447554
4c498c7345e89aebad651544829beca0,SP,48,48,4819.76,570.00,100.41166666666666,20,48,6,0.125,4.291666666666667
13074f016982ff2bd6c58ced8682f000,RS,14,15,2116.00,995.70,141.06666666666666,5,14,4,0.2857142857142857,3.9285714285714284
822166ed1e47908f7cfb49946d03c726,RJ,69,108,3714.83,1821.12,34.396574074074074,34,69,1,0.014492753623188406,4.0
3f0e48d209018b466fcd3bb4ccfeb520,PR,9,10,5399.00,255.80,539.9,3,9,0,0.0,3.888888888888889
845e8036c3f7bf62099352f5ed910240,RJ,21,24,1584.60,460.64,66.025,18,21,0,0.0,3.9523809523809526
cb9fb4ca75d7ba8437480e8dde64fe98,SP,10,10,532.14,173.42,53.214,3,10,0,0.0,4.0
1c40343cc5d18c2d8248ac2f3366de34,SP,21,22,2461.41,378.01,111.88227272727272,12,21,2,0.09523809523809523,4.619047619047619
0cbcee27c791afa0cdcb08587a2013a8,MG,39,41,5324.15,817.16,129.85731707317072,13,39,4,0.10256410256410256,3.8461538461538463
5795aebfe331fbcd02a2c4b679fb7952,SC,6,6,1280.00,156.09,213.33333333333334,3,6,0,0.0,3.8333333333333335
82e0a475a88cc9595229d8029273f045,SP,42,80,10930.02,1485.90,136.62525,39,42,4,0.09523809523809523,3.522727272727273
2528744c5ef5d955adc318720a94d2e7,SP,5,5,6245.00,263.70,1249.0,3,5,0,0.0,2.4
c4fabeea6e569d42d02993bb1f4f1cbc,CE,11,11,859.30,277.22,78.11818181818182,3,11,1,0.09090909090909091,4.0
28405831a29823802aa22c084cfd0649,SP,7,7,245.00,88.18,35.0,1,7,0,0.0,4.285714285714286
19e0f40a907ec568c34bfac15de4f4a1,SP,4,4,178.00,41.62,44.5,1,4,0,0.0,5.0
10cdd491d1dbea8fb4ead97b19c334ce,MG,3,3,208.90,78.86,69.63333333333334,2,3,0,0.0,5.0
6fa9202c10491e472dffd59a3e82b2a3,SP,3,3,7014.24,925.01,2338.08,1,3,0,0.0,4.333333333333333
57fe6232e67823593374a2281d7a8af8,SP,8,8,178.68,105.36,22.335,7,8,0,0.0,4.75
e8b3a3a38279a82f0e5d006d5e5b7d2c,PR,87,92,13154.70,1761.69,142.9858695652174,52,87,4,0.04597701149425287,3.8068181818181817
c004e5ea15737026cecaee0447e00b75,SP,2,2,4700.00,174.32,2350.0,1,2,1,0.5,1.0
3935fe5fe0f82787a9dcb8deb62be09d,SP,16,17,1681.69,419.66,98.92294117647059,8,16,2,0.125,4.0
bbad7e518d7af88a0897397ffdca1979,SP,69,85,4462.22,1338.20,52.49670588235294,14,69,11,0.15942028985507245,3.161764705882353
df56d7b40d437f88407c5f78b63bc328,PR,22,25,2791.28,460.22,111.6512,8,22,1,0.045454545454545456,4.090909090909091
afe0067131b73e40875c9b6c10bd2e21,MG,46,46,5130.40,1125.45,111.5304347826087,7,46,2,0.043478260869565216,4.2
520b493b57809f446cb0a233bb3e25c7,SP,63,73,3698.90,1063.97,50.66986301369863,28,63,2,0.031746031746031744,4.296875
77fccaae319668a8ab6cd0fd16aec48c,RJ,11,12,1667.00,221.44,138.91666666666666,5,11,0,0.0,4.454545454545454
0725b8c0f3f906e58f70cbe76b7c748c,SP,17,37,2190.30,715.69,59.1972972972973,15,17,6,0.35294117647058826,3.5
6bbcb8924baf70b7fe2fe2097e8cd407,SC,10,11,2382.50,264.33,216.5909090909091,7,10,0,0.0,4.5
3bb32fedaa74e4ad20f4ce067733bd31,SC,2,3,103.70,58.86,34.56666666666667,2,2,0,0.0,4.5
d8c7ba53e7e38711eaef8c2849d6d2e1,PR,22,22,1190.87,597.47,54.13045454545455,6,22,0,0.0,4.5
e9511df20ccd82658a30c37b7fb343af,SP,22,30,2096.60,726.50,69.88666666666667,9,22,0,0.0,4.318181818181818
cb5df0dcb9e280b1780e9d589889f2c7,SP,16,19,2934.72,754.49,154.45894736842106,15,16,2,0.125,2.6
a425f92c199eb576938df686728acd20,PR,17,19,1165.80,308.95,61.357894736842105,18,17,0,0.0,4.294117647058823
c72de06d72748d1a0dfb2125be43ba63,BA,21,22,17522.00,1211.18,796.4545454545455,8,21,0,0.0,4.476190476190476
35fb511489d9ee3ee27a76debce9df06,PR,7,7,414.50,172.29,59.214285714285715,4,7,1,0.14285714285714285,3.5714285714285716
c66dccfb3f109511246da627dd5a2498,SP,45,45,12708.55,973.70,282.4122222222222,44,45,2,0.044444444444444446,4.488888888888889
75fdd0a732287f9497b179f6bd445d32,SP,1,1,59.90,16.18,59.9,1,1,0,0.0,5.0
38af8acfd46ac4a7bf754e8ca6736664,SP,5,5,345.00,52.94,69.0,2,5,0,0.0,4.8
79565f7d5603b24ddf07ade262547f2f,SP,8,8,385.00,109.07,48.125,5,8,2,0.25,4.0
657969cca82e884d272385ec0ef06edd,RS,3,3,139.70,51.86,46.56666666666667,3,3,0,0.0,4.666666666666667
6b333a05bf188ef3e1f1662a86bd9855,DF,12,13,3990.91,563.97,306.9930769230769,9,12,1,0.08333333333333333,4.333333333333333
c43d924a0f1688ee9fae0efcd6f539d4,RJ,1,1,29.90,15.11,29.9,1,1,0,0.0,4.0
8e2b3afb420011ef0c88c9d5f11ea526,SP,11,11,1384.50,147.93,125.86363636363636,3,11,1,0.09090909090909091,4.2727272727272725
7a425d299613df3e613bcf9d2eaf5c49,RJ,18,18,1218.80,286.67,67.71111111111111,14,18,1,0.05555555555555555,4.111111111111111
c794dab4928dd97beb41d05514441e86,SP,16,16,1312.40,232.19,82.025,9,16,2,0.125,4.375
b67d6c666e8dce1d078c882825e12704,SP,7,8,352.84,104.19,44.105,6,7,0,0.0,4.857142857142857
f9bbdd976532d50b7816d285a22bd01e,SP,2,2,268.00,30.37,134.0,2,2,0,0.0,5.0
ad781527c93d00d89a11eecd9dcad7c1,SP,44,44,6899.57,2379.69,156.8084090909091,2,44,12,0.2727272727272727,3.0681818181818183
c89cf7c468a48af70aada384e722f9e2,RJ,14,14,745.00,226.01,53.214285714285715,7,14,1,0.07142857142857142,4.0
8f580d36c1e9d6fbce95283403c7d447,SP,8,8,4813.25,180.15,601.65625,7,8,1,0.125,4.375
3f8034bfc6b8b4135534975d49f04c63,PR,12,16,1313.90,280.61,82.11875,8,12,0,0.0,3.75
5abb8ea023c77787f2c15da891c8d384,SC,13,13,2241.00,746.20,172.3846153846154,5,13,3,0.23076923076923078,3.923076923076923
ae8bfdbf1c2a2a2dee92d799db0a31c6,PR,8,8,339.92,146.22,42.49,6,8,0,0.0,4.125
2fdde51ad3e12f297da656d4fbd5d0b5,SC,10,10,6252.00,622.14,625.2,3,10,0,0.0,4.7
86bb7c4b535e49a541baf3266b1c95b1,SP,16,16,8162.40,324.82,510.15,5,16,3,0.1875,3.2
5db42a6cd9bf1bf0d3aab9582767f168,ES,1,1,200.00,19.33,200.0,1,1,0,0.0,5.0
7c1fea10b5b006671d608b1d7c446ec4,SP,14,14,423.60,224.15,30.257142857142856,13,14,1,0.07142857142857142,4.0
c33a5c3c983090c8b78a28e65052a20d,SC,9,9,629.10,145.06,69.9,3,9,0,0.0,4.222222222222222
9f50216bfd01913736a55a11b55ea842,SP,17,19,1354.00,317.10,71.26315789473684,14,17,3,0.17647058823529413,4.411764705882353
0743a0239d764b9a0f959a57d07e36ab,SP,4,4,336.96,66.26,84.24,2,4,0,0.0,4.75
b45d7ebfb7378630f1bcd74b6ff86ff7,MG,5,5,1007.50,102.51,201.5,3,5,0,0.0,3.8
26e13b6ff5b641b329e5524241ee2c93,SP,4,4,119.70,69.98,29.925,4,4,0,0.0,4.0
9cad4b68bb993ee401a3c5aaa2bc26dd,SP,5,7,649.30,114.03,92.75714285714285,4,5,1,0.2,2.8
e59e489e2ea74bd409b798b5daf49de3,PR,3,5,495.00,86.76,99.0,3,3,0,0.0,1.6666666666666667
8c0de775f52fe41590b376a3b7c50f68,SP,9,9,672.70,135.33,74.74444444444444,6,9,0,0.0,3.888888888888889
b9a03475e6447e631b6799ec8274800f,PR,10,11,1349.10,294.98,122.64545454545454,7,10,0,0.0,4.2
6b803197e03abd5056b4313306b4f29d,SP,7,12,407.00,123.62,33.916666666666664,5,7,0,0.0,4.714285714285714
2dcf93836ae3ce0d7c93e2f10876467a,SP,9,12,1443.80,178.64,120.31666666666666,9,9,2,0.2222222222222222,4.111111111111111
0b3f27369a4d8df98f7eb91077e438ac,SP,2,2,146.51,24.88,73.255,2,2,0,0.0,3.6666666666666665
f08a5b9dd6767129688d001acafc21e5,RS,11,18,14069.63,496.11,781.6461111111112,7,11,2,0.18181818181818182,4.2727272727272725
25e47381a6c510ddeb36084e33b89f0c,SP,16,17,1289.60,282.11,75.85882352941177,11,16,0,0.0,4.25
26bad72add1f86e08a776ce4ffdaf1ca,SP,7,7,622.00,123.92,88.85714285714286,5,7,0,0.0,4.428571428571429
55d3daac7c404d59e51c2aa2f4dc5a23,SP,21,28,4480.60,1309.88,160.02142857142857,7,21,0,0.0,4.095238095238095
01c97ebb5cdac52891c0ed1c37ba0012,SP,9,12,577.50,178.50,48.125,3,9,0,0.0,4.222222222222222
f6122bc84774df1b372bdb3bb88ddb9f,SP,3,3,4799.87,74.49,1599.9566666666667,1,3,1,0.3333333333333333,3.6666666666666665
c0f783394e37cd9c9d7f5f81141450fa,SP,6,6,249.40,87.35,41.56666666666667,5,6,0,0.0,3.6
999f6d9a1c7c81f43be44c6b7d076210,SP,2,2,28.00,22.83,14.0,1,2,0,0.0,4.5
85044848b1b767db2a4a58526adef4b4,SP,4,4,240.60,64.91,60.15,3,4,0,0.0,3.25
c87abc38c8ed3240861729e1aeadf221,SP,1,1,133.00,15.68,133.0,1,1,0,0.0,1.0
4d0041cdbe51b4617d95c70b19decc74,MG,8,8,5235.20,230.29,654.4,6,8,0,0.0,4.5
2b5ed0c9139dae8883a200dfcb272ece,SP,4,4,85.41,59.34,21.3525,1,4,1,0.25,4.25
9dc79dd988ac42f4d56c340d7048420a,SP,4,4,749.60,94.33,187.4,3,4,0,0.0,4.75
8185694b58b2ba6de20fd41ae608bbea,SP,8,8,1372.30,230.27,171.5375,8,8,0,0.0,4.5
661ad5fcc28cdfb8bcadb12bb2272475,SC,4,7,209.93,119.78,29.99,1,4,0,0.0,5.0
4677a5437afda5fa7140b927b07be1cc,PR,11,11,3415.70,420.00,310.5181818181818,9,11,1,0.09090909090909091,4.363636363636363
d197aa8fbc64087f61984deef05f6227,SP,6,7,519.09,111.56,74.15571428571428,6,6,0,0.0,4.833333333333333
2d9e8987a2ea5cf88dce330249043ff1,SP,2,2,239.80,104.37,119.9,2,2,0,0.0,4.5
edf3fabebcc20f7463cc9c53da932ea8,SP,1,1,219.90,24.12,219.9,1,1,1,1.0,4.0
3d5d0dc7073a299e31fa718ce1bc00b6,RJ,23,24,790.70,387.43,32.94583333333333,8,23,2,0.08695652173913043,4.304347826086956
b43d8b707f887a30f4675391098354a0,SP,3,4,1342.00,184.76,335.5,3,3,1,0.3333333333333333,3.0
8bd0e3abda539b9479c4b44a691be1ec,RS,7,13,596.55,248.79,45.88846153846154,7,7,2,0.2857142857142857,2.625
262237171f48e85819065498cac80d7b,SC,4,10,599.00,150.00,59.9,1,4,0,0.0,4.25
dbdd0ec73a4817971d962698f2fea022,CE,16,16,6384.00,1790.80,399.0,3,16,1,0.0625,4.375
9b76ad3d04236f76bc71c59470305e13,SP,2,3,394.70,61.93,131.56666666666666,2,2,0,0.0,5.0
4be6b962d83299498bae2190f95d6566,SP,11,12,508.80,182.29,42.4,6,11,1,0.09090909090909091,4.1
20cb7c2fde3e5bf10f0bbe7394e1c6a9,PR,32,51,861.90,798.38,16.9,2,32,3,0.09375,4.0
f2336e113377dd21c744d9c4fc8293a9,SP,4,4,3563.00,199.08,890.75,2,4,0,0.0,4.25
fcf16b7a8697e559f0123190bb30177d,SP,3,7,1052.80,499.77,150.4,1,3,2,0.6666666666666666,3.3333333333333335
a81466620e46a6970b22ef40379fdfc9,SC,2,2,321.80,32.98,160.9,1,2,0,0.0,5.0
ed9eef5be0992d413d251fadba1a410d,SP,3,9,404.10,143.24,44.9,5,3,0,0.0,4.666666666666667
8a40ae794fa3f9892cee24bd5af0488b,PR,6,6,739.85,206.41,123.30833333333334,4,6,2,0.3333333333333333,3.1666666666666665
2f4b9d112bfa44a214bc6cef085d17c8,ES,5,6,293.99,119.27,48.998333333333335,3,5,0,0.0,4.4
4bf658053d453036c70976bccb2c31b2,SP,2,2,1742.99,81.57,871.495,2,2,0,0.0,4.5
ce20a2ec1514c25e16f2b5b39bc818f0,SP,4,7,287.00,209.03,41.0,3,4,1,0.25,4.75
68ca56ce86830f3d31b1b7ec6a54da3e,PR,6,6,719.59,143.37,119.93166666666667,5,6,0,0.0,3.8333333333333335
e2a1ac9bf33e5549a2a4f834e70df2f8,SP,5,5,14999.45,201.11,2999.89,1,5,0,0.0,4.8
9ac4f14370b1e24ddc58be041b7f99df,GO,5,5,314.51,122.14,62.902,5,5,0,0.0,4.4
ac6417315ae5da8f9a38ee11de6f7780,SP,8,8,788.90,182.53,98.6125,7,8,1,0.125,3.75
131fcb0a0c9a47bba4474aacff0f14b7,SP,4,4,369.80,36.61,92.45,2,4,0,0.0,4.0
45a3d05fb00435e52a28859dd03703b3,SP,1,1,1299.00,24.79,1299.0,1,1,0,0.0,5.0
7df1fc11cc5cbc518b39faa60cf5d67c,MS,5,5,1037.60,134.36,207.52,5,5,0,0.0,4.2
4c8545742faaf58fafd5fd14d25d75cf,SP,4,4,3020.00,196.31,755.0,4,4,0,0.0,4.5
48b6c3f4c6a93171da04b75313f2130f,SP,2,2,290.26,37.80,145.13,2,2,0,0.0,5.0
8cb7c5ddf41f4d506eba76e9a4702a25,GO,2,2,138.00,44.37,69.0,1,2,0,0.0,3.0
3a4127e1ba7208ea37044c5092aae170,SP,6,6,2219.60,91.35,369.93333333333334,3,6,0,0.0,3.5
60da8bfa7eebe230b7d66ac4082d79b3,SP,3,3,86.60,38.67,28.866666666666667,2,3,1,0.3333333333333333,4.333333333333333
dc7192adf8ba09569261f4a8d576afe0,SP,7,8,917.00,161.43,114.625,5,7,0,0.0,3.857142857142857
63b9ae557efed31d1f7687917d248a8d,SP,5,7,139.50,102.81,19.928571428571427,6,5,0,0.0,4.2
643c01d7c56a724bec0454f4780e8a3e,SC,2,2,205.55,41.10,102.775,2,2,0,0.0,4.5
0b46f784306be7200ca1700aa55d819f,MG,1,1,19.90,10.96,19.9,1,1,0,0.0,5.0
e46bc031f2c5bae4ccb40bb90712e9b4,SP,1,1,277.30,50.09,277.3,1,1,0,0.0,1.0
8ff1a9df749e454105c55cda13e79143,SP,13,14,1400.60,277.21,100.04285714285714,9,13,0,0.0,3.727272727272727
918717417d88a9f9ae9735567e6c7682,SP,4,4,345.70,43.52,86.425,3,4,0,0.0,5.0
9261d76c62caaf0b24677c2ceb7f8f20,SC,6,7,968.70,247.54,138.38571428571427,4,6,0,0.0,3.8333333333333335
539ed9e19811677513447759be5eccfc,MG,2,2,32.83,31.09,16.415,2,2,0,0.0,3.0
a9b533a26e898b12e8b8d4c07279bf4d,RJ,4,4,119.60,71.46,29.9,1,4,0,0.0,5.0
204b4e07bddef3c9b317f70189135b22,MG,1,1,73.40,14.73,73.4,1,1,0,0.0,5.0
1cbcd2ee0afb3fc09963b87eb65e7e4f,PR,1,3,90.00,40.65,30.0,1,1,0,0.0,5.0
9e9b539eb2806acee3f5c28085c1db9f,MG,3,3,967.00,72.47,322.3333333333333,3,3,1,0.3333333333333333,3.6666666666666665
23ca5f678e0b3ea6c630b30fa8bf51ea,SP,6,7,183.00,96.39,26.142857142857142,4,6,0,0.0,5.0
269cff2d3c8d205c11f37a52402ea93b,SP,4,5,1281.59,133.41,256.318,3,4,0,0.0,4.5
fdf736c18c589ed030e058312203e1b2,MG,1,1,30.00,14.51,30.0,1,1,0,0.0,5.0
baeda7047354773262ba2405f97038ba,SP,1,1,35.00,15.10,35.0,1,1,0,0.0,5.0
c04d70d515d15a7e3db3a73320598566,RJ,3,4,158.20,56.62,39.55,3,3,0,0.0,5.0
78744a20ee2f80ba64f6804c25def2b8,PE,6,6,2715.00,353.85,452.5,3,6,1,0.16666666666666666,4.166666666666667
455befea1bb853c75ccbca94cff26e5c,RJ,1,1,19.99,22.06,19.99,1,1,0,0.0,3.0
c74f14c1e26cf1bd5bd34b6a1e274426,SC,1,1,39.00,16.79,39.0,1,1,0,0.0,5.0
e5bd51692380fd8cabb19b756b95e714,SP,3,3,119.70,33.34,39.9,2,3,2,0.6666666666666666,2.3333333333333335
d8bf0fc082fd4a77fc2e5679b6c00133,SP,1,1,139.90,9.14,139.9,1,1,0,0.0,5.0
a213f1bd6458f4a158f3746cb2514559,PR,1,1,41.52,14.43,41.52,1,1,0,0.0,5.0
544863df86ed3b78a04e0820d41430ee,ES,1,1,23.90,15.27,23.9,1,1,0,0.0,5.0
0b09101900100c0e9d312861fad5a1b9,SP,1,1,153.75,14.61,153.75,1,1,0,0.0,4.0
99a25c39b28a74d1151c35c18d178292,SP,1,6,173.94,44.76,28.99,1,1,0,0.0,5.0
674207551483fec113276b67b0d871ff,SP,1,1,119.90,13.94,119.9,1,1,0,0.0,5.0
2ef086a599b597572aca4433b7ed6b3d,SC,1,1,49.00,15.10,49.0,1,1,0,0.0,5.0
43a1d4bab73b816e44ef4e4facd9f9b5,PR,1,1,189.90,15.50,189.9,1,1,0,0.0,4.0
b6c6854d4d92a5f6f46be8869da3fa1a,SP,1,1,69.90,17.92,69.9,1,1,0,0.0,1.0
d180e07dc1e58c31c3f0cd599dc4d945,MG,1,1,58.80,14.16,58.8,1,1,0,0.0,3.0
cc419e0650a3c5ba77189a1882b7556a,SP,1706,1775,104288.42,25668.99,58.75403943661972,37,1706,101,0.05920281359906213,4.077586206896552
8602a61d680a10a82cceeeda0d99ea3d,SP,17,19,826.99,252.91,43.52578947368421,10,17,1,0.058823529411764705,4.411764705882353
1c129092bf23f28a5930387c980c0dfc,SP,201,220,9553.62,3035.67,43.42554545454546,15,201,11,0.05472636815920398,4.235
5656537e588803a555b8eb41f07a944b,DF,174,188,8065.93,3377.03,42.9038829787234,72,174,13,0.07471264367816093,3.874285714285714
5f3ae9136c875522250f8184f253413a,SP,43,46,1158.00,615.76,25.17391304347826,24,43,3,0.06976744186046512,4.642857142857143
7299e27ed73d2ad986de7f7c77d919fa,MG,338,361,34725.43,6855.65,96.1923268698061,88,338,16,0.047337278106508875,4.420118343195266
46dc3b2cc0980fb8ec44634e21d2718e,RJ,521,542,128111.19,11798.50,236.36750922509225,189,521,33,0.06333973128598848,4.194174757281553
702835e4b785b67a084280efca355756,MG,1,1,7.60,10.96,7.6,1,1,0,0.0,5.0
850f4f8af5ea87287ac68de36e29107f,SP,187,192,45355.36,3114.41,236.22583333333333,42,187,12,0.06417112299465241,4.293478260869565
2528513dd95219a6013d4d05176e391a,SP,161,167,32689.10,3749.65,195.7431137724551,84,161,8,0.049689440993788817,3.949367088607595
bd0389da23d89b726abf911cccc54596,DF,87,90,7472.16,1656.31,83.024,57,87,7,0.08045977011494253,4.172413793103448
1690cada046eb7e92c12f98b1f8a8167,SP,11,11,1959.00,252.38,178.0909090909091,3,11,1,0.09090909090909091,4.545454545454546
391fc6631aebcf3004804e51b40bcf1e,SP,526,613,39951.95,10190.88,65.17446982055465,131,526,54,0.10266159695817491,4.02808988764045
bf0d50a6410d487dc97d2baac0a8c0be,SP,1,1,27.90,9.26,27.9,1,1,0,0.0,2.0
56642bcb79900e777d68e91915cb4267,SP,48,56,3657.64,814.15,65.315,8,48,4,0.08333333333333333,4.0625
81f89e42267213cb94da7ddc301651da,SP,46,52,3955.00,766.18,76.0576923076923,4,46,0,0.0,3.6739130434782608
0ec28cec4046a4a199b6de9b4c891d97,GO,3,4,296.60,56.04,74.15,2,3,0,0.0,5.0
080102cd0a76b09e0dcf55fcacc60e05,MG,124,130,5716.78,2195.93,43.97523076923077,43,124,5,0.04032258064516129,4.475806451612903
daeb5653dd96c1b11860f72209795012,MG,40,41,2305.90,632.16,56.24146341463415,27,40,3,0.075,4.0476190476190474
b32be1695eb7ec5f10f72d9610a12527,RS,45,46,26874.00,2957.02,584.2173913043479,14,45,2,0.044444444444444446,4.068181818181818
4305fe92735c8a43d154ff6dd2b8d927,MG,19,21,2885.90,428.35,137.42380952380952,5,19,0,0.0,3.9473684210526314
3df020b72d3d44b3af9d110fa3940b65,SP,55,101,5039.90,1709.57,49.9,13,55,7,0.12727272727272726,4.054545454545455
f84fa566034f5e8e880a07ec624c56af,SP,91,102,5093.79,1232.91,49.93911764705882,8,91,12,0.13186813186813187,4.21978021978022
a4b6b9b992b46e9ef863637af96e04bc,SC,7,14,7147.00,305.36,510.5,6,7,1,0.14285714285714285,3.2857142857142856
36a968b544695394e4e9d7572688598f,SP,154,162,9482.87,2146.00,58.53623456790123,43,154,7,0.045454545454545456,3.6580645161290324
817245bcc3badd82bbd222e0366951a6,SP,29,45,5580.50,722.58,124.0111111111111,4,29,1,0.034482758620689655,4.0
6f892e20a171e98efe17fdb971ff319b,SP,44,53,6438.70,904.16,121.48490566037736,5,44,4,0.09090909090909091,3.9302325581395348
4391ea5c5990502176a1dcda44a2373d,RS,3,5,2349.00,135.30,469.8,3,3,0,0.0,4.666666666666667
2199e7fe213c16213bf5d6a7eadc9a5d,SP,25,31,4078.29,569.49,131.55774193548388,13,25,1,0.04,4.24
3afc536624bc2e65bddfb5db33cc01f3,MG,6,6,312.00,107.07,52.0,1,6,1,0.16666666666666666,3.5
1127b7f2594683f2510f1c2c834a486b,SP,114,132,6851.33,1821.71,51.90401515151515,74,114,3,0.02631578947368421,4.095652173913043
594f9aaa48e5bf431f011ddc5669b0d5,MG,37,38,3248.80,887.61,85.49473684210527,24,37,1,0.02702702702702703,4.594594594594595
2a61c271b1ac763450d846849783e922,SP,18,23,1516.76,496.37,65.94608695652174,6,18,4,0.2222222222222222,4.055555555555555
7ddcbb64b5bc1ef36ca8c151f6ec77df,SP,334,343,55578.57,7946.72,162.0366472303207,19,334,28,0.08383233532934131,3.9518072289156625
de722cd6dad950a92b7d4f82673f8833,PE,339,379,55426.10,9686.65,146.2430079155673,7,339,15,0.04424778761061947,4.293768545994065
116ccb1a1604bc88e4d234a8c23f33de,SP,61,73,2004.89,943.44,27.464246575342464,27,61,4,0.06557377049180328,4.639344262295082
fd386aa7bed2af3c7035c65506c9b4a3,SP,69,76,2304.15,1012.02,30.31776315789474,41,69,7,0.10144927536231885,4.3478260869565215
392e0502231ae2f8b29994ef6398cd77,SP,20,20,1871.70,355.89,93.585,12,20,2,0.1,4.157894736842105
bba74270a87732727b5a3b4fd9ac1c39,MG,36,41,6001.59,758.85,146.38024390243902,20,36,0,0.0,3.9722222222222223
b83cedfb587e7911540e3f576d6917ce,SP,24,25,2224.95,343.80,88.998,16,24,2,0.08333333333333333,4.208333333333333
5f67c6082caacb26e431a7b17940cece,PR,13,14,1662.60,208.43,118.75714285714285,3,13,4,0.3076923076923077,3.5384615384615383
4f0d637c1197fd65405ebd755ac9f86b,SP,2,2,199.80,32.67,99.9,2,2,0,0.0,5.0
d20b021d3efdf267a402c402a48ea64b,SP,90,106,4140.17,1575.00,39.058207547169815,45,90,15,0.16666666666666666,3.7
289cdb325fb7e7f891c38608bf9e0962,SP,110,126,13544.95,2094.34,107.49960317460318,25,110,2,0.01818181818181818,4.572727272727272
54aa8463e87776b5612f4bdc4bd5d4de,MG,7,7,649.30,123.53,92.75714285714285,4,7,0,0.0,3.857142857142857
715bbd5ba4e6b74cb0d2f29eb45058b0,SP,62,64,4043.30,1272.58,63.1765625,28,62,5,0.08064516129032258,4.467741935483871
2089a6d640999f9b9141ac719b2af596,SP,44,44,8830.82,695.12,200.70045454545453,25,44,6,0.13636363636363635,3.727272727272727
6a0cbc8af2e8abd1bdfb777943d174c6,SP,35,35,3894.05,745.37,111.25857142857143,5,35,3,0.08571428571428572,4.0588235294117645
cf2384dd2f1dddea3f838efed0945e65,SP,16,16,2101.50,433.44,131.34375,5,16,0,0.0,3.9375
a080fc8a850289b27500f6b49cca2553,SP,4,4,383.00,52.57,95.75,4,4,0,0.0,4.75
5ca5d579b5857ee8709479b1047cecc3,SP,2,2,339.89,23.99,169.945,2,2,1,0.5,1.0
33cbbec1e7e1044aaf11d152172c776f,RS,15,16,730.67,398.83,45.666875,9,15,0,0.0,4.733333333333333
9d4db00d65d7760644ac0c14edb5fd86,SP,98,100,9979.70,1533.11,99.797,41,98,4,0.04081632653061224,4.515463917525773
9bade61a92bed55a25d2b67b9f4ed739,PR,2,3,117.68,57.12,39.22666666666667,1,2,0,0.0,3.0
bc503e244f187939d10c92a5c8e378ce,SP,7,16,637.67,222.13,39.854375,4,7,1,0.14285714285714285,3.2857142857142856
d650b663c3b5f6fb392b6326366efa9a,SP,60,60,19242.90,910.14,320.715,30,60,4,0.06666666666666667,4.2
02ecc2a19303f05e59ce133fd923fff7,SP,21,24,5264.19,478.21,219.34125,17,21,0,0.0,4.619047619047619
8bd0f31cf0a614c658f6763bd02dea69,SP,33,35,4455.34,967.98,127.29542857142857,10,33,1,0.030303030303030304,4.28125
23613d49c3ac2bd302259e55c06c050c,SP,70,80,4293.00,2167.76,53.6625,24,70,10,0.14285714285714285,3.8260869565217392
82bd0703a4aefd6b599e5bfdaed378fb,SP,21,24,2692.28,392.56,112.17833333333333,16,21,1,0.047619047619047616,3.772727272727273
d97df38225e5abadaff1e72cb72b823c,SP,29,29,1846.00,516.92,63.6551724137931,19,29,5,0.1724137931034483,3.925925925925926
e5e33c0d8e7e002f398f5dc4cbbb338f,SP,28,29,6698.70,778.63,230.9896551724138,21,28,3,0.10714285714285714,4.321428571428571
788e857f317e53de488d393e65a80f45,SP,11,11,1210.00,184.95,110.0,4,11,0,0.0,4.909090909090909
1fdc574883ef3b33ad41562d93f3a74a,SP,18,18,4251.00,273.27,236.16666666666666,14,18,1,0.05555555555555555,4.444444444444445
ba5daa4041e1f15cdf34b76e3e18a450,SP,15,15,806.80,152.55,53.78666666666667,11,15,0,0.0,4.266666666666667
9596c870880d900012f2e8e6e30d06d7,MG,22,24,8606.25,2009.08,358.59375,11,22,1,0.045454545454545456,4.136363636363637
436bf27f2f18474fc6047702e9f8a866,SP,1,1,29.90,14.52,29.9,1,1,0,0.0,5.0
b4a476fbd28de64b1e347abf9089366a,SP,33,38,5724.04,1011.91,150.63263157894738,15,33,3,0.09090909090909091,3.84375
365e445f796710c3431557e85caa25db,SP,4,5,1115.00,79.30,223.0,4,4,0,0.0,4.5
6c12e40690c335dbc2f68a4134d30dc1,PR,16,18,9139.20,485.06,507.73333333333335,12,16,0,0.0,4.071428571428571
6dc9bec584588412a6a338830946a3e4,SP,2,2,560.00,107.83,280.0,1,2,0,0.0,1.5
c500367424994318b9e779ff1ae9a330,SP,9,9,4346.40,311.99,482.93333333333334,8,9,1,0.1111111111111111,3.7777777777777777
05a940b4ecae36cadfd8e93bd9c43257,GO,10,10,952.00,196.94,95.2,9,10,0,0.0,3.9
232a6014e7b10cba61c6c2b2ea6bb4b0,SP,33,36,3919.87,1213.40,108.88527777777777,20,33,2,0.06060606060606061,4.15625
768de2a4fc06aacecb9a586ccc30746a,DF,14,14,475.60,237.93,33.97142857142857,2,14,0,0.0,4.428571428571429
dace965ca58120f92f8d742a9fa1864b,SP,8,8,1442.00,131.77,180.25,7,8,0,0.0,4.625
508808d438fe2ff972ed13bb8f4a82e2,SP,10,11,294.83,122.64,26.80272727272727,10,10,0,0.0,4.3
07de60b03d150fb3ea09eab5da5e4c8b,SP,9,9,719.10,169.90,79.9,4,9,1,0.1111111111111111,4.333333333333333
5075aaa8404020ae6aa8bf4792099b41,MG,13,23,1822.80,447.72,79.25217391304348,6,13,0,0.0,3.5833333333333335
253f95b3a0e6983ae18aed49fbc2b845,SP,5,5,799.50,91.44,159.9,2,5,0,0.0,4.4
64b87978a11c1ea7501a89eabe8c2c1a,SP,7,7,489.93,101.90,69.99,2,7,0,0.0,2.0
66dc1b1632bd6a3e508510c5b3492107,SP,37,42,3721.39,727.87,88.60452380952381,20,37,1,0.02702702702702703,3.5675675675675675
720e6cf846ea7572cbb66b743fb91e6c,SP,1,1,54.00,14.55,54.0,1,1,0,0.0,5.0
edc518ba25576a0188a0e8f2c3af186f,SP,6,8,1647.39,262.16,205.92375,5,6,0,0.0,3.6666666666666665
3d700782d7818f2c1e0d7a9e9d75fc00,SP,3,3,149.70,85.41,49.9,1,3,1,0.3333333333333333,3.6666666666666665
b8a0adc91af209270c2c725168eb00fd,SP,6,6,281.40,107.09,46.9,6,6,0,0.0,4.0
31be790e64fc99f8ff48ec2bd18a3104,SP,6,6,241.40,72.28,40.233333333333334,3,6,2,0.3333333333333333,4.333333333333333
834f8533b2ecb6598dd004ff3de7203a,SP,43,47,4538.29,958.02,96.55936170212766,26,43,6,0.13953488372093023,3.847826086956522
89a51f50b8095ea78d5768f34c13a76f,DF,10,11,677.16,177.10,61.56,10,10,0,0.0,4.7
a67780aba9dd436e7ac0aa1f889e73ec,SP,6,6,863.00,178.04,143.83333333333334,5,6,2,0.3333333333333333,3.6666666666666665
e51f22821f0c12a16ad5c020cdcd55e9,SP,4,4,898.71,98.13,224.6775,4,4,0,0.0,4.75
c3e1abd72a42fe690fcd89cf5720fe29,SP,13,13,1798.61,168.97,138.35461538461539,5,13,0,0.0,4.461538461538462
f8d5c7085db9a4ad2b8c1ffbeb2798c8,SP,6,6,263.00,100.41,43.833333333333336,5,6,0,0.0,5.0
562f8cfc51f265411f487d07e9c40e7f,MG,13,13,766.92,199.33,58.99384615384616,4,13,2,0.15384615384615385,4.538461538461538
f9eedec3129e8cc6b6429c42d0808c5b,RJ,2,2,789.80,43.35,394.9,2,2,0,0.0,4.5
af3ef48d0e13835e529c29ac573c63e5,SP,21,21,1405.63,467.50,66.9347619047619,12,21,1,0.047619047619047616,3.761904761904762
b14db04aa7881970e83ffa9426897925,SP,83,111,5898.60,2225.35,53.14054054054054,12,83,9,0.10843373493975904,3.7125
863d2ebcd347ce4922de7a0f9a5581d6,RJ,18,19,1382.36,308.81,72.75578947368422,8,18,3,0.16666666666666666,3.888888888888889
4deebb3199eeafb282ae33229144f94b,SP,4,5,779.70,141.79,155.94,3,4,1,0.25,4.0
a4fc6eadaff1576af888509a53420f6a,SP,1,1,100.86,20.76,100.86,1,1,0,0.0,3.0
276677b5d08786d5dce7c2149dcce48b,MG,33,47,3522.00,798.64,74.93617021276596,18,33,3,0.09090909090909091,3.909090909090909
5a6a02f419701fc8c605af71d4fc57a4,SP,10,11,600.50,113.91,54.59090909090909,9,10,1,0.1,4.8
fe8055980a4ff7f64ed889c2b5926929,PR,3,3,196.70,53.28,65.56666666666666,2,3,0,0.0,4.666666666666667
4bfc7a4a1cf8d4d2121c27422d9e50b5,SP,26,40,8124.40,1067.19,203.11,7,26,1,0.038461538461538464,4.538461538461538
ee2fbacc2fc3794e656cc4d933d59ce7,SP,2,3,464.97,53.73,154.99,2,2,0,0.0,4.0
54c04bdb5ec46762f8f08c7e8f86ed4a,SC,18,19,3281.66,476.12,172.71894736842106,12,18,2,0.1111111111111111,4.333333333333333
ce69a8021d18961dd2a40269b7c2c293,PR,19,19,4818.00,471.05,253.57894736842104,13,19,2,0.10526315789473684,4.473684210526316
8759e7aedd644f487315e5860962f162,SP,3,3,627.00,166.34,209.0,1,3,1,0.3333333333333333,3.6666666666666665
9539213aa8e023c01937bef95dc006da,SP,9,9,229.10,89.94,25.455555555555556,2,9,3,0.3333333333333333,4.555555555555555
fe701d88b67eaca109dffd464d1be9f9,RJ,11,11,1548.90,239.04,140.8090909090909,3,11,1,0.09090909090909091,4.0
228e4c1a0be164f613d41c24345f9d2c,PR,5,5,539.70,229.74,107.94,3,5,0,0.0,5.0
8fbd63429be6d3e5e6d1a709b6464802,SP,6,8,1061.40,179.57,132.675,4,6,0,0.0,4.833333333333333
b026643914f651e8371425e5b8a1e780,RJ,1,1,27.90,15.10,27.9,1,1,0,0.0,5.0
57c764b4a836300be881e2ff86e449f9,SP,29,30,1211.00,470.11,40.36666666666667,12,29,4,0.13793103448275862,4.142857142857143
411f3b52d857390502ee4e4d5ceabc2d,SP,21,30,1804.01,378.71,60.13366666666667,13,21,3,0.14285714285714285,4.105263157894737
52f9db5cfb423382a2fa5c9e39303202,SP,22,23,1269.77,358.77,55.20739130434782,7,22,0,0.0,4.136363636363637
be8e909810184b9b19e886129149d8e5,SP,15,15,629.85,216.23,41.99,3,15,3,0.2,3.7333333333333334
28f10b1c5e5abb9d4857745bede6147c,SP,28,28,835.00,350.42,29.821428571428573,4,28,6,0.21428571428571427,4.0
2c43fb513632d29b3b58df74816f1b06,MG,3,3,858.00,72.17,286.0,3,3,0,0.0,3.6666666666666665
e250d617a0ad591ba9bd663e584a895d,SP,8,20,904.12,300.79,45.206,9,8,0,0.0,3.5
eec3469d83e142f9a104886655338c37,SP,4,4,185.70,54.74,46.425,4,4,0,0.0,4.5
1588ac4010787100dddef64568f0ae35,PR,3,3,599.97,46.00,199.99,2,3,0,0.0,3.0
5011f0d93373a4c5753adf58ca77af8d,SP,12,22,1009.42,381.43,45.88272727272727,4,12,1,0.08333333333333333,3.8333333333333335
b248792ac0b60ec3f93d80af1b4fae47,SP,7,9,454.50,153.85,50.5,6,7,1,0.14285714285714285,3.857142857142857
caa9bc43a9fe8cf9c564ddd8a03cc4a6,SP,13,14,803.87,233.87,57.419285714285714,5,13,1,0.07692307692307693,4.666666666666667
b127efdabeffb5d559349c7b172eb75d,SP,10,10,308.50,112.77,30.85,10,10,1,0.1,4.8
7b1222c3624aa89b9558b50a2594188c,SP,22,22,10103.52,457.57,459.2509090909091,9,22,3,0.13636363636363635,4.454545454545454
5236605f4d4b0b3e4df85b850393fca0,SP,5,5,265.30,82.18,53.06,4,5,1,0.2,4.8
f1ed6bd0a9b11b581f16c851c6a5a527,RS,17,18,1622.77,373.81,90.15388888888889,3,17,1,0.058823529411764705,4.388888888888889
714b9a1332840f257b49f476bea4e341,SP,6,6,1499.94,158.15,249.99,2,6,2,0.3333333333333333,3.3333333333333335
f1b93673502375d491780bb49d615dbc,SP,8,10,2638.93,320.35,263.893,8,8,2,0.25,3.125
15cd6eefe58588619aaed41dfa6621b1,MG,16,18,1622.74,566.12,90.15222222222222,8,16,1,0.0625,4.25
bba8d0c234a52b87b3957037a215d1a4,GO,1,1,120.00,19.53,120.0,1,1,0,0.0,5.0
c64a2aec32cc408a8a4c6d7c46017f91,RS,9,9,3221.50,406.67,357.94444444444446,2,9,0,0.0,3.888888888888889
80cfd480be3eb6d6267139f5cb793555,SP,1,1,99.90,26.44,99.9,1,1,0,0.0,4.0
ab91571efab27993ff2f6b36e38055c3,SP,3,4,102.24,56.69,25.56,1,3,1,0.3333333333333333,4.666666666666667
a2e85714b56b1cb6bb24a9a6e6cad36f,SP,2,3,339.70,40.74,113.23333333333333,3,2,0,0.0,1.0
c394e193cda3b4225ff2094d32184849,SP,3,12,3419.88,191.56,284.99,1,3,0,0.0,3.6666666666666665
2d22fc3089eb907b29ebff50581fb472,RJ,3,3,317.70,59.69,105.9,1,3,0,0.0,3.6666666666666665
b7cc6c5e001441ae8cdd5c69a480cbe4,SC,6,6,651.80,220.50,108.63333333333334,4,6,0,0.0,4.166666666666667
72c73be2b085b9d57650dd53eb2004c9,SP,1,1,29.40,17.92,29.4,1,1,0,0.0,5.0
90d4125885ab6c86e8820a722be71974,SP,3,5,1299.55,43.40,259.91,1,3,0,0.0,1.0
c4af86330efa7a2620772227d2d670c9,SP,4,4,5396.00,364.96,1349.0,1,4,0,0.0,4.333333333333333
e76ecc7e9a1a1e3c6df9d2a8261c423d,MG,1,1,20.00,14.10,20.0,1,1,0,0.0,5.0
876182d1918783bbe15233febfbd4926,SP,3,3,120.27,34.73,40.09,3,3,0,0.0,4.0
bc39d8938f90a3a2b98193723ed59774,SP,2,2,306.80,22.31,153.4,1,2,0,0.0,4.0
ae45ad30c2d2e5913094769690a239d2,SP,1,2,251.80,31.26,125.9,1,1,0,0.0,5.0
3fadb4cba4c35bce6a7eaf9872d5623a,RS,3,5,209.50,68.02,41.9,1,3,0,0.0,3.3333333333333335
48e5ee06fb2dc74df1c711a9b6dfac2a,MG,1,3,57.00,45.30,19.0,1,1,0,0.0,5.0
1099a00e0ee3a50935e6c2447ca090c5,RJ,3,3,849.70,61.13,283.23333333333335,3,3,1,0.3333333333333333,3.6666666666666665
0aa124728afc1131dff5655f4c6f487b,MG,2,2,850.92,107.86,425.46,2,2,0,0.0,1.0
28a26ebce31d5918b181ede016fd693b,MG,1,1,29.90,17.14,29.9,1,1,0,0.0,5.0
ad738d3fcf42655ed15c4960b7b6c601,RS,1,1,65.00,15.89,65.0,1,1,0,0.0,1.0
bb7a14e229b1c95156719c3d9552eeee,RJ,11,11,3190.10,329.35,290.0090909090909,6,11,1,0.09090909090909091,4.181818181818182
dd58ee93286b0821565574c570e9e1dc,PR,2,2,2948.00,75.31,1474.0,2,2,0,0.0,5.0
de66a66f2dd06bb9ec37aa96987466a3,RJ,7,8,353.32,115.66,44.165,2,7,0,0.0,4.142857142857143
9d213f303afae4983637247556438ede,SP,2,3,47.70,73.11,15.9,2,2,0,0.0,5.0
7c51de0ab286204ce75ff42bf7c10d92,SC,4,4,759.00,149.64,189.75,3,4,0,0.0,4.5
3d39fbf22a665714baf62fae36029e23,SP,8,8,2504.20,130.63,313.025,4,8,0,0.0,4.75
d3e7d37c0df9aef383f3f2a15b0dddfb,PR,1,1,161.00,40.34,161.0,1,1,0,0.0,5.0
f664f98bfda2eaf266a23ff144e7a872,SP,2,2,153.99,7.81,76.995,2,2,0,0.0,3.0
7d948535954aaf8c5d39db007f74372e,SP,4,4,194.00,43.80,48.5,3,4,0,0.0,3.75
630008e0f062605a415d694489f6f82e,SP,2,3,105.15,30.35,35.05,2,2,0,0.0,3.5
ed49da7cadefc454d6a67de249eab240,SP,2,2,43.00,22.83,21.5,1,2,0,0.0,3.0
ab3e0c171fe84a7ba7de130f19cfb485,PR,7,10,863.42,172.28,86.342,5,7,2,0.2857142857142857,3.5714285714285716
f307937c1bb287c3efc2a514b94b0d1d,MG,1,1,189.99,26.61,189.99,1,1,0,0.0,5.0
154bdf805377afea75a3bd158e9eab10,SP,1,1,89.90,19.82,89.9,1,1,1,1.0,1.0
69b5eaa096c3f9d1e5c398c597f567d6,SP,2,2,938.00,49.02,469.0,1,2,0,0.0,5.0
d7ab82074b5f1dfba46db123df101bff,SP,2,3,38.67,45.30,12.89,2,2,0,0.0,4.5
751e274377499a8503fd6243ad9c56f6,SP,1,2,218.00,17.84,109.0,1,1,0,0.0,5.0
c7bb64409aa480bb7d0335faaaf3d242,SC,4,4,97.60,67.56,24.4,2,4,0,0.0,2.25
ede2977fbaf3738583170735ca403f6c,PR,1,1,289.90,37.35,289.9,1,1,0,0.0,5.0
cecd97bc34ed8330bd4cd15713eda670,SC,1,1,57.99,18.51,57.99,1,1,0,0.0,1.0
173d56ffbd4c56cb80fc3615487d712b,SP,2,2,358.00,39.61,179.0,1,2,0,0.0,5.0
13e85aac53340018b40c2af68001b7e0,SP,1,1,17.80,14.12,17.8,1,1,0,0.0,5.0
0af977692321d895349eded183341d28,SP,2,2,257.75,19.47,128.875,2,2,0,0.0,4.5
6624bc09786f0e41ae48dfc5eeb1a9e2,MG,1,1,89.54,17.47,89.54,1,1,0,0.0,5.0
578460d8319c51dab351cd9db95eadfe,GO,1,1,235.00,35.45,235.0,1,1,0,0.0,3.0
695051e2981c8b19e77cafe450d5bdf3,SP,1,1,169.76,12.69,169.76,1,1,0,0.0,5.0
77dcbb67ccb3659bd58eaf5661560a30,RS,2,2,984.00,98.56,492.0,2,2,0,0.0,1.0
1c742ac33582852aaf3bcfbf5893abcf,MG,1,1,97.90,15.79,97.9,1,1,0,0.0,5.0
432c67955c0acd1fd6b0b5d678766a71,SP,3,3,1151.00,137.41,383.6666666666667,3,3,0,0.0,2.3333333333333335
2bdb95a56a36ebbc6640337ac5eac174,SP,1,1,89.90,18.00,89.9,1,1,0,0.0,5.0
2c00c85d30361cd2ced2969cffbbffa3,MG,1,1,49.80,7.71,49.8,1,1,0,0.0,5.0
deaadd805612bf94faaa9fa702516e11,SP,1,1,50.00,15.11,50.0,1,1,0,0.0,1.0
58b98ccb79873e04eac4357cacc590d9,SP,1,1,23.00,8.91,23.0,1,1,0,0.0,1.0
a70e9066dbfd10b6b97a3f54a1356762,PR,2,4,1716.00,311.40,429.0,2,2,0,0.0,5.0
f09b760d23495ac9a7e00d29b769007c,SP,1,1,21.90,17.19,21.9,1,1,0,0.0,4.0
a150c540f572d0fb53992264bc5c10b5,SP,1,1,119.90,15.59,119.9,1,1,0,0.0,4.0
41958cbd3335433c8740300e8cd600d5,SP,1,1,32.99,7.39,32.99,1,1,0,0.0,5.0
8629a7efec1aab257e58cda559f03ba7,GO,1,1,45.22,18.89,45.22,1,1,1,1.0,1.0
c864036feaab8c1659f65ea4faebe1da,PR,58,58,10454.20,1845.57,180.2448275862069,29,58,2,0.034482758620689655,4.568965517241379
00720abe85ba0859807595bbf045a33b,SP,13,26,1007.50,315.98,38.75,9,13,2,0.15384615384615385,3.6153846153846154
f00e21b1e91a79653163b7fd8f293ff1,SP,31,31,3900.09,570.97,125.80935483870968,29,31,1,0.03225806451612903,4.1
516e7738bd8f735ac19a010ee5450d8d,RJ,76,84,6643.09,1466.23,79.08440476190476,53,76,4,0.05263157894736842,4.565789473684211
8444e55c1f13cd5c179851e5ca5ebd00,MG,99,109,22873.21,2078.06,209.8459633027523,54,99,6,0.06060606060606061,3.2626262626262625
d91fb3b7d041e83b64a00a3edfb37e4f,SP,535,536,40889.74,9290.77,76.28682835820895,315,535,33,0.0616822429906542,4.0964285714285715
2709af9587499e95e803a6498a5a56e9,SP,26,47,1279.56,579.46,27.22468085106383,15,26,3,0.11538461538461539,3.84
cca3071e3e9bb7d12640c9fbe2301306,SP,712,830,64009.89,14371.40,77.12034939759036,322,712,41,0.05758426966292135,3.846368715083799
1e8b33f18b4f7598d87f5cbee2282cc2,SP,123,140,17309.06,2702.24,123.63614285714286,30,123,6,0.04878048780487805,4.371900826446281
17e34d8224d27a541263c4c64b11a56b,SP,255,268,56363.24,5239.96,210.31059701492538,112,255,21,0.08235294117647059,4.1857707509881426
0509040ea3fe50071181bbc359eb7738,MG,89,98,3737.95,1445.15,38.14234693877551,34,89,6,0.06741573033707865,4.482758620689655
a420f60ff1aa9acc80d0e42959f2b313,SP,67,69,7443.30,1099.97,107.87391304347825,23,67,6,0.08955223880597014,3.953846153846154
6edacfd9f9074789dad6d62ba7950b9c,SP,208,219,13147.10,2940.50,60.0324200913242,144,208,12,0.057692307692307696,4.355769230769231
91f0eec23d4a61d7d7caeefa3f0ad1ca,SC,11,11,2190.80,354.46,199.16363636363636,2,11,3,0.2727272727272727,3.5454545454545454
11bfa66332777660bd0640ee84d47006,SP,76,102,3925.87,1682.67,38.488921568627454,40,76,12,0.15789473684210525,3.883116883116883
65b081a070633e057c462abdd6fb9dd8,GO,19,20,1885.09,441.58,94.2545,16,19,0,0.0,4.315789473684211
e06f09ec0a4aca210779cf1cfc63cf19,SP,29,31,5279.49,621.92,170.30612903225807,25,29,2,0.06896551724137931,3.967741935483871
8d79c8a04e42d722a75097ce5cbcf2ef,CE,27,28,2777.72,757.44,99.20428571428572,3,27,4,0.14814814814814814,4.444444444444445
325f3178fb58e2a9778334621eecdbf9,SP,36,46,981.70,451.67,21.341304347826085,13,36,0,0.0,4.444444444444445
834f3294fba9f932f56edc879193f925,SP,66,66,39907.50,4299.92,604.6590909090909,3,66,4,0.06060606060606061,4.545454545454546
a888faf2d1baececa6baf9c3d603ee1f,PR,54,55,17765.80,1121.52,323.01454545454544,19,54,8,0.14814814814814814,4.037037037037037
3361277dc30b7cccdb0c286b24219756,PR,29,42,3905.05,635.85,92.97738095238095,18,29,2,0.06896551724137931,4.344827586206897
ea00f977a203ff88adf7057cb7806998,SP,19,19,389.72,183.68,20.51157894736842,5,19,2,0.10526315789473684,4.105263157894737
710e3548e02bc1d2831dfc4f1b5b14d4,PR,136,142,23979.11,3875.96,168.8669718309859,33,136,6,0.04411764705882353,3.362962962962963
d71d863e5ef30d94e440c11be17dcd8f,SP,29,36,11900.90,754.75,330.5805555555556,7,29,3,0.10344827586206896,2.9615384615384617
f0b47fbbc6dee9aafe415a6e33051b3f,SP,68,86,3795.91,1336.28,44.13848837209302,38,68,7,0.10294117647058823,4.220588235294118
2aa3443d7bf9d9bb11133f420d75e083,RJ,10,10,647.00,134.12,64.7,7,10,2,0.2,3.0
f12ff17ad8bbf01ec5c33b17e506649b,SP,29,29,6241.00,651.73,215.20689655172413,14,29,3,0.10344827586206896,3.8275862068965516
b92e3c8f9738272ff7c59e111e108d7c,MG,62,70,8231.09,2414.21,117.587,36,62,2,0.03225806451612903,4.174603174603175
04e38a233f726ef161074ab1c9b0399a,SP,23,28,1352.20,459.07,48.292857142857144,11,23,3,0.13043478260869565,3.652173913043478
aba1721a889e04decc910aa13b768ef4,SP,83,92,14103.30,1249.17,153.2967391304348,76,83,9,0.10843373493975904,4.445783132530121
382229d1e840115ffe3dbf5ff460e417,RJ,46,49,4096.96,869.66,83.61142857142858,24,46,5,0.10869565217391304,4.217391304347826
9baf5cb77970f539089d09a38bcec5c3,SP,32,33,6129.67,543.73,185.74757575757576,25,32,0,0.0,4.3125
bd23da7354813347129d751591d1a6e2,SP,89,90,10544.30,1466.83,117.1588888888889,9,89,4,0.0449438202247191,4.022471910112359
9646c3513289980f17226a2fc4720dbd,SP,71,78,3039.30,1208.02,38.965384615384615,24,71,2,0.028169014084507043,4.352112676056338
6cd68b3ed6d59aaa9fece558ad360c0a,MG,149,157,11188.57,2529.89,71.2647770700637,54,149,3,0.020134228187919462,4.456375838926174
66e0557ecc2b4dbea057e93f215f68d8,SP,31,31,12480.00,497.99,402.5806451612903,19,31,8,0.25806451612903225,3.935483870967742
f5a590cf36251cf1162ea35bef76fe84,SP,117,122,53201.78,4239.16,436.08016393442625,63,117,12,0.10256410256410256,4.230769230769231
4917cee8d902e13428c3ec4b1ca6f315,SC,33,33,5421.90,1199.64,164.3,7,33,1,0.030303030303030304,4.15625
432c37c9dfba871172ec162e20118b8c,DF,46,57,2968.87,969.67,52.08543859649123,17,46,4,0.08695652173913043,4.108695652173913
febab0275244b9a49a623f0bd613ca2f,SP,109,129,7272.42,3016.75,56.3753488372093,45,109,5,0.045871559633027525,4.376146788990826
e5a38146df062edaf55c38afa99e42dc,SP,121,125,15360.07,1894.52,122.88056,27,121,11,0.09090909090909091,3.9672131147540983
671585f5a2af58b6e276bc01003c0d2b,PR,27,27,1244.00,448.11,46.074074074074076,5,27,0,0.0,4.703703703703703
e9c6969d40e6a3d2d0f90013165c2b98,SP,10,10,5239.98,242.00,523.998,8,10,0,0.0,4.4
3a490ba60afa30ece0e7d50cfe74a4f0,MG,8,8,1529.20,165.87,191.15,3,8,0,0.0,4.625
612170e34b97004b3ba37eae81836b4c,RS,107,110,23065.02,2307.06,209.682,48,107,2,0.018691588785046728,4.429906542056075
9d681c7e12db302cb261e721040dde65,PR,13,14,785.60,273.08,56.114285714285714,8,13,0,0.0,4.923076923076923
f3da5b2ff499efb8d4a6d371d175d7dd,SP,79,84,3702.29,1124.57,44.07488095238095,30,79,11,0.13924050632911392,3.8227848101265822
06df0c10d34e459d9672bc77388742eb,PR,26,30,9070.00,525.77,302.3333333333333,1,26,3,0.11538461538461539,4.346153846153846
a938325a4b357fd23a6a4d5bb126408e,RJ,24,25,3231.00,560.81,129.24,20,24,1,0.041666666666666664,3.8333333333333335
30a2f535bb48308f991d0b9ad4a8c4bb,SP,71,87,4731.30,1084.06,54.38275862068966,20,71,2,0.028169014084507043,4.291666666666667
5f2684dab12e59f83bef73ae57724e45,SP,68,74,9000.87,1122.19,121.63337837837838,29,68,4,0.058823529411764705,3.8088235294117645
b2c97074649f92197d9387d9033dda5f,SP,10,11,684.71,279.37,62.24636363636364,9,10,1,0.1,4.7
fadb07c842a2aef5d5a676b85f220e71,SP,7,7,398.75,171.62,56.964285714285715,6,7,0,0.0,4.714285714285714
fffd5413c0700ac820c7069d66d98c89,SP,60,61,9062.30,2833.74,148.56229508196722,29,60,8,0.13333333333333333,3.847457627118644
0570350b23eda5444f8d1d9544932058,SP,6,11,626.90,124.86,56.99090909090909,3,6,0,0.0,5.0
4e7c18b98d84e05cbae3ff0ff03846c2,SP,82,89,9177.90,2875.98,103.12247191011235,31,82,4,0.04878048780487805,4.180722891566265
0885aaf116795758dfeb5f1032487bcd,SP,28,30,2648.00,514.32,88.26666666666667,20,28,1,0.03571428571428571,4.214285714285714
45d33f715e24d15a6ccf5c17b3a23e3c,SP,59,61,4838.23,903.93,79.31524590163934,32,59,4,0.06779661016949153,4.016949152542373
c9a06ece156bb057372c68718ec8909b,DF,14,14,4688.90,540.72,334.9214285714286,3,14,0,0.0,3.0
42ef3192a9ff87a22d1867b74b3ee205,SP,23,23,1354.09,301.88,58.87347826086957,20,23,0,0.0,4.6521739130434785
eba88037e1dca898cd02881f67ced679,SP,6,6,838.10,93.47,139.68333333333334,4,6,1,0.16666666666666666,4.333333333333333
099095b050cfe8eb1ddff5317587e96e,SP,17,20,5193.83,715.32,259.6915,11,17,3,0.17647058823529413,3.235294117647059
4e6015589b781adaa5ce7f1892d06bb1,SP,3,3,684.00,56.50,228.0,1,3,0,0.0,3.6666666666666665
851773c885feb5e2da3b4f82bc2b17ce,SP,10,10,585.30,251.83,58.53,8,10,2,0.2,4.2
05d2173d43ea568aa0540eba70d2ca76,MG,62,66,5759.66,1679.27,87.26757575757576,48,62,4,0.06451612903225806,4.183333333333334
f7496d659ca9fdaf323c0aae84176632,SP,26,27,5087.57,844.94,188.42851851851853,16,26,2,0.07692307692307693,4.576923076923077
e560e4022d8f7aebf155db95946c5c0f,MG,2,2,780.00,90.21,390.0,1,2,0,0.0,5.0
fa1a9dec3a9940c072684a46728bf1fc,SC,55,60,6674.00,1201.71,111.23333333333333,35,55,0,0.0,4.111111111111111
f63d8f293af3a6454377546bd9dd19ff,SP,17,28,1751.82,495.13,62.565,11,17,2,0.11764705882352941,4.470588235294118
5741dc2bf5044c34d0698681c5081bed,SP,3,3,89.70,34.05,29.9,2,3,0,0.0,5.0
850913d59ce317156b00f3705f1c3edb,SP,32,34,2690.00,580.96,79.11764705882354,9,32,5,0.15625,3.4375
33c51922b6e3c16b24a8f28e5833c99d,PR,18,20,6657.87,368.01,332.8935,11,18,1,0.05555555555555555,4.235294117647059
bb5bd94c8f59cc050072d2930c869cac,SP,16,17,2543.87,302.77,149.63941176470587,12,16,1,0.0625,4.176470588235294
9906e7aa42a3c067b7c9a564d01c4320,PR,12,16,2619.00,496.60,163.6875,2,12,2,0.16666666666666666,4.5
c8771b1a10bb99bb34d3c459c5cffb53,SP,1,1,64.90,31.20,64.9,1,1,0,0.0,5.0
aae5e7b457a3c72ee230a47d98fceda5,PR,5,7,604.80,140.77,86.4,2,5,0,0.0,4.2
efff9341f3f8f5237b44ff67ed36a7bf,ES,5,5,872.99,99.66,174.598,4,5,0,0.0,4.4
11305281b50fff20ae8bb473f8e11876,MG,35,40,6528.70,1444.51,163.2175,18,35,4,0.11428571428571428,4.314285714285714
1cbd50a8c52e6cf8e315c5709fab386f,PR,9,9,785.97,220.69,87.33,7,9,1,0.1111111111111111,3.7777777777777777
7a9c12e235c36247c3c81f50d6ea9cea,SP,5,5,983.90,115.69,196.78,5,5,0,0.0,4.6
be9a160a9011f627c3e121d076c1ec7b,SC,7,7,2934.00,248.52,419.14285714285717,7,7,0,0.0,3.5714285714285716
179d859f51292aac5c10806a356f7af9,SP,18,19,404.47,395.80,21.287894736842105,8,18,3,0.16666666666666666,4.388888888888889
fdaaf5bfda82b7b80535610c831b8d09,SP,10,15,2588.90,259.42,172.59333333333333,12,10,1,0.1,4.2
376a891762bbdecbc02b4b6adec3fdda,GO,57,58,6406.23,1287.40,110.45224137931035,13,57,2,0.03508771929824561,4.666666666666667
ad8ada0ffa993cb1197d102d9ab21a3e,MG,1,2,599.80,56.36,299.9,1,1,0,0.0,1.0
d9442042130b7fe579d1295f9f4a248f,SP,19,22,772.16,338.88,35.09818181818182,8,19,1,0.05263157894736842,4.368421052631579
dc120d932ddf9d4dfb6fd68beefda622,PR,1,1,130.00,14.44,130.0,1,1,0,0.0,1.0
44ed138eca6214d572ce1d813fb0049b,RS,2,3,129.79,56.01,43.263333333333335,2,2,0,0.0,4.5
5bf397d04035b5f45cc41e82ec106803,SP,3,4,1525.00,47.28,381.25,2,3,0,0.0,4.333333333333333
2fb25ab44bdbeae6a4d816e0d0c9d500,RJ,5,5,683.08,78.21,136.616,2,5,0,0.0,4.8
ec933281fb017b5020d06df29c3f77e8,SP,8,8,1432.00,230.85,179.0,3,8,0,0.0,5.0
5305693ffae2d3463377b1f6fe67b15a,SP,1,1,93.56,12.99,93.56,1,1,0,0.0,5.0
8629c241b3622ac12cd4118afdc8d394,SP,13,13,1167.66,334.36,89.82,6,13,1,0.07692307692307693,4.076923076923077
800214c63934acd05d47e84214db8ba8,SC,4,4,259.60,61.74,64.9,4,4,0,0.0,5.0
5c3460cd3e8a984382ae254e7dd20d9f,SP,9,10,775.76,198.54,77.576,5,9,0,0.0,4.666666666666667
70b52a4cfc823994561b00bad161b4ed,SP,8,10,585.00,100.35,58.5,1,8,0,0.0,4.375
debe6615cd90cc0c2eac2b8988e1f628,SP,5,5,278.50,95.53,55.7,3,5,0,0.0,4.6
98dddbc4601dd4443ca174359b237166,PR,2,2,158.00,53.67,79.0,1,2,0,0.0,5.0
ff4e2d38692ce827b1a4f4b8196e680d,SP,11,11,518.90,150.28,47.17272727272727,3,11,0,0.0,4.2727272727272725
7c4402417d51474d4d0cda9557340e40,SP,1,1,119.90,27.69,119.9,1,1,0,0.0,5.0
a08692680c77d30a0b4280da5df01c5a,SP,6,17,2433.00,227.91,143.11764705882354,4,6,0,0.0,5.0
c447f8dd3ed213f291d65ef074a268eb,SP,7,8,655.00,122.23,81.875,4,7,0,0.0,3.7142857142857144
91f5779a8731baca4809fdeade81803f,RJ,6,6,1971.46,145.63,328.57666666666665,5,6,0,0.0,3.8333333333333335
8c5e007d7bd5693fa1386ffefbc99f6c,SP,9,24,1029.11,378.30,42.879583333333336,9,9,0,0.0,4.333333333333333
3969863bb8af7f72580b3b1ffd3a17b3,SP,12,13,623.15,226.87,47.934615384615384,5,12,0,0.0,4.083333333333333
51e0557bc7b86de13e946c60ee91ce39,MG,1,1,45.80,17.60,45.8,1,1,0,0.0,5.0
ead2bab70821ea148476ae9bc08548ac,MG,9,9,412.10,116.20,45.78888888888889,4,9,0,0.0,4.3
8a9260f2b0340411d6d2a56bcf4f7378,MG,8,9,1256.00,140.94,139.55555555555554,4,8,1,0.125,4.75
cb5ff1b9715e99589f3e0c7a6afab9e3,PR,4,4,85.00,54.03,21.25,2,4,0,0.0,4.0
8fb67a334bacec338885b4e9e1708073,PR,1,1,59.90,38.52,59.9,1,1,0,0.0,5.0
933446e9a59dece7ae9175103820ca8f,PR,2,3,381.39,57.46,127.13,2,2,0,0.0,3.0
d7b2377bae6ace1b11fc69a11900ac36,SP,4,4,329.60,51.96,82.4,4,4,1,0.25,3.25
2aafae69bf4c41fbd94053d9413e87ee,RS,2,2,94.00,29.87,47.0,2,2,0,0.0,4.5
8f2b51a30523cdecddc2f179f351c7d6,SP,7,8,1027.90,148.33,128.4875,4,7,0,0.0,4.142857142857143
6bb66d9870c2e01c05655c7ed0e7ee13,SP,3,3,269.00,52.02,89.66666666666667,1,3,0,0.0,3.6666666666666665
4e326052e5dbba8adcd512f3450a307e,SP,3,6,570.00,85.96,95.0,1,3,0,0.0,2.3333333333333335
b18871c324516afa228a13e8f1ef0ae9,SP,9,23,1064.60,243.80,46.28695652173913,5,9,1,0.1111111111111111,3.4444444444444446
700f03c207639c22d933381ff60b35c2,SP,4,4,1189.86,136.45,297.465,3,4,2,0.5,4.0
7c4618c82226628831613e95e9c22f44,SP,13,13,333.93,165.54,25.686923076923076,5,13,2,0.15384615384615385,4.076923076923077
c42fd8e4d47dfb18ce5222f2dd7752f9,SP,7,11,466.99,161.64,42.45363636363636,9,7,2,0.2857142857142857,3.8
f00f5b35d0abcacbdd863672f4bb2c1a,SP,1,1,299.00,14.43,299.0,1,1,0,0.0,4.0
ce33c6211beaa8fef4cae8b52db39862,SP,1,1,49.00,14.52,49.0,1,1,0,0.0,3.0
c5f7feb04a6a1fb3596322bfc3cf1917,SP,11,11,1720.60,337.86,156.4181818181818,10,11,1,0.09090909090909091,4.2727272727272725
a1474fd46fd3430168f7ec202da39408,SP,12,14,2752.50,661.02,196.60714285714286,8,12,2,0.16666666666666666,4.333333333333333
98115075dd26cb8835946fc6086f5d30,SP,4,4,434.96,56.24,108.74,3,4,0,0.0,4.75
bbf4a892cac7b82422baa711dffb8997,PR,1,1,70.00,35.34,70.0,1,1,0,0.0,5.0
968268a686aa05d1f529fb07dff08130,SP,12,12,4677.29,203.55,389.77416666666664,4,12,0,0.0,3.5
515d781150feed28a6ac091bb0e3cb8c,MS,6,6,1002.35,152.37,167.05833333333334,3,6,0,0.0,4.166666666666667
2ba91c7ad80ff88b23b7db823b43c233,SP,6,6,740.40,99.93,123.4,4,6,2,0.3333333333333333,3.8333333333333335
5ef131ac72773e5b3f6c0d63cf424657,SP,10,11,575.79,246.20,52.344545454545454,8,10,0,0.0,4.1
3a3e46d10f74d8a6ca76e2b538f106a0,SP,3,6,334.90,75.08,55.81666666666667,3,3,1,0.3333333333333333,3.3333333333333335
989becdce12ebc39863c2bceab6f3ca1,PR,18,18,7840.88,1052.45,435.6044444444444,8,18,2,0.1111111111111111,4.555555555555555
77714512e8d4dda9c234da8e3faf16e4,SP,4,6,243.40,105.58,40.56666666666667,5,4,0,0.0,4.25
90b36c5aeb728d5504a39f435bef0c5f,SP,5,7,207.86,132.37,29.694285714285716,3,5,0,0.0,4.2
51209b446b2073894bdc0face6c73ffc,ES,2,4,359.60,79.28,89.9,1,2,0,0.0,4.0
e628d4a53c109f09ca88098338b3a3f5,MG,1,1,285.00,58.90,285.0,1,1,0,0.0,1.0
f1b854361f4e15d5851b494df66f22b2,RJ,3,4,1168.80,306.44,292.2,3,3,0,0.0,3.3333333333333335
b88e7c57cb2d8b973b7dd4a2bfa14b36,PR,4,4,353.90,65.77,88.475,3,4,0,0.0,4.25
4e480be820e37de1444325ff358c9296,MG,1,2,430.30,143.44,215.15,1,1,0,0.0,5.0
04aa0a1c5ce6b222003403a3e11c3cc0,SP,11,17,5518.00,821.51,324.5882352941176,8,11,2,0.18181818181818182,4.090909090909091
e45edf75f568ed2f93f78d060e246e25,RJ,6,7,164.30,113.92,23.47142857142857,6,6,1,0.16666666666666666,4.166666666666667
4e0d109ccfba9a1151c103049880c857,RJ,2,2,279.89,67.84,139.945,2,2,0,0.0,3.0
a53f60f05f822b5c621a50ff6a5cb362,MG,4,6,415.40,129.13,69.23333333333333,4,4,0,0.0,3.6666666666666665
ba8e85df286308fe68a2ce83a8f8b2d6,SC,1,1,80.90,16.76,80.9,1,1,0,0.0,5.0
f524ad65d7e0f1daab730ef2d2e86196,RS,1,2,578.00,31.50,289.0,1,1,1,1.0,1.0
45c20d94d9171b0bcfab3c955e47d67b,SP,4,4,129.46,81.11,32.365,4,4,0,0.0,4.5
fa5fdc4e4bb6bd1009ad0e4ac4096562,SP,1,1,161.99,32.86,161.99,1,1,0,0.0,5.0
954e95f20808d7e5d11f0de292d078e0,MG,3,4,158.78,119.18,39.695,2,3,0,0.0,4.666666666666667
8dd386be0767c330276ea6a3f96532d3,SC,1,2,89.98,44.50,44.99,1,1,0,0.0,5.0
734def04b237117a09321dd6d8f3f2a2,SP,2,2,1252.43,28.80,626.215,2,2,0,0.0,5.0
4bde6149c15cf7e177b36fa060dd6de8,RS,2,2,159.80,32.66,79.9,2,2,0,0.0,5.0
dcb7367a92f5ffb89f1e2152ed260285,SP,1,1,79.90,18.44,79.9,1,1,0,0.0,5.0
3492e68f37fd1df87f4f2f2ea247f445,SP,8,9,787.86,169.40,87.54,5,8,1,0.125,3.875
668bf321538e5072858eaef6087ce027,PR,1,1,19.90,8.11,19.9,1,1,0,0.0,5.0
6614814a00d344b846ae209f95ee7e3f,SP,1,1,13.00,12.69,13.0,1,1,0,0.0,1.0
c97aa4ee7420f937da13b7f9e2228b99,RS,1,1,29.90,6.66,29.9,1,1,0,0.0,1.0
1d0997ff06b524ce9289ffd75114ecd3,PE,3,3,3747.00,126.57,1249.0,3,3,1,0.3333333333333333,3.6666666666666665
3c88ed2e76a2247933a15daa7161eb1c,SP,1,1,155.00,151.20,155.0,1,1,0,0.0,5.0
1c83418358f249c9d6affa52d579db0e,SP,1,1,24.90,14.52,24.9,1,1,0,0.0,5.0
c963a25b8671419c6ce9eebe8fd03218,RJ,1,1,49.00,19.32,49.0,1,1,0,0.0,5.0
5e9f5bd34e0830569f05c9d4f56e04a8,RS,2,2,239.98,34.88,119.99,1,2,0,0.0,4.5
6a53b90c3ad9e0b56d9fe5c69165fff5,PR,2,4,139.78,55.00,34.945,2,2,0,0.0,3.5
cad9969167c09b48ae6f1d123f7fa68d,MG,2,2,43.20,26.98,21.6,2,2,0,0.0,3.0
134b867a0f7f8bbe6abf10f91874891e,SP,1,1,789.89,132.95,789.89,1,1,0,0.0,4.0
fc4751cfe3b279c419615b9b00c1abb4,PR,1,1,453.70,17.35,453.7,1,1,0,0.0,5.0
723a46b89fd5c3ed78ccdf039e33ac63,RS,1,1,66.64,23.40,66.64,1,1,0,0.0,4.0
533d46c1b06970e99f09523a61df4972,SP,2,2,159.98,32.64,79.99,1,2,0,0.0,4.5
b2f4d63c7203f539a78252565ca32257,RJ,1,1,14.90,20.84,14.9,1,1,0,0.0,5.0
f3511c85f59f8dec53d140501ee8e7a8,PR,1,1,69.90,8.11,69.9,1,1,0,0.0,5.0
ca5832c6960267b71041f74bb39e8b12,SC,1,1,79.90,17.81,79.9,1,1,1,1.0,1.0
5f57db27027655e6c6a391601daa0258,ES,1,1,98.00,53.04,98.0,1,1,0,0.0,5.0
385799a1cddbd26dfeb9157356a42282,SP,5,7,633.93,82.61,90.56142857142858,4,5,0,0.0,4.0
b906dd0e57f282c7089171b6ed07982e,PR,2,2,175.00,35.75,87.5,2,2,0,0.0,4.0
20a7efa9721046319bdde5d60b6b5365,SP,3,6,501.20,95.39,83.53333333333333,2,3,0,0.0,5.0
34aefe746cd81b7f3b23253ea28bef39,PR,1,1,8.00,14.52,8.0,1,1,0,0.0,1.0
253c025bab43881055aeecde5e2d8b77,PR,2,2,94.82,29.51,47.41,1,2,1,0.5,4.5
13d95f0f6f73943d4ceffad0fc2cd32c,GO,1,1,249.99,59.33,249.99,1,1,1,1.0,3.0
3ded4e2d5f135cb103e5949d7263d2dd,MG,1,1,49.90,12.48,49.9,1,1,0,0.0,5.0
4dc646b9b9e8e411ef48ba000ea3ac6f,SP,4,5,289.70,63.56,57.94,4,4,1,0.25,2.75
96f7c797de9ca20efbe14545bed63eec,SP,1,3,138.60,38.37,46.2,1,1,0,0.0,1.0
9599519be538b98748162a2b48248960,SP,1,3,570.00,60.06,190.0,1,1,0,0.0,1.0
389e45560e33d2d0747f949dcddbc08e,SP,1,1,39.00,8.43,39.0,1,1,0,0.0,5.0
5882f40daf39bc2a465e0cb453ddc222,SP,1,1,640.00,58.90,640.0,1,1,0,0.0,2.0
f049a72cf58fd31b11f8919cade515e7,SP,3,4,138.75,32.24,34.6875,3,3,0,0.0,3.3333333333333335
698f5fa55a5f73d0740e9d9a773e8093,RJ,4,6,120.00,83.99,20.0,2,4,0,0.0,4.75
5a32c398a06c345440bf2a683b017ad3,RJ,2,2,79.80,23.17,39.9,2,2,0,0.0,3.0
6561d6bf844e464b4019442692b40e02,SP,1,1,41.90,7.55,41.9,1,1,0,0.0,5.0
a7c53f6b3b61adbdaa99dda97e8cbd56,SP,1,1,99.00,11.30,99.0,1,1,0,0.0,4.0
aded58c8142dedc5494a81f948431fab,RJ,4,5,289.50,89.98,57.9,4,4,0,0.0,3.75
247587846358bb1d2e4c6522020b36fe,SP,1,1,99.00,22.51,99.0,1,1,0,0.0,5.0
2b402d5dc42554061f8ea98d1916f148,BA,1,1,299.89,63.90,299.89,1,1,0,0.0,5.0
7963e546f34e098b578f9ad102494601,SP,1,1,60.99,21.23,60.99,1,1,0,0.0,5.0
26e2e5033827d2ba53929f43e03d8ffe,SP,1,1,139.49,15.29,139.49,1,1,0,0.0,5.0
447d377bdb757058acb569025ee18a93,RS,1,1,64.99,18.02,64.99,1,1,0,0.0,5.0
9b00cad94ef3078faf6fba2e792c158f,MG,1,1,354.90,18.92,354.9,1,1,0,0.0,5.0
623ad9d0c1e14bb5464a8c72bff7b4af,MG,1,1,95.00,38.96,95.0,1,1,0,0.0,4.0
b3809b8d4394588a47c8470ea331e135,SP,1,1,89.00,7.88,89.0,1,1,0,0.0,4.0
2078fe5066350e7d220c0ad3a3bbc6c1,PR,1,1,29.90,38.14,29.9,1,1,0,0.0,2.0
cad10cc982ab6a391570c211b995c17c,SP,1,1,47.40,12.79,47.4,1,1,0,0.0,5.0
3fefda3299e6dfaea3466ef346a3571a,PR,1,1,209.00,16.21,209.0,1,1,0,0.0,4.0
ba143b05f0110f0dc71ad71b4466ce92,SP,85,86,6110.58,1343.01,71.05325581395348,22,85,13,0.15294117647058825,4.416666666666667
fe2032dab1a61af8794248c8196565c9,SP,294,306,65959.61,4721.34,215.55428104575162,70,294,26,0.08843537414965986,4.375862068965517
6560211a19b47992c3666cc44a7e94c0,SP,1854,2033,123304.83,27960.94,60.65166256763404,256,1854,117,0.06310679611650485,3.937093275488069
8f78f0903005064036736c7173a5c2ed,MG,13,21,2113.70,632.25,100.65238095238095,10,13,1,0.07692307692307693,3.769230769230769
a2deecd5398f5df4987110c80a1972a3,SP,16,16,827.43,292.10,51.714375,7,16,0,0.0,3.7058823529411766
c54679b132454625907c773d273d4126,SP,7,8,1032.00,107.93,129.0,2,7,0,0.0,4.857142857142857
7d13fca15225358621be4086e1eb0964,SP,565,578,113628.97,8632.05,196.58991349480968,57,565,68,0.12035398230088495,4.024955436720143
06e5eefc71ec47ae763c5c6f8db7064f,RS,92,95,22188.56,2193.28,233.5637894736842,35,92,2,0.021739130434782608,3.922222222222222
23d7c96d4a1160db1c726b248601b25a,SP,53,55,11766.94,1379.58,213.94436363636365,40,53,6,0.11320754716981132,3.803921568627451
85d9eb9ddc5d00ca9336a2219c97bb13,MG,509,522,15415.24,8614.34,29.531111111111112,64,509,18,0.03536345776031434,4.18467583497053
7ad32824caee82087b3e2e5f33b1bf32,SP,151,184,22505.10,3545.22,122.31032608695652,75,151,21,0.1390728476821192,3.8378378378378377
1c68394e931a64f90ea236c5ea590300,PR,142,171,24832.75,2896.41,145.22076023391813,39,142,5,0.035211267605633804,3.918918918918919
1025f0e2d44d7041d6cf58b6550e0bfa,SP,915,1428,138968.55,33892.14,97.31691176470588,154,915,92,0.1005464480874317,3.989059080962801
bce6a5ecf98e99fd2a8868b15c51f04b,SP,14,15,3464.90,241.60,230.99333333333334,3,14,3,0.21428571428571427,4.071428571428571
f3295428338a40977a03f555246a70f4,ES,7,7,644.98,124.40,92.14,7,7,2,0.2857142857142857,3.5714285714285716
6b243f80ed07b10f0e8aa0f21a205f3c,PR,79,89,6260.10,1547.30,70.338202247191,31,79,3,0.0379746835443038,4.265822784810126
1a3df491d1c4f1589fc2b934ada68bf2,SC,167,178,23302.70,4291.42,130.91404494382022,5,167,9,0.05389221556886228,4.183431952662722
b17b679f4f5ce2e03ce6968c62648246,SP,55,57,4084.75,1076.07,71.66228070175438,36,55,9,0.16363636363636364,3.709090909090909
c9c7905cffc4ef9ff9f113554423e671,SP,127,139,10657.18,2109.53,76.67035971223022,22,127,13,0.10236220472440945,4.1484375
0d83f8e03188682112cc0d93523705cc,RS,4,8,696.26,124.31,87.0325,2,4,1,0.25,3.75
db4350fd57ae30082dec7acbaacc17f9,SP,137,146,3331.31,2090.33,22.81719178082192,51,137,5,0.0364963503649635,4.139705882352941
3785b653b1b82de85ab47dd139938091,PR,21,24,1552.00,481.27,64.66666666666667,7,21,0,0.0,4.7272727272727275
dbd66278cbfe1aa1000f90a217ca4695,SP,85,99,4928.90,1543.87,49.78686868686869,18,85,5,0.058823529411764705,4.5058823529411764
813348c996469b40f2e028d5429d3495,SP,179,202,11205.83,3594.60,55.47440594059406,4,179,9,0.05027932960893855,4.057142857142857
cd06602b43d8800bd0afad514919d35c,SP,44,53,2588.07,747.26,48.83150943396227,20,44,2,0.045454545454545456,3.6818181818181817
33576ec5412fb5905d876f12f33bfde6,PR,31,32,2718.00,569.98,84.9375,1,31,1,0.03225806451612903,4.09375
cac876b37d3abcd6bd76caca30277996,PR,27,33,2229.77,729.02,67.56878787878787,14,27,1,0.037037037037037035,4.461538461538462
06579cb253ecd5a3a12a9e6eb6bf8f47,SP,62,72,4727.20,1499.41,65.65555555555555,11,62,8,0.12903225806451613,4.080645161290323
b1204cfda1d4948679db3cfc0d3cb95c,SP,7,11,2903.70,174.45,263.9727272727273,4,7,0,0.0,4.0
d2374cbcbb3ca4ab1086534108cc3ab7,SP,524,631,21223.92,9593.88,33.63537242472266,111,524,30,0.05725190839694656,3.7518796992481205
0bae85eb84b9fb3bd773911e89288d54,SP,137,146,7482.21,2924.19,51.24801369863014,45,137,1,0.0072992700729927005,4.2700729927007295
4324dd16853115efb0fd9d0d131ba6f4,SP,12,18,1052.25,327.22,58.458333333333336,6,12,1,0.08333333333333333,4.083333333333333
7b07b3c7487f0ea825fc6df75abd658b,SP,93,98,9731.85,1342.79,99.30459183673469,65,93,4,0.043010752688172046,4.354838709677419
1b8356dabde1d35e17cef975c3f82730,SP,56,61,3426.39,987.22,56.17032786885246,14,56,1,0.017857142857142856,4.160714285714286
95ec4458365c4d11f452ccf538377619,SP,27,31,1866.76,436.67,60.21806451612903,15,27,1,0.037037037037037035,4.615384615384615
e2aee0892199b1d92530e371abd825bf,PR,38,41,5662.57,2654.72,138.11146341463416,13,38,5,0.13157894736842105,3.789473684210526
8e8a7ce9f2f970dc00e2acf6f6e199f6,RJ,65,66,9101.00,1183.82,137.8939393939394,6,65,6,0.09230769230769231,3.9846153846153847
76d64c4aca3a7baf218bf93ef7fa768d,PR,64,69,16911.80,3543.49,245.09855072463768,37,64,2,0.03125,4.230769230769231
aa762680c40618316a896838866140ea,PR,3,3,261.00,62.46,87.0,1,3,1,0.3333333333333333,3.3333333333333335
ffad1e7127fb622cb64a900751590acd,SP,10,15,884.30,206.53,58.95333333333333,8,10,0,0.0,4.8
312ba1d77e9c332ef21f9598b7f64cd7,SP,9,10,756.00,132.05,75.6,4,9,4,0.4444444444444444,3.0
75d34ebb1bd0bd7dde40dd507b8169c3,BA,62,72,15048.28,1431.23,209.0038888888889,18,62,9,0.14516129032258066,3.7419354838709675
951e8cef368f09bb3f3d03c00ca4702c,SP,64,71,4092.29,1400.80,57.63788732394366,49,64,5,0.078125,4.081967213114754
cfe94489ddd337d1e29e12f2a7205d10,SP,20,24,2376.00,296.82,99.0,1,20,2,0.1,4.3
c68fb906c8f4b4b946d8386bfa6e5467,SP,45,48,4541.16,892.45,94.6075,36,45,1,0.022222222222222223,4.5227272727272725
1caf283236cd69af44cbc09a0a1e7d32,RJ,33,37,917.60,612.65,24.8,22,33,3,0.09090909090909091,4.606060606060606
d94a40fd42351c259927028d163af842,MG,101,110,13823.80,3397.14,125.67090909090909,17,101,4,0.039603960396039604,4.181818181818182
e882b2a25a10b9c057cc49695f222c19,RJ,57,58,51057.54,2856.22,880.3024137931035,19,57,0,0.0,4.593220338983051
138dbe45fc62f1e244378131a6801526,SP,49,58,1125.56,689.24,19.406206896551723,22,49,2,0.04081632653061224,4.081632653061225
cbd996ad3c1b7dc71fd0e5f5df9087e2,SP,165,196,8411.04,2873.92,42.9134693877551,13,165,14,0.08484848484848485,4.149068322981367
198c7ea11960a9844b544d9bcdca860c,MG,25,25,1733.75,491.63,69.35,4,25,3,0.12,3.88
d94ba08b99bedd6a5f6c875ecc4a6fac,PR,9,10,599.00,179.27,59.9,1,9,0,0.0,4.777777777777778
8f54d64f28a993550aa7943f12572959,MG,15,16,2755.50,377.62,172.21875,10,15,1,0.06666666666666667,3.7333333333333334
6524b847b982cd56bb5d4b02b776ee42,SP,1,2,779.80,55.14,389.9,1,1,1,1.0,4.0
455c5640e8c5bd1b2ee85c0158f85727,SC,8,8,6729.50,457.39,841.1875,7,8,0,0.0,4.5
093805f8f2aeb63881444571e1f48f30,SP,22,27,1215.79,343.94,45.02925925925926,18,22,1,0.045454545454545456,4.181818181818182
8b8cfc8305aa441e4239358c9f6f2485,PR,15,15,11892.00,1218.70,792.8,6,15,2,0.13333333333333333,4.2
bf100ecb7997df312b285358fb32f92c,PR,20,21,1991.90,345.11,94.85238095238095,9,20,0,0.0,4.444444444444445
5b8154610ebb21fb90eb587365e673df,SP,38,41,9397.54,1077.44,229.20829268292684,17,38,4,0.10526315789473684,4.184210526315789
f9903dd0f812c7e771fcad47b6fff231,SC,10,15,1684.85,416.63,112.32333333333334,9,10,0,0.0,3.2
6eeed17989b0ae47c9f11ece6f38ea90,SP,3,3,557.00,119.01,185.66666666666666,2,3,0,0.0,3.6666666666666665
2be17df1c49978426251562096c3cc09,SC,16,16,2165.00,312.55,135.3125,10,16,1,0.0625,4.1875
f12d3c2a14729ae461b920c11fe20fdc,SP,9,11,364.45,94.87,33.13181818181818,4,9,0,0.0,4.444444444444445
f7720c4fa8e3aba4546301ab80ea1f1b,PR,60,78,2083.45,1335.52,26.710897435897436,28,60,3,0.05,4.19672131147541
2379bdc3888025689a9deb7b141507d5,SP,9,9,999.50,126.11,111.05555555555556,8,9,3,0.3333333333333333,4.333333333333333
2b3e4a2a3ea8e01938cabda2a3e5cc79,SP,52,54,23629.15,905.95,437.57685185185187,13,52,0,0.0,4.365384615384615
7aa538dd6e114e503a2e6154ea352253,SP,5,5,1016.68,101.92,203.336,4,5,0,0.0,4.4
751bdc4d83a466c7206cd42e8f426b03,SP,54,71,6648.93,1054.81,93.6469014084507,38,54,1,0.018518518518518517,3.7547169811320753
f805b96fa705ba7995a221f1749dc141,PR,7,7,2744.44,242.43,392.0628571428571,6,7,0,0.0,4.428571428571429
3d2531eccfbde1d7c8db7a3a12fb267a,MG,10,10,1999.54,213.06,199.954,2,10,0,0.0,4.222222222222222
e96498ed8daaa3e9c23f7a62da76591c,SP,34,34,9619.09,713.10,282.9144117647059,23,34,5,0.14705882352941177,3.9411764705882355
3fe7120d6257285ac6a3ce7cb071ccec,MG,2,2,199.98,28.28,99.99,1,2,0,0.0,3.5
6f229cc508fc6915ed5c499efd93baa4,RJ,13,14,2654.80,333.88,189.62857142857143,12,13,2,0.15384615384615385,4.384615384615385
3bdff180c7e1f6551a643b99c265a120,SP,59,61,3114.90,1046.96,51.06393442622951,17,59,3,0.05084745762711865,4.086206896551724
b18dc380845b24038cfc48006478f099,SP,44,54,8353.30,895.63,154.69074074074075,12,44,7,0.1590909090909091,4.1395348837209305
403aa86912527d730337ffcb0fb096ab,MG,11,11,8959.89,204.62,814.5354545454545,6,11,0,0.0,4.0
70eea00b476a314817cefde4aad4f89a,SP,108,114,31994.65,2769.52,280.65482456140353,30,108,8,0.07407407407407407,4.383177570093458
3481aa57cd91f9f9d3fa1fa12d9a3bf7,SP,25,25,1773.03,774.14,70.9212,7,25,0,0.0,3.88
f543ba3c973276f519d89d59bd46cead,SP,2,2,258.00,164.04,129.0,1,2,0,0.0,2.3333333333333335
d9e7e7778b32987280a6f2cb9a39c57d,SP,11,13,722.50,263.89,55.57692307692308,7,11,4,0.36363636363636365,3.5454545454545454
1e47defeeadeca0e9a18fa5a9311e735,SP,3,3,234.12,57.50,78.04,3,3,0,0.0,5.0
9803a40e82e45418ab7fb84091af5231,GO,11,18,4278.75,512.63,237.70833333333334,13,11,0,0.0,3.727272727272727
cc1f04647be106ba74e62b21f358af25,SP,1,1,11.90,8.29,11.9,1,1,0,0.0,1.0
42fa4ee7240e9b8eb4576358ec142ba7,RS,22,22,3845.70,518.77,174.80454545454546,7,22,0,0.0,4.809523809523809
0aea4c6ae1505b3228ddf3dd7822ee5b,SP,8,8,1427.91,151.75,178.48875,8,8,2,0.25,3.875
b586cd24c010a13916af621b0325fbba,SC,6,7,1108.94,263.99,158.42,7,6,0,0.0,3.8333333333333335
ffdd9f82b9a447f6f8d4b91554cc7dd3,PR,18,20,2101.20,727.46,105.06,12,18,0,0.0,4.333333333333333
3076499bbc033a927bf4a8a41bcf7fd4,SP,7,9,359.33,124.30,39.925555555555555,7,7,0,0.0,4.285714285714286
0d85bbda9889ce1f7e63778d24f346eb,MG,51,58,4845.20,1624.50,83.53793103448275,17,51,6,0.11764705882352941,4.2
a44fb5a447105f8469bdf16bf9159f25,RS,19,19,3706.10,586.61,195.05789473684212,11,19,5,0.2631578947368421,4.052631578947368
0ee4fb99ac55ffbbc98795aa01b7f8fa,SP,1,1,59.90,11.03,59.9,1,1,0,0.0,5.0
3a52d63a8f9daf5a28f3626d7eb9bd28,SP,1,1,35.00,17.78,35.0,1,1,0,0.0,1.0
ca4b77513ac2040591b0d8fae6958380,SP,14,15,1772.45,201.17,118.16333333333333,12,14,3,0.21428571428571427,4.5
4eb61f060e7dcc1d5a80d806c35cc541,SP,8,8,1313.00,153.12,164.125,3,8,0,0.0,3.875
054694fa03fe82cec4b7551487331d74,SP,21,22,9983.10,720.65,453.7772727272727,15,21,6,0.2857142857142857,3.4761904761904763
7ecd59e5e20407131822c1a68ac59c1f,DF,24,29,1466.71,587.81,50.576206896551724,5,24,4,0.16666666666666666,4.416666666666667
921323538c9f1c4e816f2720eac02bea,SP,15,17,1401.84,240.36,82.46117647058824,10,15,3,0.2,3.933333333333333
c5e60e39c0f42b8e827daa13cff74afa,SP,6,8,134.00,89.10,16.75,4,6,1,0.16666666666666666,4.5
c60b801f2d52c7f7f91de00870882a75,SP,41,41,12913.50,739.39,314.9634146341463,18,41,8,0.1951219512195122,3.317073170731707
4aba6a02a788d3ec81c03137144d9a80,SC,1,1,89.90,15.38,89.9,1,1,0,0.0,5.0
3364a91ec4d56c98e44174de954b94f6,RO,6,6,3579.94,273.91,596.6566666666666,4,6,0,0.0,3.8333333333333335
577719699805dd125d5b6fdde5943bba,RS,8,8,1077.80,209.56,134.725,8,8,1,0.125,4.375
f419677537694f0462a91990df6ca44f,SP,6,6,220.50,78.78,36.75,6,6,1,0.16666666666666666,4.0
612a743d294c27884fb7b80d2b19ba35,PR,2,3,3057.70,104.45,1019.2333333333333,2,2,0,0.0,4.5
76833248bbc0e65a0293ec62023e4396,SP,2,2,2399.98,230.70,1199.99,2,2,0,0.0,5.0
d51e0a403fe2e689ece6c73359d96e12,SP,19,26,7790.00,673.02,299.61538461538464,5,19,2,0.10526315789473684,4.105263157894737
2a7c6c0b0d5efde2bf75ec1e1cec2d41,PR,3,3,147.60,44.44,49.2,3,3,0,0.0,3.3333333333333335
f4ce8ca9fa7157e3b33f536ac9a4487d,SP,4,4,409.60,97.53,102.4,3,4,0,0.0,4.75
6902157ee16728322d61a1321fa79e58,SP,2,2,159.80,31.63,79.9,1,2,0,0.0,3.0
a5dd1946fb63ada8bcaa0c9cd8f11e22,PE,6,7,219.62,206.71,31.374285714285715,6,6,0,0.0,3.8333333333333335
5f5a58930c3c35f3b5af264f34fb8c85,SP,3,3,560.00,68.59,186.66666666666666,2,3,0,0.0,5.0
a218df5c097b0ca409cfaac1488cc7f6,SP,4,4,130.69,110.01,32.6725,4,4,0,0.0,2.75
a1040efe9ff4a6f93c28b0499eada8f5,SP,1,1,1658.83,34.48,1658.83,1,1,0,0.0,5.0
babcc0ab201e4c60188427cae51a5b8b,SP,1,1,79.00,14.13,79.0,1,1,0,0.0,5.0
e603cf3fec55f8697c9059638d6c8eb5,RS,8,11,297.00,185.47,27.0,1,8,0,0.0,4.25
4ebdc7e6cd6102a022dadc49156d4ea8,SP,29,32,928.70,369.20,29.021875,23,29,1,0.034482758620689655,3.8333333333333335
9d489893ff6af05029671b785f54b998,SP,5,6,298.70,102.54,49.78333333333333,5,5,1,0.2,4.0
f021c962aaba8ef6eb527a9c2c8394d1,SC,5,5,4398.50,135.37,879.7,4,5,0,0.0,4.2
3f9c56764fabca627406093dcb3ef0b4,RJ,7,7,909.30,105.65,129.9,3,7,0,0.0,4.714285714285714
c2d70ce2c5d0a2eb75e78668236e6dc8,SP,13,15,2470.90,229.02,164.72666666666666,4,13,0,0.0,4.615384615384615
483ca627d131e18f988349b1655c0acd,SP,1,1,264.00,19.73,264.0,1,1,0,0.0,5.0
bff9deb0ec77d437f3305a79cf25529e,SP,5,5,161.95,80.79,32.39,1,5,0,0.0,4.0
e1a210d482714ce337763a19aef94ba4,PR,1,1,49.90,26.61,49.9,1,1,0,0.0,1.0
1444c08e64d55fb3c25f0f09c07ffcf2,BA,1,1,2749.00,69.74,2749.0,1,1,0,0.0,1.0
7cb946b1ad19faebe28c3e86c2794ec3,MG,1,1,25.00,15.10,25.0,1,1,0,0.0,5.0
8cf21434553b02cbd37c0bbd07e041b0,SC,2,2,94.98,67.15,47.49,2,2,0,0.0,2.5
e504a4e2efaa45cbff7e268a2c58c956,SP,11,12,1188.80,275.26,99.06666666666666,6,11,3,0.2727272727272727,3.5454545454545454
33cbda8716511e27e556dff9d8418bf2,SC,5,6,507.40,108.17,84.56666666666666,5,5,0,0.0,4.8
725af026f869236a8dd0ceb98564d156,MG,7,8,1177.71,184.96,147.21375,5,7,0,0.0,3.4285714285714284
91543f9849d68d023e17194926598543,SC,4,6,834.00,266.57,139.0,6,4,0,0.0,4.5
713e3a23ca5e47786eb6f0d99f94cfac,PR,4,4,1126.00,87.03,281.5,4,4,0,0.0,4.75
11fb6f6d341adbe19e81733701704635,SP,3,3,1197.00,399.66,399.0,1,3,0,0.0,5.0
47648caee88ccfe951fbb27fbf7b4cbe,SP,3,3,1564.99,68.00,521.6633333333333,3,3,1,0.3333333333333333,3.6666666666666665
c13ef0cfbe42f190780f621ce81f2234,SP,1,1,390.00,61.28,390.0,1,1,1,1.0,3.0
9dd459b29a14bf89d47183cf2cd0e4c7,SP,2,2,180.00,18.82,90.0,2,2,1,0.5,5.0
a13580f0e8f782b7a543885a0ef99f08,RJ,10,10,1304.90,258.78,130.49,5,10,2,0.2,4.4
26b482dccfa29bd2e40703ba45523702,SP,3,4,344.78,67.63,86.195,3,3,0,0.0,5.0
528ce32f560edd11add4169f6a5b65be,SP,2,2,59.80,15.30,29.9,2,2,0,0.0,5.0
4221a7df464f1fe2955934e30ff3a5a1,BA,5,5,849.50,239.54,169.9,1,5,0,0.0,4.8
d90fe2229fee1a5da999ccd0c06c1667,SP,3,3,450.00,66.91,150.0,2,3,0,0.0,4.666666666666667
f9a02f1922d1de564392e656d82b3fda,SP,1,1,125.90,11.49,125.9,1,1,0,0.0,4.0
fe4cd9461203cee790d36792420b310f,MG,3,3,391.15,54.38,130.38333333333333,2,3,0,0.0,4.0
761681a821d8275bc79f552116d06869,SP,3,3,354.92,159.98,118.30666666666667,3,3,0,0.0,5.0
f114dca2828bf718548db175ebe2cfcd,PR,1,1,139.00,13.99,139.0,1,1,0,0.0,1.0
e644cbadf7eeb30d0d29f335ce7d52ec,SP,8,10,878.90,184.69,87.89,4,8,0,0.0,3.625
a806a4bb063ea7ca6d374eafa50a6058,ES,5,6,294.40,110.87,49.06666666666667,5,5,0,0.0,4.0
4ce8b55b4bfa4659184e7becc1fba3f2,PR,2,2,199.00,59.87,99.5,2,2,0,0.0,3.0
fc6295add6f51a0936407ead70c1001d,SP,1,4,160.00,70.52,40.0,4,1,0,0.0,1.0
34675b28b826facfde119785bf287dc1,PR,1,1,21.99,15.10,21.99,1,1,0,0.0,4.0
75745ef7bc7d4f3ea3380f6f5303f514,DF,3,3,228.40,48.92,76.13333333333334,3,3,0,0.0,5.0
d63f306de130e0391d38a792541723b8,SP,1,1,49.00,7.60,49.0,1,1,0,0.0,5.0
ccada0ef508e698917a6eab263375905,PR,3,3,172.80,59.16,57.6,3,3,0,0.0,3.6666666666666665
10264f60a8f0a4d2f30810f5c661c673,SP,4,4,284.60,41.86,71.15,2,4,0,0.0,5.0
a4e634166243bbb3a13fa584463fa468,SP,2,2,155.55,45.63,77.775,2,2,0,0.0,2.0
4fb41dff7c50136976d1a5cf004a42e2,BA,3,3,1230.00,66.77,410.0,3,3,1,0.3333333333333333,4.0
b00af24704019bd2e1b335e70ad11f7c,BA,1,1,189.00,18.25,189.0,1,1,0,0.0,5.0
0fe2d9733ed841eb064503920015a8c0,SP,3,3,389.64,108.71,129.88,3,3,0,0.0,4.666666666666667
ba6b4a237f92479743cf0ca06b67a9ac,RJ,8,8,801.89,111.82,100.23625,5,8,1,0.125,4.25
b9c0ffa92f3ff9a5a3d45ef7213c0842,SP,3,3,490.00,82.17,163.33333333333334,2,3,0,0.0,5.0
43402bdf22aa2310e8f99e2f94f78628,SP,4,5,649.95,187.15,129.99,3,4,0,0.0,2.5
1710c3aaa9c6b44ec3883ee0fe300e21,SP,2,2,1188.90,37.65,594.45,2,2,0,0.0,5.0
c1d1ebb4745cc43cb6f05e9c8a705c9a,SP,3,3,34.50,42.67,11.5,3,3,1,0.3333333333333333,2.3333333333333335
a1ed30492b3b798bc121845bc4aa7366,SP,1,2,41.80,23.70,20.9,1,1,0,0.0,3.0
a247197e2e9c19a6a53a6888cb8b660f,SP,2,2,798.00,143.07,399.0,1,2,0,0.0,1.0
48328ec9a579151d9cc6a86d4a59336c,RS,1,1,1099.00,97.78,1099.0,1,1,0,0.0,2.0
9e94fa26a70ede4d26226e918e8706a2,SP,1,1,62.80,9.94,62.8,1,1,0,0.0,5.0
ef9952469137ff190bacafe117f51537,MG,5,5,1002.66,83.94,200.532,2,5,0,0.0,4.8
1de62b6f2fd96227629786db492433db,SP,2,2,208.80,28.73,104.4,2,2,0,0.0,5.0
c716e0b86ed568878475b60fbb6323ad,SP,1,1,35.00,15.23,35.0,1,1,0,0.0,5.0
c542f5a8c64d973f30e9df8d06f70b4a,SP,1,1,81.00,17.31,81.0,1,1,0,0.0,1.0
7c9130f5f3729edd32aa059141d92484,SP,3,4,126.00,67.15,31.5,1,3,0,0.0,3.3333333333333335
0ade5cc4a305ed7093a23f68ca47519c,PR,2,2,158.88,42.39,79.44,2,2,0,0.0,5.0
5e25c632f9db6cfb8bc100421c2737b6,SC,1,1,259.00,19.91,259.0,1,1,0,0.0,5.0
1acde099eb406aa220b1169b188b42da,SP,9,10,311.10,147.40,31.11,9,9,0,0.0,4.222222222222222
8e29d051f810eb22959ede205b462b9f,SP,2,2,599.80,213.48,299.9,1,2,1,0.5,4.0
be1e9e378700cecaa4ebf71433d7915c,SP,2,2,119.89,37.62,59.945,1,2,2,1.0,3.0
5733d806668f8712c24b9abaefbfa642,SP,2,2,243.80,85.88,121.9,2,2,0,0.0,5.0
74bafed391319577bce6f4d2acc0589a,SP,3,3,1847.00,237.73,615.6666666666666,2,3,0,0.0,2.6666666666666665
7e959205cebc10adefcb331f934238a4,SP,2,2,513.90,32.65,256.95,2,2,0,0.0,1.0
b9de031b671cd48b28fae9d828cbf2b4,SP,1,1,155.32,43.37,155.32,1,1,0,0.0,5.0
cd2169d9f31ff6fbb9ca3373b0c9e354,RJ,1,1,569.00,56.33,569.0,1,1,0,0.0,4.0
f3041c2e75ec683697a6a5ea82192210,MG,1,1,145.00,24.00,145.0,1,1,0,0.0,5.0
9c57bc60cfad5ee62d35d3f1ce4593a1,PR,1,1,180.00,15.43,180.0,1,1,1,1.0,1.0
20d53aad4fe5ee93a64f8839609d3586,MG,2,2,51.90,34.54,25.95,2,2,1,0.5,2.5
586a871d4f1221763fddb6ceefdeb95e,RS,1,2,198.00,41.48,99.0,1,1,1,1.0,1.0
296729ffb9b684050dd24836dac4494a,SP,2,2,114.00,35.61,57.0,2,2,0,0.0,5.0
95cca791657aabeff15a07eb152d7841,PR,1,1,9.99,18.23,9.99,1,1,0,0.0,5.0
d8b8f2cf9ff6ba0389072541cb42498c,GO,1,1,149.00,20.01,149.0,1,1,0,0.0,5.0
70f7e8018e3d46c748c92f026aa2585a,SP,1,2,239.80,37.88,119.9,2,1,0,0.0,5.0
eae9af4811c294c56795d70e715b7337,SP,1,1,15.90,11.11,15.9,1,1,0,0.0,5.0
c3251e13f1bbda6c74e37c160f991e19,SP,2,2,437.80,75.28,218.9,2,2,0,0.0,5.0
9315e491484b1b0081ca166fc164108d,PR,1,1,29.99,30.41,29.99,1,1,0,0.0,3.0
1fddcb7b326905d3ad5efe82187db347,SP,1,1,92.00,13.22,92.0,1,1,0,0.0,1.0
4965a7002cca77301c82d3f91b82e1a9,SP,1,1,8.49,7.87,8.49,1,1,0,0.0,5.0
83d458c0d6d4f94295d63f091460bd60,SP,1,1,89.90,15.84,89.9,1,1,0,0.0,5.0
0936e1837d0c79253456bbb2ffaaef10,SP,1,2,38.90,31.12,19.45,1,1,0,0.0,5.0
43753b27d77860f1654aa72e251a7878,BA,1,1,23.90,42.38,23.9,1,1,0,0.0,5.0
3e35a8bb43569389d3cebef0ce820f69,SP,1,2,55.80,28.88,27.9,1,1,0,0.0,5.0
400f221ab83037c0ea78f1267da9624d,SP,1,1,865.00,20.80,865.0,1,1,0,0.0,
80ceebb4ee9b31afb6c6a916a574a1e2,PR,1,1,6729.00,193.21,6729.0,1,1,1,1.0,
a416b6a846a11724393025641d4edd5e,SP,162,181,25670.72,2999.80,141.82718232044198,113,162,20,0.12345679012345678,4.154320987654321
fcb5ace8bcc92f75707dc0f01a27d269,SP,62,73,8318.63,954.70,113.95383561643835,43,62,2,0.03225806451612903,3.870967741935484
41b39e28db005d9731d9d485a83b4c38,SP,195,231,17112.55,3930.36,74.08030303030303,132,195,12,0.06153846153846154,4.055
25c5c91f63607446a97b143d2d535d31,MG,158,269,54679.22,7000.11,203.26847583643124,18,158,11,0.06962025316455696,3.8
ff063b022a9a0aab91bad2c9088760b7,SP,94,96,12076.50,1984.77,125.796875,9,94,3,0.031914893617021274,4.311827956989247
b2ba3715d723d245138f291a6fe42594,SP,337,363,51676.88,6496.14,142.36055096418733,183,337,29,0.08605341246290801,4.098802395209581
9f505651f4a6abe901a56cdc21508025,SP,397,430,26361.82,6030.04,61.306558139534886,77,397,20,0.05037783375314862,4.341772151898734
058fd0aa2bfdb2274e05e1ae971dabb6,SP,61,64,7667.90,887.90,119.8109375,11,61,4,0.06557377049180328,4.387096774193548
b1a81260566c1bac3114a6d124413f27,RS,51,54,8684.69,1565.51,160.8275925925926,26,51,1,0.0196078431372549,4.2745098039215685
7e93a43ef30c4f03f38b393420bc753a,SP,336,340,176431.87,6322.18,518.9172647058823,186,336,18,0.05357142857142857,4.214925373134329
620c87c171fb2a6dd6e8bb4dec959fc6,RJ,740,798,114774.50,14135.21,143.82769423558898,129,740,72,0.0972972972972973,4.2516914749661705
c826c40d7b19f62a09e2d7c5e7295ee2,SP,354,373,45643.74,5573.48,122.36927613941019,17,354,33,0.09322033898305085,4.079545454545454
7210cd29727d674c00741e5e387b3ccd,SP,9,13,729.09,145.09,56.08384615384615,7,9,1,0.1111111111111111,4.444444444444445
640e21a7d01df7614a3b4923e990d40c,SP,116,137,7598.88,2446.24,55.46627737226277,12,116,8,0.06896551724137931,4.301724137931035
4c03b9dd4c11ee2cb35c96c49efc9420,SP,48,48,6458.60,843.73,134.55416666666667,5,48,1,0.020833333333333332,4.1063829787234045
42b729f859728f5079499127a9c2ef37,SP,104,132,4118.86,1315.21,31.203484848484848,18,104,8,0.07692307692307693,4.466019417475728
3bb548e3cb7f70f28e3f11ee9dce0e59,PR,46,53,7690.02,896.79,145.09471698113208,22,46,0,0.0,4.195652173913044
13fa2a6c6b9d0f43cb588d7c82117a12,SP,9,10,4528.00,191.44,452.8,4,9,3,0.3333333333333333,4.2
1c56ffe0e9dea2657fc6e95b53f40b13,SP,3,3,183.00,84.39,61.0,2,3,0,0.0,4.333333333333333
ccc4bbb5f32a6ab2b7066a4130f114e3,PR,187,192,74004.62,5256.98,385.44072916666664,12,187,14,0.0748663101604278,4.28494623655914
0c7533c71df861ec58ad7ff999ed0e8d,SP,61,73,2989.30,874.21,40.94931506849315,29,61,3,0.04918032786885246,4.096774193548387
fa1c13f2614d7b5c4749cbc52fecda94,SP,585,586,194042.03,10042.70,331.12974402730373,289,585,59,0.10085470085470086,4.339070567986231
602044f2c16190c2c6e45eb35c2e21cb,SP,50,57,3739.16,938.28,65.59929824561404,27,50,9,0.18,3.1372549019607843
f84a00e60c73a49e7e851c9bdca3a5bb,RJ,90,99,5949.94,2001.82,60.100404040404044,22,90,10,0.1111111111111111,3.8333333333333335
b2479f944e1b90cf8a5de1bbfde284d6,SP,103,131,4752.51,2239.71,36.27870229007634,38,103,14,0.13592233009708737,3.4095238095238094
c6bda72e4dbf5c5866b13cb1810c6d03,SP,59,59,14059.38,1136.74,238.29457627118643,27,59,2,0.03389830508474576,4.383333333333334
30829ded4523ab9224b93bc49a62c95f,RS,18,31,6911.71,638.00,222.9583870967742,13,18,1,0.05555555555555555,3.7777777777777777
77a515caa36327151d1cc6c32a9f00e1,SP,26,26,2217.39,396.19,85.28423076923077,19,26,3,0.11538461538461539,4.423076923076923
f7ba60f8c3f99e7ee4042fdef03b70c4,SP,219,230,68395.00,4341.01,297.3695652173913,9,219,34,0.1552511415525114,4.212669683257919
157c3e4b42f81ac4a44e8b1ca2fe9876,SP,23,31,2548.50,583.32,82.20967741935483,13,23,2,0.08695652173913043,3.6956521739130435
5f5b43b2bffa8656e4bc6efeb13cc649,SP,27,29,3677.20,555.45,126.8,18,27,1,0.037037037037037035,4.407407407407407
e49c26c3edfa46d227d5121a6b6e4d37,PE,35,36,3654.25,1175.46,101.50694444444444,31,35,0,0.0,4.457142857142857
6039e27294dc75811c0d8a39069f52c0,SP,64,75,13670.70,2376.47,182.276,10,64,14,0.21875,3.707692307692308
259f7b5e6e482c230e5bfaa670b6bb8f,SP,138,165,8526.04,2739.21,51.672969696969695,24,138,3,0.021739130434782608,4.297101449275362
0df3984f9dfb3d49ac6366acbd3bbb85,MG,87,89,10021.49,1498.72,112.60101123595506,25,87,1,0.011494252873563218,4.344827586206897
ce3ad9de960102d0677a81f5d0bb7b2d,RJ,1,1,158.00,16.21,158.0,1,1,0,0.0,5.0
2009a095de2a2a41626f6c6d7722678d,SP,8,12,388.89,193.54,32.4075,4,8,0,0.0,4.375
d23019c84ffae2d5ef2270367b8605fc,PR,39,39,29205.10,2749.74,748.848717948718,8,39,1,0.02564102564102564,4.410256410256411
87d30a6a0cbf89356e49324971ab1d24,SP,17,17,2134.13,215.78,125.5370588235294,12,17,1,0.058823529411764705,4.352941176470588
633ecdf879b94b5337cca303328e4a25,SP,6,6,1037.60,87.89,172.93333333333334,2,6,4,0.6666666666666666,1.8
13c2ed7698b3ca92dad49e849219da59,PR,8,9,498.61,154.68,55.40111111111111,7,8,0,0.0,4.375
21c62b998a043ebe31161d38f84929fc,CE,4,4,750.49,90.84,187.6225,2,4,0,0.0,4.5
cee48807215b30a12ca2ca10ffb5f250,SP,39,40,7212.23,913.29,180.30575,27,39,6,0.15384615384615385,3.769230769230769
a06c8ff043abea0528ee44171e2140a2,MG,8,8,514.50,92.43,64.3125,6,8,0,0.0,4.75
7f152321c60a266edc53af1925ef96c1,SC,20,20,3919.80,552.12,195.99,3,20,6,0.3,3.8
960945e1a9535cbc0cd6ddd35fbe7ae8,SP,28,29,3381.73,479.80,116.61137931034483,7,28,0,0.0,4.642857142857143
7aa4334be125fcdd2ba64b3180029f14,SP,217,240,16234.81,4368.52,67.64504166666667,41,217,29,0.1336405529953917,4.102325581395349
c53bcd3be457a342a97e39e5a9f0be22,SE,5,5,509.50,186.09,101.9,3,5,0,0.0,3.2
134285d1f41da5c13a756ee8142c8a4e,SP,3,4,1572.70,80.93,393.175,2,3,0,0.0,3.3333333333333335
7f7b8245c336066a1f9933c359f11d77,SP,38,43,2094.36,535.87,48.70604651162791,12,38,1,0.02631578947368421,4.552631578947368
8c9348f33ae3dada25c99c99ade2af78,SP,2,2,312.99,51.94,156.495,2,2,0,0.0,5.0
02f623a8eb246f3c5f7c2f96462654e6,SP,44,44,6378.00,829.63,144.95454545454547,23,44,4,0.09090909090909091,4.558139534883721
7e3f87d16fb353f408d467e74fbd8014,SP,92,94,4754.99,1438.71,50.585,20,92,11,0.11956521739130435,4.130434782608695
55bb6fe5bebe5012e2d7d9928e1128ff,SP,15,16,1816.55,576.47,113.534375,11,15,2,0.13333333333333333,3.466666666666667
014d9a685fd57276679edd00e07089e5,PR,11,12,729.88,146.93,60.82333333333333,3,11,0,0.0,3.727272727272727
11742f81550ac064cc9a40f67151d9ad,SP,2,2,781.90,49.11,390.95,2,2,0,0.0,5.0
78c99c6dff4eeae5be99bf635ed21e3f,SP,31,39,2030.88,664.89,52.073846153846155,15,31,3,0.0967741935483871,4.419354838709677
c33847515fa6305ce6feb1e818569f13,SC,114,128,15519.85,4374.41,121.248828125,39,114,5,0.043859649122807015,3.8508771929824563
3f995f07c49d0d55a99d5c54957f7d81,SP,43,43,3955.70,671.50,91.99302325581395,3,43,1,0.023255813953488372,4.209302325581396
b19f3ca2ea475913750f25a5c37c8d8f,MG,24,24,6202.91,1346.64,258.45458333333335,19,24,6,0.25,2.7916666666666665
ae7ab174effdead6c241e547e4ca13f0,PR,6,7,2778.60,795.46,396.9428571428571,5,6,0,0.0,4.333333333333333
4ddeb3e828550cddc8d45c8bc36ab2d1,SP,1,1,152.00,12.45,152.0,1,1,0,0.0,5.0
e3e290b38963293022cdcd6db8328103,SP,3,3,135.70,46.34,45.233333333333334,2,3,0,0.0,3.3333333333333335
05f51e13da97139648b8125c31e5f51b,MG,60,63,13769.01,2019.29,218.5557142857143,21,60,9,0.15,4.066666666666666
ffa6adafb71b807dc13159e26431354c,PR,18,18,2669.90,537.08,148.32777777777778,10,18,0,0.0,3.7777777777777777
180c3376aff0e43dd5788709df48a843,SP,5,10,4513.00,209.97,451.3,3,5,1,0.2,4.4
6989574bd97d9773f10d232b6c07da59,PR,7,7,2478.40,321.10,354.0571428571429,4,7,0,0.0,4.857142857142857
f27e33c6d29b5138fa9967bcd445b6d5,SP,93,98,8888.30,1593.95,90.6969387755102,22,93,10,0.10752688172043011,4.096774193548387
e1b12447a7563944843191754aeb5562,SP,9,10,472.46,126.67,47.246,6,9,2,0.2222222222222222,4.444444444444445
c458e2045a8aa8964f8879af03fdcce6,SP,4,9,494.91,196.79,54.99,4,4,0,0.0,2.75
048c2757535328e0d7dac690ad3c0aae,SP,51,51,9264.78,1286.28,181.66235294117647,20,51,7,0.13725490196078433,4.18
32f1bb9dfa65bc7df5c0d9d95a616be4,SP,5,6,276.39,55.78,46.065,5,5,1,0.2,4.0
b12cfd255810394b60caef18ae163547,PR,2,2,560.00,166.15,280.0,1,2,0,0.0,4.5
6e386f64c84e482f0b9abf960797ee1b,SP,30,30,12938.30,625.36,431.27666666666664,13,30,3,0.1,4.607142857142857
119d1aef1b4144adba89163f6cd9f5d4,SP,4,4,1094.00,204.24,273.5,3,4,0,0.0,4.75
ca7c6bd577e559472af1c699de9e764e,SP,6,8,148.00,70.82,18.5,1,6,0,0.0,4.333333333333333
3c010235b7345c92f125d14ee232a76b,PR,15,15,3578.00,427.32,238.53333333333333,6,15,0,0.0,4.666666666666667
adbe70ab2c97442046d393988c8d1d27,SP,5,5,289.50,65.15,57.9,2,5,0,0.0,5.0
b87a7ea0c30fad2dd6781b74a0064859,SP,9,9,515.40,122.35,57.266666666666666,8,9,3,0.3333333333333333,3.4444444444444446
f9d010e39375d9c91dce3f40b73a2f84,SP,4,5,1212.00,138.14,242.4,2,4,1,0.25,3.5
f125f3a310c2e5f822d116147de1e474,SP,16,22,2761.40,287.89,125.51818181818182,4,16,2,0.125,4.1875
13f57c12a00ed4610db646b913a7f5c6,SP,7,13,645.20,175.95,49.63076923076923,6,7,1,0.14285714285714285,4.857142857142857
24a6daf925d9d591870a66660416de31,SP,2,2,60.00,30.08,30.0,2,2,0,0.0,4.5
e83c76265fc54bf41eac728805e4da77,SP,8,8,237.30,99.19,29.6625,3,8,1,0.125,3.625
0b64bcdb0784abc139af04077d49a20e,RS,4,4,137.60,68.21,34.4,2,4,0,0.0,4.75
7813ea3ebd9411dc600b4dd01f7a97b9,SP,9,9,1599.40,146.59,177.7111111111111,8,9,1,0.1111111111111111,3.888888888888889
236585a4ddb5fea9fa40233e2249ed91,RS,11,11,649.53,188.14,59.04818181818182,3,11,1,0.09090909090909091,4.090909090909091
5bffbafbb22daf6d3bfc216a46db8708,RJ,21,23,5239.70,454.50,227.81304347826088,8,21,0,0.0,4.761904761904762
5151aea44289d6c6b090ee31c2132508,SP,7,7,1315.30,167.17,187.9,1,7,0,0.0,1.8333333333333333
e53d5b9b29d1218281f4a907ada18626,PR,4,5,350.67,133.25,70.134,4,4,0,0.0,4.75
7ff588a03c2aeae4fbd23f9ae64b760d,SP,14,16,1182.20,221.18,73.8875,11,14,0,0.0,4.642857142857143
d4ffeb15b67e81ff9af2b4252d99fb7e,SP,11,12,1400.40,324.41,116.7,8,11,0,0.0,4.3
939e6227d6964a11a70aa91243e418f2,MG,4,4,425.00,63.25,106.25,2,4,0,0.0,4.25
83deb69e889cf80f82be1dc6d5f2d486,SC,40,42,5363.01,913.64,127.69071428571428,14,40,2,0.05,4.325
87f3e35268860433e13d577825aada95,SP,3,3,161.70,41.78,53.9,3,3,0,0.0,1.0
7ecef8194babfec876ca720714327841,SP,7,8,990.50,123.76,123.8125,5,7,1,0.14285714285714285,4.285714285714286
2b2fed75b8e5ea3a052fc4c0825da485,MG,3,4,510.90,59.93,127.725,3,3,0,0.0,5.0
f41ce2e25237f9092cd8e6e7516c7a2f,SP,27,28,2030.90,331.70,72.53214285714286,10,27,0,0.0,4.296296296296297
27a56ff04b34c2ba34ce6ba4d3b9d616,SP,8,8,349.29,102.98,43.66125,7,8,1,0.125,4.125
461ff5303b6c9c1a4a07f40c5aece516,PR,3,3,102.70,58.73,34.233333333333334,2,3,0,0.0,3.6666666666666665
a37c340b91cb0169e8b029db6440fba2,SP,5,5,345.00,94.95,69.0,1,5,0,0.0,4.8
e5cbe890e679490127e9a390b46bbd20,SP,2,2,908.99,28.72,454.495,2,2,0,0.0,4.5
b5abf4f36adc043117b4fca82c22984c,DF,11,12,1247.80,283.99,103.98333333333333,8,11,2,0.18181818181818182,2.5454545454545454
6179a28a13a726c29b3bf54c070dccab,MG,2,2,600.00,86.24,300.0,1,2,0,0.0,3.0
9558aa23f77a9e0a0eca83540999f43b,PR,2,2,125.70,29.88,62.85,2,2,0,0.0,3.0
53088c75f948b48a7ece173ac17f0c12,RS,3,3,261.70,54.53,87.23333333333333,2,3,0,0.0,5.0
f1fd5ab1181f827ffad998c1a5de7d74,PR,15,15,7045.99,831.97,469.73266666666666,11,15,0,0.0,4.666666666666667
aae3bfea055532c57fb453ed3ec80b30,SP,48,50,3057.92,799.25,61.1584,5,48,0,0.0,3.595744680851064
1d2732ef8321502ee8488e8bed1ab8cd,RJ,4,5,1148.00,80.18,229.6,4,4,1,0.25,3.0
b29d3380981c51df13fc6fbe87e1763d,SP,6,7,435.30,98.58,62.18571428571428,5,6,0,0.0,3.8333333333333335
15fa791d5e017f66402dc28c44480657,SP,8,8,1802.00,181.29,225.25,4,8,1,0.125,4.25
9d39404483343dd55c7ae254494d8388,SP,10,10,293.20,141.08,29.32,4,10,1,0.1,3.5
c9e5ad1f6647f5dbd1172adf6ae3cada,RS,4,4,259.03,60.95,64.7575,3,4,0,0.0,4.75
97e995629983723d11830a829bc2b246,SP,5,5,499.50,99.37,99.9,5,5,0,0.0,4.8
bb7ad8a45c027be8ab075b8e465f8ca0,SC,2,2,19.98,32.64,9.99,1,2,0,0.0,5.0
8fff28c4263ddec387f28d237fb42773,SP,4,6,339.40,82.28,56.56666666666667,4,4,0,0.0,3.0
820cc752a266cdc6c1a1e61dd4583330,PR,15,15,2802.80,275.97,186.85333333333332,4,15,2,0.13333333333333333,4.133333333333334
90b57083da5d803237da74daec6dcb2b,PR,2,2,206.90,34.31,103.45,2,2,0,0.0,5.0
e1643dff33666ca629e3644c02738179,SP,3,3,170.00,29.31,56.666666666666664,2,3,0,0.0,4.333333333333333
26af45f5dfd967225a832838aa4e24a3,PR,10,11,573.10,198.51,52.1,7,10,0,0.0,4.1
ad8b531ae67582f096925cff5630d0d1,PR,3,3,208.35,67.56,69.45,3,3,0,0.0,3.0
75a4764c108403a7a0575140cb22287c,RS,5,9,716.90,210.15,79.65555555555555,3,5,0,0.0,4.6
c70a353f02429c00775a46a75fb787da,SP,6,6,242.00,94.94,40.333333333333336,4,6,0,0.0,4.666666666666667
8ca5b19e0263150d2c57afdde2b3d011,SP,3,4,180.60,44.08,45.15,2,3,0,0.0,4.666666666666667
23a0ffca143a15b9b5bbdb7d552f626a,SP,23,24,3718.51,585.77,154.93791666666667,12,23,3,0.13043478260869565,3.9130434782608696
fedf2c1386e137f296b3bbf3b635e69d,SP,2,5,131.74,79.16,26.348,2,2,0,0.0,3.5
3d01d1c414c44b5943a09619ff3853cb,SP,5,5,402.60,82.34,80.52,2,5,0,0.0,3.8
02b72cdeb9cfcc429f1af6f4e3f3b737,SP,4,4,522.65,225.99,130.6625,3,4,0,0.0,4.75
7f35f9daf223da737b78738fbae4d977,SP,5,5,252.00,101.01,50.4,2,5,0,0.0,4.0
a0e19590a0923cdd0614ea9427713ced,PR,2,7,258.30,139.12,36.9,1,2,0,0.0,1.0
73b8eb4a9a729d4019b24ed1be748cbf,SP,8,8,692.41,105.57,86.55125,7,8,0,0.0,4.375
cd843d4cf8ef32827de0396605163ba3,MG,5,5,1915.00,697.56,383.0,3,5,0,0.0,3.8
270572bb714b00531be85e16e1550f26,SP,1,1,96.99,14.77,96.99,1,1,0,0.0,5.0
8f0fbe2cd4d472157dc1cdef6edecaa9,SP,2,2,71.88,22.88,35.94,2,2,0,0.0,3.0
e82de6494d91d3c4c54450f59b227a94,SP,3,3,118.90,38.80,39.63333333333333,2,3,1,0.3333333333333333,5.0
651fe66032c9520ee5587f694908040d,RS,7,7,464.00,128.73,66.28571428571429,6,7,0,0.0,4.0
1bc2e21de46adfea6b98cc96b00f3b40,SC,3,5,1039.95,102.60,207.99,2,3,0,0.0,3.3333333333333335
446cc09cdbb130904da114e807dbec40,SP,3,3,252.80,54.17,84.26666666666667,3,3,0,0.0,4.666666666666667
ef2fbc2b607d8492bcffe657a4645434,RJ,20,22,970.80,362.89,44.127272727272725,7,20,2,0.1,3.85
ae45df84722b1d15c5f32b23a095746c,SP,9,12,901.83,163.66,75.1525,10,9,0,0.0,4.777777777777778
e94b64dc6979b302a5a5be1662c83bb6,SP,2,2,306.89,31.74,153.445,2,2,0,0.0,5.0
6b1c4d4d9ccf0be3d8544eb0e71e5318,RS,1,1,1699.00,60.04,1699.0,1,1,0,0.0,5.0
8ca1551acf9832a4cf467bbbac15851f,PR,11,12,2176.40,266.54,181.36666666666667,10,11,1,0.09090909090909091,3.909090909090909
14f2b3587172b9db894c9bad8dab520b,RS,2,2,244.00,86.06,122.0,1,2,0,0.0,2.5
d8cf3b6a2151949f930d0252b180ec42,PR,6,19,623.70,406.48,32.82631578947368,4,6,0,0.0,3.5
6eb94e1466490d327a09abf8f3552a50,SP,10,10,1511.95,237.82,151.195,4,10,1,0.1,4.444444444444445
6b89abe95848c850399130d149a39b63,GO,8,8,1135.20,330.53,141.9,2,8,0,0.0,4.375
3442f8959a84dea7ee197c632cb2df15,SP,3,3,218.70,27.90,72.9,3,3,1,0.3333333333333333,3.0
9ac75591b69c3402684b6ce0310f22ee,SP,1,1,60.50,9.17,60.5,1,1,1,1.0,5.0
37303482a42fb700d8d127e70a9cd6c8,SP,2,2,148.89,22.49,74.445,2,2,0,0.0,3.0
8b11118053756a9a2932f447e11fc1b5,SP,1,1,79.99,11.17,79.99,1,1,0,0.0,3.0
aa17b35ce4de7b565be3249ba838944f,SP,2,2,79.80,34.20,39.9,1,2,0,0.0,4.5
f5fea3ffed6c2e889bab72705557c63a,RJ,3,3,1059.90,268.28,353.3,3,3,1,0.3333333333333333,3.6666666666666665
7a073a40a9d3f1fee8bc45670ea1e909,PR,1,1,95.00,17.78,95.0,1,1,0,0.0,1.0
2235cf78d3e2073a88146a9cb60f0dd0,SP,1,1,178.99,25.77,178.99,1,1,0,0.0,5.0
7c4adcc13272c0e26fa23aac642adb7b,RJ,2,2,135.00,30.63,67.5,2,2,1,0.5,3.0
8fd3b4468f6425810648177996c14cbd,SP,1,1,354.90,21.67,354.9,1,1,0,0.0,5.0
3b18f9856c6eb2413eafedb58e9eecd9,SP,1,1,315.00,20.09,315.0,1,1,0,0.0,5.0
979e9f8b5b39dd243a2550c8b05aecf0,SP,3,4,525.00,46.88,131.25,2,3,0,0.0,5.0
9996ae921c50e8dff411ac69c0b4bb8b,SP,2,3,29.70,43.67,9.9,3,2,0,0.0,2.0
3aa3c89ae3cd482385568be76120f63c,GO,1,1,29.90,19.04,29.9,1,1,0,0.0,4.0
9b1f656ca3060f8af17a50d8a024b533,SP,2,2,41.00,47.68,20.5,2,2,1,0.5,5.0
731ef20c231d9a7103a425e83fd91271,SC,2,3,1692.00,505.60,564.0,1,2,0,0.0,3.5
42b6488f5b8246d9141712abd4b1b693,PR,2,2,247.99,41.81,123.995,2,2,0,0.0,4.0
63191ead8d3b2f937cd1996fdcbbad20,SP,1,1,367.00,53.29,367.0,1,1,0,0.0,5.0
8fe8786ee000001ab51d030dfd4a7bf1,SC,5,5,2255.00,201.44,451.0,2,5,0,0.0,4.6
be3b4b0f050a6aa1b2d901c4b77e979f,PR,3,8,578.20,155.52,72.275,3,3,0,0.0,4.0
3d2400ac620cffa23ac81bd192f7f555,SP,1,1,105.00,8.90,105.0,1,1,0,0.0,5.0
a5ff20ff766e7f50bd5066f33da14413,SP,2,4,66.59,43.58,16.6475,3,2,0,0.0,3.0
bac692d6c0ed08467878018e6cc9c26c,SC,1,3,477.00,82.23,159.0,1,1,0,0.0,4.0
74a9b9bddf14ece02beb81f52c41a88d,SP,2,2,95.00,22.06,47.5,2,2,0,0.0,3.5
fc0b214b59a83615fea981c6424a02ae,SP,1,1,159.90,12.14,159.9,1,1,0,0.0,5.0
c161d1327ebc3a156c09582ab2f59f6c,SP,3,3,52.99,23.34,17.663333333333334,2,3,0,0.0,3.0
5563732abe64c3036cb97ad924128dd1,SP,2,3,404.00,37.60,134.66666666666666,3,2,0,0.0,4.5
24c1de8d9551c0b4fbc53317d53efda8,PB,1,1,355.00,57.12,355.0,1,1,0,0.0,5.0
9fbd5666d8618fa571c4230fafa09bd6,SP,1,1,79.90,16.81,79.9,1,1,0,0.0,5.0
651530bf5c607240ccdd89a30c9c9712,BA,1,1,199.90,24.55,199.9,1,1,0,0.0,4.0
ec5c1d94df153d473b37f880977ae58e,SP,2,3,199.67,84.07,66.55666666666667,2,2,0,0.0,2.0
4e92348462c75b6c842b994ce84a0ed4,RS,1,1,69.90,15.59,69.9,1,1,0,0.0,5.0
61b893c57e33626afb104d4112b1be76,MG,1,1,74.99,13.10,74.99,1,1,0,0.0,1.0
443d880f15cbd3572885e1d44bf2c478,SP,1,2,94.80,30.20,47.4,1,1,0,0.0,2.0
dd9661d3cda1e6feb237f0c4d8b26f2e,SC,1,1,174.00,16.98,174.0,1,1,0,0.0,5.0
3ac588cd562971392504a9e17130c40b,SP,1,1,11.90,7.39,11.9,1,1,0,0.0,5.0
3d290fe363c60a77498c1126fd3fb8d3,SP,3,3,198.98,35.06,66.32666666666667,2,3,0,0.0,4.333333333333333
ceb7b4fb9401cd378de7886317ad1b47,RJ,1,1,399.90,16.55,399.9,1,1,0,0.0,3.0
f8f35af4634605e6693c17cc3ffff5a8,MG,1,1,90.00,16.39,90.0,1,1,0,0.0,5.0
db6a4d4b5f1f5f98820ce6ce2619e2de,SP,1,1,135.99,12.16,135.99,1,1,0,0.0,5.0
35281d148dcf7134bae913c57db4e6da,SP,1,1,119.99,17.03,119.99,1,1,0,0.0,5.0
5b51032eddd242adc84c38acab88f23d,MG,12,14,3280.00,268.95,234.28571428571428,9,12,0,0.0,4.0
8cbac7e12637ed9cffa18c7875207478,SC,67,82,2990.98,1663.37,36.47536585365854,21,67,4,0.05970149253731343,4.119402985074627
a35124e2d763d7ca3fbe3b97d143200f,SP,4,7,411.50,78.89,58.785714285714285,2,4,0,0.0,4.75
99eaacc9e6046db1c82b163c5f84869f,SP,66,70,13139.17,1135.35,187.70242857142858,19,66,7,0.10606060606060606,3.878787878787879
fa40cc5b934574b62717c68f3d678b6d,SP,307,340,16055.87,4530.90,47.22314705882353,16,307,19,0.06188925081433225,4.4640522875816995
53e4c6e0f4312d4d2107a8c9cddf45cd,SP,473,522,30148.95,9887.24,57.7566091954023,162,473,25,0.052854122621564484,4.090717299578059
4869f7a5dfa277a7dca6462dcf3b52b2,SP,1132,1156,229472.63,20168.07,198.50573529411764,95,1132,130,0.11484098939929328,4.133451957295374
0b90b6df587eb83608a64ea8b390cf07,PR,164,210,28592.32,3615.32,136.15390476190476,46,164,6,0.036585365853658534,4.011834319526627
3db66a856d18a9cba7c9241fc5221c50,MG,94,97,9478.30,2044.36,97.71443298969072,38,94,11,0.11702127659574468,4.177083333333333
38e6dada03429a47197d5d584d793b41,SP,7,12,596.14,206.91,49.678333333333335,8,7,1,0.14285714285714285,4.428571428571429
2e90cb1677d35cfe24eef47d441b7c87,SP,127,137,13894.71,2887.45,101.4212408759124,22,127,17,0.13385826771653545,4.118110236220472
afa6714acee029b2dfdf357e5579cc03,SP,16,17,3220.76,382.82,189.4564705882353,8,16,2,0.125,4.25
96493fab2fbb13a14d0c0e8772eef5c3,SP,63,64,18969.00,1212.23,296.390625,54,63,4,0.06349206349206349,4.064516129032258
8648b1e89e9b349e32d3741b30ec737e,SP,95,103,7442.55,1503.50,72.25776699029126,56,95,10,0.10526315789473684,4.103092783505154
5670f4db5b62c43d542e1b2d56b0cf7c,SP,22,22,6630.09,582.56,301.3677272727273,14,22,1,0.045454545454545456,4.409090909090909
5bc237df65098fe211bb4818f4d26d78,MG,2,2,126.80,57.09,63.4,2,2,0,0.0,4.5
2156f2671501a81034d7d07f217609d0,SP,22,22,2981.50,452.39,135.52272727272728,12,22,3,0.13636363636363635,3.8636363636363638
f61c63d13f7cd800549d5acdd390ae72,SP,26,26,3072.30,429.39,118.16538461538461,11,26,2,0.07692307692307693,4.0
71dc18fd8cbf5fd77f45dd8b427abb34,PR,4,9,1080.00,149.40,120.0,1,4,0,0.0,5.0
41ab63a91b8b264e8c8780368bf1dd5b,MG,12,13,2571.95,302.27,197.84230769230768,9,12,0,0.0,4.25
34d1ca11b242c0fee2c834ae8d788566,MG,40,41,13422.24,982.04,327.3717073170732,4,40,0,0.0,4.333333333333333
efcd8d2104f1a05d028af7bad20d974b,SP,47,51,2424.78,855.41,47.54470588235294,34,47,1,0.02127659574468085,4.183673469387755
4a3ccda38b2129705f3fb522db62ca31,SP,66,78,17062.59,1432.34,218.75115384615384,45,66,6,0.09090909090909091,3.8805970149253732
827f8f69dfa529c561901c4f2e0f332f,PR,91,104,3408.39,1595.57,32.77298076923077,60,91,9,0.0989010989010989,4.277777777777778
c1ed9e3daf6154542826a6996af0fb8c,SC,9,17,971.25,329.39,57.13235294117647,7,9,1,0.1111111111111111,3.888888888888889
7d456afc660226829370f3173d14520c,SP,56,91,8338.25,1519.62,91.62912087912088,22,56,3,0.05357142857142857,4.368421052631579
5c243662ce92d84573bfaff24c3e3700,SP,98,100,32862.02,1775.64,328.6202,24,98,3,0.030612244897959183,4.142857142857143
1d1bbb8ac1581824986f582583fff01d,SC,4,4,166.88,59.59,41.72,3,4,1,0.25,3.5
98dac6635aee4995d501a3972e047414,SP,91,195,4235.85,2439.52,21.72230769230769,62,91,8,0.08791208791208792,4.144444444444445
ef990a83bbea832f36ebe81376335aa8,SC,43,44,4642.59,914.65,105.5134090909091,8,43,11,0.2558139534883721,3.627906976744186
d5ba419e26d246a0719437cf37d9b46d,SP,34,35,4061.40,520.11,116.04,9,34,4,0.11764705882352941,3.909090909090909
062ce95fa2ad4dfaedfc79260130565f,RS,55,60,7521.00,1200.44,125.35,14,55,2,0.03636363636363636,4.036363636363636
c8b3445d737de6befde0c88ede534a5e,SP,30,36,3149.04,651.75,87.47333333333333,7,30,1,0.03333333333333333,4.433333333333334
54219883e72aad869adfb2a54b7bfa0f,SP,5,5,6750.00,829.55,1350.0,3,5,0,0.0,3.2
0d33a55da925bbf1ff02af5f6059fc7f,SP,22,24,547.30,385.61,22.804166666666667,8,22,1,0.045454545454545456,4.478260869565218
e0eabded302882513ced4ea3eb0c7059,SP,8,8,978.40,138.79,122.3,3,8,0,0.0,4.625
25e6ffe976bd75618accfe16cefcbd0d,SP,108,117,11691.61,1705.24,99.9282905982906,54,108,6,0.05555555555555555,4.407407407407407
7b7f91e98f8c6def45a1407923304402,SP,11,14,417.47,203.02,29.819285714285716,9,11,1,0.09090909090909091,4.181818181818182
94144541854e298c2d976cb893b81343,RS,68,76,17286.28,1429.37,227.45105263157896,23,68,3,0.04411764705882353,4.205882352941177
7e1fb0a3ebfb01ffb3a7dae98bf3238d,SP,159,174,27349.53,2986.40,157.1812068965517,25,159,20,0.12578616352201258,4.159235668789809
3a734b715d333a2588a3d54a0c9b8746,SP,18,24,2463.52,395.64,102.64666666666666,10,18,1,0.05555555555555555,3.9444444444444446
c4f7fee5b0db50e87766f5a4d1b1b758,SP,8,9,11961.83,571.77,1329.0922222222223,5,8,0,0.0,2.875
76c47a299e4a8fe992316a85865acbe9,SP,6,10,1024.46,221.88,102.446,5,6,2,0.3333333333333333,4.666666666666667
9c1c0c36cd23c20897e473901a8fb149,SP,6,7,544.97,172.07,77.85285714285715,3,6,0,0.0,5.0
2c4c47cb51acd5ea5db5e0ae0e26542a,SP,12,15,2575.90,341.47,171.72666666666666,4,12,0,0.0,4.666666666666667
b9ca8e8baa5d4aa038394a700f63e69f,SP,14,14,1289.77,388.18,92.12642857142858,8,14,1,0.07142857142857142,4.214285714285714
2ec6e37d992a95eaddb3369dcbcc76d9,RS,2,2,159.80,24.14,79.9,1,2,0,0.0,1.5
c8b0e2b0a7095e5d8219575d5e7e1181,SP,84,85,12170.21,1487.13,143.1789411764706,58,84,6,0.07142857142857142,4.0843373493975905
b335c59ab742f751a85db9c411a86739,MG,33,35,2873.34,607.38,82.09542857142857,21,33,1,0.030303030303030304,3.8484848484848486
39d54ff918774174706fb065d7f9dc07,SP,23,25,1593.59,363.40,63.7436,16,23,3,0.13043478260869565,3.9130434782608696
6c99c983ce3b6ba0ab813e6790e81691,MG,9,9,546.75,205.76,60.75,5,9,0,0.0,3.7777777777777777
d29ba1220fb8634fa3a107e54497b8a4,SP,9,9,724.94,182.92,80.54888888888888,7,9,0,0.0,3.2222222222222223
b6dc74ed30f124f95227bed4e43a3bed,PR,11,13,518.96,228.63,39.92,6,11,1,0.09090909090909091,4.083333333333333
712e6ed8aa4aa1fa65dab41fed5737e4,SC,79,87,39815.00,6889.13,457.64367816091954,24,79,17,0.21518987341772153,3.392405063291139
ecccfa2bb93b34a3bf033cc5d1dcdc69,PR,15,19,1338.64,262.71,70.45473684210526,7,15,2,0.13333333333333333,2.5714285714285716
7f2617c58d5d06806987308b45654351,SP,22,23,3656.80,326.47,158.9913043478261,2,22,2,0.09090909090909091,3.8181818181818183
41c2bad7229b0c25e6becf179ebf63ff,RN,20,23,782.00,189.92,34.0,4,20,0,0.0,4.95
3fd1e727ba94cfe122d165e176ce7967,SP,37,38,2805.20,589.22,73.82105263157895,12,37,7,0.1891891891891892,3.7837837837837838
d9a84e1403de8da0c3aa531d6d108ba6,SP,54,59,1425.20,732.14,24.15593220338983,35,54,3,0.05555555555555555,4.518518518518518
606ce7768feac12c5e8bd58db8b08f0f,SP,5,5,2916.60,102.26,583.32,5,5,0,0.0,4.8
e3b4998c7a498169dc7bce44e6bb6277,SP,3,3,6897.90,216.79,2299.3,3,3,0,0.0,2.6666666666666665
7e26c750b4cb9f6766f58265ff9ebe95,MG,23,27,1344.30,388.88,49.78888888888889,2,23,0,0.0,4.434782608695652
a3dd39f583bc80bd8c5901c95878921e,BA,34,37,4607.81,804.35,124.5354054054054,3,34,1,0.029411764705882353,4.6
134a288e7de827ec5ec62e3ec9c3a295,SP,9,9,877.45,126.55,97.49444444444444,7,9,0,0.0,4.777777777777778
5962468f885ea01a1b6a97a218797b0a,PR,8,9,791.00,137.04,87.88888888888889,4,8,0,0.0,4.142857142857143
579891617139df7d8671d373f0669622,RJ,8,8,280.30,128.20,35.0375,7,8,2,0.25,4.5
c3fe93ba3085f92855c97e57f38c8c05,PR,7,7,245.00,113.97,35.0,5,7,0,0.0,5.0
daf565f087a52def0fd5c5825b3661bc,SC,9,9,813.90,307.93,90.43333333333334,5,9,1,0.1111111111111111,3.625
4de6e4ba574aa9dfdc824bc44dc47fdd,PR,14,14,451.10,253.32,32.22142857142857,12,14,1,0.07142857142857142,4.071428571428571
da2782c804606d2a5d8e1760dbb3e7ec,SP,1,1,89.00,14.37,89.0,1,1,1,1.0,1.0
39c763cca83e654764b7a4a650fb9b7c,GO,11,11,761.00,223.21,69.18181818181819,4,11,2,0.18181818181818182,3.8181818181818183
eb4df17aed01d918c65f0f8d650900c0,SP,11,11,3739.87,185.59,339.98818181818183,9,11,3,0.2727272727272727,3.909090909090909
240b9776d844d37535668549a396af32,RJ,36,36,13592.08,860.57,377.5577777777778,11,36,2,0.05555555555555555,4.277777777777778
2493dc3f20131696a0ecdb9948051a8d,DF,4,4,504.38,70.69,126.095,3,4,0,0.0,4.75
52956b80ae65fda598f06f6b9943e7a9,PR,3,3,792.00,66.85,264.0,1,3,1,0.3333333333333333,4.0
05e107217c7266362fd44b75b2cd4cc4,SP,5,8,193.38,82.01,24.1725,3,5,2,0.4,4.2
1660ad786c27fd935378b6192a90b417,SP,12,13,1570.00,248.28,120.76923076923077,9,12,1,0.08333333333333333,4.583333333333333
c35672b10ad50968f567ea3f4b91e877,RJ,18,22,1150.57,364.78,52.29863636363636,3,18,1,0.05555555555555555,4.5
48985c61529077fa4f1e38bcff0f2ed3,RS,7,7,879.30,148.07,125.61428571428571,2,7,0,0.0,4.428571428571429
94c49f20a123aeb9360dbf80ff912bf6,SP,3,3,277.75,61.54,92.58333333333333,2,3,0,0.0,3.6666666666666665
af4a0e4cfe1d9c26b6712b1be25a72e5,MG,21,26,8757.98,593.62,336.8453846153846,17,21,2,0.09523809523809523,3.4285714285714284
4e8dacf3d38f281ae26c3e0321d92d88,SP,10,15,2644.95,216.16,176.33,5,10,1,0.1,2.8
3d0cd21d41671c46f82cd11176bf7277,SC,9,11,447.80,174.58,40.70909090909091,6,9,0,0.0,4.666666666666667
822b63912576852aea9a8436d72317b7,SP,8,9,4905.69,191.38,545.0766666666667,5,8,0,0.0,3.875
c510bc1718f0f2961eaa42a23330681a,SP,13,13,12251.00,960.87,942.3846153846154,11,13,0,0.0,4.0
270297ead4c65a6cd2593960d2af6b21,SP,18,20,9422.40,546.10,471.12,12,18,0,0.0,3.823529411764706
184a67a8f9f63234d3a92340bbdb727f,SC,8,11,268.66,208.34,24.423636363636362,7,8,0,0.0,3.7777777777777777
0ac4201fda2c68ebc0e47cb9423cf3c9,SP,13,14,1676.88,233.99,119.77714285714286,4,13,1,0.07692307692307693,4.285714285714286
bd1d49a326abfa9b1036772e40445430,SP,12,13,637.70,188.50,49.05384615384615,10,12,1,0.08333333333333333,4.083333333333333
ce616e1913288884e7742faac9d981db,SP,15,24,365.10,274.93,15.2125,9,15,1,0.06666666666666667,4.466666666666667
888faa8bfb0b159c37de6d898b961c31,SC,19,23,2418.30,526.70,105.14347826086957,14,19,0,0.0,4.2105263157894735
11d4c477d09821164bca4f70a2eae031,SP,3,4,83.04,57.82,20.76,2,3,0,0.0,5.0
5c603ffb38cbbf25a0e0698941324143,MG,2,2,348.80,44.81,174.4,2,2,0,0.0,1.0
81ed90f07c0bacb7594940ba2ef676aa,MG,2,2,223.90,33.56,111.95,2,2,0,0.0,4.5
bd43e172d599bed47a85da877172ca8c,SC,1,1,23.92,18.27,23.92,1,1,0,0.0,5.0
59417c56835dd8e2e72f91f809cd4092,SP,18,18,36459.00,1198.77,2025.5,9,18,0,0.0,4.277777777777778
fac1a9017ade7bdc94058fc1c969f355,SP,9,10,2010.84,212.07,201.084,9,9,0,0.0,4.666666666666667
67225bff54a172ff67579aaf583efd78,PA,8,8,1238.00,155.11,154.75,7,8,1,0.125,4.5
b274baf5bbd142410eb2958cf685d684,RS,7,7,585.90,148.67,83.7,7,7,0,0.0,4.285714285714286
e6ffc9ac6a7adc9d16a1cfc2286dd546,SP,1,1,34.99,8.29,34.99,1,1,0,0.0,1.0
417a1e6c7321084d2a0ae0d023cfad93,RS,1,1,48.90,12.48,48.9,1,1,0,0.0,5.0
d8d9567d0bfb0bc7eb845a205ba42657,SP,4,4,74.60,59.71,18.65,3,4,2,0.5,3.5
160e4f13fd3a64b1b86807be88b5ffb0,PR,4,4,886.00,94.45,221.5,2,4,0,0.0,4.25
02d35243ea2e497335cd0f076b45675d,RN,14,16,5794.00,605.95,362.125,3,14,5,0.35714285714285715,2.642857142857143
4a23adac87cf538689fa600d976f78b2,SP,3,3,405.00,35.41,135.0,1,3,0,0.0,4.333333333333333
1dc2de47ee26a0a5b12dc14fd6dc0dea,SP,25,27,1670.30,617.20,61.86296296296296,11,25,3,0.12,4.56
7fe21dd00d2f4943ae09525efa2fd674,RJ,4,4,299.60,57.36,74.9,4,4,0,0.0,3.0
ab9db4cf53b08b828b64dccaafc2d9f0,RS,5,5,277.67,125.76,55.534,4,5,0,0.0,4.2
eaaa46e98c9e61f6764dd1d7a2ab8b3e,RN,1,1,98.00,27.64,98.0,1,1,0,0.0,5.0
458d868c9642f55f18f04e951a3fdde6,RS,2,2,2718.00,104.75,1359.0,1,2,0,0.0,5.0
b6e1504972665f739dec4facb9943775,SP,14,14,1484.48,225.89,106.03428571428572,7,14,1,0.07142857142857142,4.357142857142857
3febca52652e7209509ccfe61cbde40e,SP,2,2,84.00,16.90,42.0,1,2,0,0.0,2.0
c6a7539d424a8402232c2228d7a03c5e,SP,10,15,607.50,393.82,40.5,1,10,1,0.1,3.1
3985a3c45be355a4c57fde108bfabd1c,RS,7,8,344.20,172.00,43.025,5,7,0,0.0,4.0
89f69225956f951295ca4c7fb1266553,RJ,11,12,1041.30,277.41,86.775,8,11,1,0.09090909090909091,4.2727272727272725
b452cb0ae35044c4a53179c39f49fb06,SP,2,2,63.70,38.29,31.85,2,2,0,0.0,4.0
c00396cbdd2e088fe4281baa5920aef1,PR,1,3,832.41,73.44,277.47,1,1,0,0.0,5.0
820c7c9eaf76d2b226b6c242bcf3f34d,SP,1,1,559.00,18.00,559.0,1,1,0,0.0,4.0
acf974e4d5950ad143a247471b831eb9,RS,5,12,423.80,329.82,35.31666666666667,3,5,0,0.0,4.75
e627629ba868740e287800f1a9be81c2,SP,13,13,504.50,139.05,38.80769230769231,13,13,0,0.0,4.461538461538462
1284de4ae8aa26997e748c851557cf0e,SP,3,3,1459.97,86.87,486.6566666666667,3,3,0,0.0,2.6666666666666665
9198786624eaeb375793215cad26cfa6,SC,9,10,908.30,210.07,90.83,6,9,0,0.0,3.7777777777777777
2ee0a0689f2f6a72f35a7cb6033f6e7e,SP,4,4,272.00,52.84,68.0,2,4,0,0.0,4.0
1cbd32d00d01bb8087a5eb088612fd9c,SP,11,12,1045.47,244.06,87.1225,11,11,1,0.09090909090909091,4.181818181818182
4f1f1c8666cdb6442f775c4e8caed465,MG,2,2,944.98,125.41,472.49,2,2,0,0.0,5.0
76623fde66e6b63b59440fd34160512d,SP,3,3,65.40,23.34,21.8,3,3,0,0.0,4.0
e503f22be6a4f456d9851920a5d9c670,SP,2,2,198.90,32.44,99.45,2,2,0,0.0,4.0
07bf9669d84d1f11be443a9dd938f698,SP,18,24,1776.00,646.22,74.0,11,18,0,0.0,3.7222222222222223
63bc58679c44e8a998792119fd7ad23e,SP,1,1,19.90,14.11,19.9,1,1,0,0.0,1.0
a0415d9b25ede3c4b1e477e9916ffc03,RJ,10,10,4044.10,203.88,404.41,8,10,0,0.0,3.9
c79151301b9d90985d1fa52879213105,PR,4,8,322.30,130.81,40.2875,3,4,0,0.0,3.75
6f835fd4be26989b1b064399da346143,PR,2,2,197.80,31.45,98.9,1,2,0,0.0,5.0
dc50afafdfa325eadc890c7fa42a8f4e,PR,4,4,424.20,57.28,106.05,3,4,0,0.0,4.75
ac9b01377919cdbd2a1bbb8d5837c70b,SP,1,1,55.90,23.54,55.9,1,1,0,0.0,3.0
6548c2550b6e2d8f18053216e1c7b6f3,SP,3,5,217.70,69.85,43.54,3,3,0,0.0,5.0
85ecf03781da592876b7844acc1b729f,SP,2,2,251.00,43.90,125.5,2,2,1,0.5,4.5
4c61e37f664c3c88aff092aa5ac779d7,RJ,7,8,788.31,119.86,98.53875,3,7,2,0.2857142857142857,4.0
dadc51ef321949ec9a3ab25cd902e23d,SP,1,1,85.00,14.34,85.0,1,1,0,0.0,1.0
5f06030071324cc52bf0304014ac7234,SP,4,4,783.96,100.35,195.99,1,4,0,0.0,4.0
e5c84227854980f1db19a58958c551d9,PR,4,4,72.81,68.83,18.2025,4,4,0,0.0,4.75
a3b42d266fa8afc874b909422ce88582,SP,1,6,839.40,81.84,139.9,1,1,0,0.0,5.0
3e46a38ee171c503c3b4a3f23fe3bf0c,SP,1,1,59.90,9.11,59.9,1,1,0,0.0,5.0
5566627eab3fe93fd6ee08798226101a,PR,5,5,85.50,102.31,17.1,4,5,0,0.0,4.4
41da412d33e8da4f22baf55cb1bde82c,ES,15,21,862.90,374.16,41.09047619047619,10,15,0,0.0,4.666666666666667
0e72c1a751b496722a6cb1f10653b62a,SP,3,3,140.80,51.30,46.93333333333333,3,3,0,0.0,4.666666666666667
37dd29b36c458d82f74a953c40c43645,SP,7,8,4536.99,479.44,567.12375,5,7,1,0.14285714285714285,3.857142857142857
934ed5cd1b9c1c7382d0a94a94b9e639,PR,1,1,125.85,26.62,125.85,1,1,0,0.0,5.0
05aebce0b5c8f0d41b29b686f2d05fd3,SP,2,2,74.99,45.89,37.495,2,2,1,0.5,5.0
052577151711aec5c744fe12e66db3e1,SC,4,4,2748.00,222.42,687.0,1,4,0,0.0,2.25
1a8e2d9c38b84a9702ac7922924b0573,SC,1,1,80.00,17.00,80.0,1,1,0,0.0,5.0
7caa63f175b1cecbfaadd8b5ab9998c7,SP,2,2,39.80,20.53,19.9,2,2,0,0.0,2.0
56db5c0782e8f7ddc9343f9576ff6d16,SC,2,2,734.80,57.15,367.4,2,2,0,0.0,3.0
c5ebe6598748b0aeaa61cfb820478b92,RS,3,3,297.00,40.17,99.0,3,3,0,0.0,4.666666666666667
72431a818f97fe6ab9c81eee3e297e54,SP,1,1,229.90,19.49,229.9,1,1,0,0.0,5.0
6576fd3e23c88f0e5d4d23f39bba0542,SP,1,1,14.50,10.96,14.5,1,1,0,0.0,1.0
422be4cc81a457fdb46f47edeb968ae5,SP,1,1,239.90,77.47,239.9,1,1,0,0.0,5.0
c7c7b2682c648339a0e9846bb1023a39,SP,2,3,168.00,31.68,56.0,2,2,0,0.0,4.5
0d4c8269e7f0401201794deef160edd6,SP,3,4,792.64,99.39,198.16,4,3,0,0.0,3.6666666666666665
88af55b4a7ca402b27df16f7c7c9b5d2,SP,1,1,130.00,11.52,130.0,1,1,0,0.0,1.0
dff87e4de60c9736ce8df835951b09bc,SP,2,2,998.00,45.43,499.0,2,2,0,0.0,2.5
c8cc60ffd415254af5d9b9f34f32c369,SP,8,9,722.20,194.03,80.24444444444444,7,8,0,0.0,4.75
2a50b7ee5aebecc6fd0ff9784a4747d6,DF,1,2,199.80,64.44,99.9,1,1,1,1.0,1.0
556a6409838156ea299c9d1f9e2dde43,PR,4,4,1362.80,86.84,340.7,4,4,0,0.0,3.25
a11a0e0ca67423425691db355cff69b0,SP,2,2,448.90,28.08,224.45,2,2,1,0.5,5.0
3986c0b54f6b748b75e7bd4e092aa3e5,PR,1,1,24.99,15.28,24.99,1,1,0,0.0,5.0
3f84fefc07dc159b268d4a77d3e8c425,PR,3,3,200.60,51.32,66.86666666666666,3,3,0,0.0,5.0
7ab0dd5487bab2dc835337b244f689fb,SP,1,1,12.50,10.96,12.5,1,1,0,0.0,5.0
747e73c01a4593d4cf60dcf970fd2689,PE,3,3,2217.99,123.77,739.33,3,3,0,0.0,4.333333333333333
abe021b01ba992245271b9aa422032df,PR,2,2,6720.00,117.24,3360.0,2,2,0,0.0,3.5
e8ff5a6ceb895583033fc2a0f314e3c2,SC,1,1,139.89,19.08,139.89,1,1,0,0.0,5.0
8ea394aed8138685abe1eb9f25e1021d,SP,2,2,1340.00,77.60,670.0,1,2,0,0.0,4.0
d93b8458c6fe139d85cfa5eadbf55bd2,SP,1,1,19.90,14.10,19.9,1,1,0,0.0,5.0
39a5005f2605cbdb4f9ac14485cabfd1,SP,3,8,501.07,232.59,62.63375,3,3,0,0.0,5.0
a3082f442524a1be452e3189e003b361,SP,3,4,301.60,97.65,75.4,3,3,0,0.0,4.333333333333333
7b7ed56ae755e2880f2b69632e839c1e,GO,5,5,321.50,135.10,64.3,4,5,1,0.2,4.2
a89e143d5211473ae18db9577ee34b64,SP,2,2,140.00,19.68,70.0,2,2,0,0.0,3.0
e09887ca8c7bf8a4621ce481820414ef,SP,3,4,119.96,58.70,29.99,4,3,1,0.3333333333333333,2.3333333333333335
dda37071807e404c5bb2a1590c66326f,SP,1,1,199.99,19.28,199.99,1,1,0,0.0,5.0
76de363de16dacc923eec8daf91df504,SC,2,2,360.00,50.42,180.0,2,2,0,0.0,2.5
9b1ab052f5fca308ba743ac789ebb2e1,PR,2,2,294.09,31.99,147.045,2,2,0,0.0,4.0
265fdc289dffa9f1ad801c74f7d0de47,SP,1,1,495.00,51.55,495.0,1,1,0,0.0,5.0
b6f52e346160519c24a23af05410ad32,SP,1,1,129.90,13.35,129.9,1,1,0,0.0,4.0
bd65d163ded559eb90a10cd09fec178f,SP,1,2,19.80,18.68,9.9,2,1,0,0.0,4.0
964ff64dc05b13811c6d0f41e0aa5f6b,SP,1,1,180.00,24.06,180.0,1,1,0,0.0,5.0
a3fa18b3f688ec0fca3eb8bfcbd2d5b3,SP,1,2,47.80,36.46,23.9,1,1,0,0.0,5.0
eb1bf309f4f6af9a97e9ddac3fdbeabe,SP,1,1,22.30,8.88,22.3,1,1,0,0.0,5.0
d58d521f3789def2e7a22715e0badd93,SP,2,2,65.98,18.22,32.99,1,2,0,0.0,3.5
bbe87dce25ba8b38bb61cc7210a3f10b,SP,2,2,287.00,68.39,143.5,2,2,0,0.0,5.0
3bfad056cf05c00dabe2f895925d83b1,SP,1,5,206.65,46.70,41.33,1,1,0,0.0,1.0
f1fdf2d13186575751aa25876536d85c,SP,1,1,26.30,8.29,26.3,1,1,0,0.0,5.0
c360e4787614ed31ac7a2f95d3b22dc6,SP,1,1,188.90,30.05,188.9,1,1,0,0.0,2.0
e00d85ce20ea50c1224c66ca5050527d,SP,1,1,149.00,8.30,149.0,1,1,0,0.0,4.0
8a32e327fe2c1b3511609d81aaf9f042,SP,132,180,6429.01,2363.03,35.716722222222224,53,132,4,0.030303030303030304,3.8421052631578947
c3cfdc648177fdbbbb35635a37472c53,PR,278,307,43048.18,6079.63,140.22208469055374,111,278,7,0.025179856115107913,4.46643109540636
e8b4225284fbb02d16f200513f1f395d,SP,31,31,5788.52,1297.61,186.72645161290322,18,31,3,0.0967741935483871,4.193548387096774
955fee9216a65b617aa5c0531780ce60,SP,1287,1499,135171.70,25430.98,90.17458305537025,104,1287,98,0.07614607614607614,4.1587177482408135
e333046ce6517bd8bb510291d44f0130,SP,68,74,7268.00,1431.32,98.21621621621621,47,68,4,0.058823529411764705,4.338235294117647
f80edd2c5aaa505cc4b0a3b219abf4b8,SP,119,128,9108.20,3000.74,71.1578125,23,119,6,0.05042016806722689,4.084745762711864
624f4ece8da4aafb77699233d480f8ef,SP,53,55,9205.00,1722.37,167.36363636363637,9,53,4,0.07547169811320754,4.25
0be8ff43f22e456b4e0371b2245e4d01,SP,161,180,11805.50,2579.15,65.58611111111111,121,161,10,0.062111801242236024,3.950310559006211
431af27f296bc6519d890aa5a05fdb11,SP,117,125,13109.50,2141.35,104.876,20,117,18,0.15384615384615385,3.786324786324786
8c16d1f32a54d92897cc437244442e1b,SC,108,118,5642.60,2112.07,47.81864406779661,25,108,1,0.009259259259259259,4.355140186915888
e38db885400cd35c71dfd162f2c1dbcf,DF,30,32,2066.80,670.75,64.5875,17,30,4,0.13333333333333333,4.466666666666667
ebd2d60905fb58271facef5596b620d3,SP,84,88,7941.72,1733.30,90.24681818181818,39,84,3,0.03571428571428571,4.154761904761905
c003204e1ab016dfa150abc119207b24,SP,197,202,25108.09,4742.80,124.29747524752476,11,197,13,0.06598984771573604,4.448979591836735
3c487ae8f8d7542beff5788e2e0aea83,DF,30,33,9385.70,719.65,284.41515151515154,11,30,1,0.03333333333333333,4.2
d50d79cb34e38265a8649c383dcffd48,SP,70,70,13012.42,1932.26,185.89171428571427,19,70,5,0.07142857142857142,4.246376811594203
610f72e407cdd7caaa2f8167b0163fd8,SP,16,17,13585.16,844.29,799.1270588235294,16,16,2,0.125,3.625
abbf6046bbdf1028606a5bc7f00c99e7,SC,7,7,2217.15,175.99,316.73571428571427,4,7,0,0.0,4.142857142857143
01cf7e3d21494c41fb86034f2e714fa1,PR,61,67,9729.36,2008.82,145.21432835820895,21,61,3,0.04918032786885246,4.15
d1c281d3ae149232351cd8c8cc885f0d,SP,215,240,26942.60,5396.46,112.26083333333334,115,215,19,0.08837209302325581,3.808219178082192
f4c4daa86e30c7e5a553a8d518ac03a5,PR,20,20,6301.91,369.29,315.0955,20,20,1,0.05,3.7
e24d3429d294b2eb200b064ebb035879,SP,19,22,1878.58,372.12,85.39,14,19,1,0.05263157894736842,4.2631578947368425
01fdefa7697d26ad920e9e0346d4bd1b,PR,129,131,14921.43,2768.64,113.90404580152672,21,129,8,0.06201550387596899,4.3515625
8a432f4e5b471f8da497d7dc517666e2,SP,95,106,7555.00,1965.11,71.27358490566037,48,95,5,0.05263157894736842,4.191489361702128
4c8b8048e33af2bf94f2eb547746a916,SP,23,27,2020.73,438.08,74.84185185185186,23,23,2,0.08695652173913043,2.9565217391304346
ea67327e24487bdfac5fbfa37ea124df,SP,32,34,6250.18,930.10,183.82882352941178,24,32,1,0.03125,3.53125
b499c00f28f4b7069ff6550af8c1348a,SP,152,187,10327.13,2577.95,55.22529411764706,68,152,19,0.125,4.124183006535947
5dceca129747e92ff8ef7a997dc4f8ca,SP,325,346,112155.53,13661.39,324.14893063583816,48,325,20,0.06153846153846154,3.984423676012461
e9d99831abad74458942f21e16f33f92,SP,130,149,4922.48,1993.58,33.036778523489936,35,130,14,0.1076923076923077,3.9302325581395348
9d5a9018aee56acb367ba9c3f05d1d6a,GO,67,79,10292.31,1689.90,130.28240506329115,22,67,1,0.014925373134328358,4.417910447761194
b2ac621f0d0322434d04a12b078b9369,PR,30,30,9575.50,781.39,319.18333333333334,13,30,3,0.1,4.4
51e4e89242cbb846c2deff3dc015650e,RS,16,16,822.58,353.17,51.41125,10,16,0,0.0,4.625
1b7e5006cb25dd23ce8686691013b121,SP,11,11,2636.74,149.22,239.70363636363638,7,11,2,0.18181818181818182,4.363636363636363
439a47cc365d6e3bd526812ea9de3c29,SP,8,13,1186.50,224.43,91.26923076923077,5,8,1,0.125,4.25
478bfe564db21eeb44386606aa30b650,MG,3,3,182.70,48.10,60.9,3,3,0,0.0,4.666666666666667
318f287a62ab7ac10b703ac37435a231,SP,52,62,2517.48,1117.12,40.604516129032255,7,52,5,0.09615384615384616,3.8653846153846154
adbc26658d6c7b4b6219f9d934598091,PR,88,92,11806.40,1885.85,128.3304347826087,9,88,14,0.1590909090909091,4.125
29e6e05b65f93bc224c644319dc52ecf,MG,4,4,475.60,83.32,118.9,3,4,0,0.0,4.75
e48b04bf1aa1ef711caebeb7aede6180,PR,25,25,3187.10,645.63,127.484,5,25,0,0.0,4.48
d624126b9206f595fb3fbb6ba03b28a8,PR,23,28,7198.80,569.70,257.1,13,23,1,0.043478260869565216,4.318181818181818
609e1a9a6c2539919b8205cf7c4e6ff0,SC,87,130,6595.23,2687.19,50.73253846153846,69,87,2,0.022988505747126436,3.8117647058823527
f67efa3f0b6761102a7f8c6b7b571f5d,PR,31,32,5188.68,841.49,162.14625,9,31,0,0.0,4.483870967741935
b64d51f0435e884e8de603b1655155ae,SP,17,23,416.18,357.36,18.094782608695652,15,17,3,0.17647058823529413,4.294117647058823
cac4c8e7b1ca6252d8f20b2fc1a2e4af,SP,75,83,4168.18,1554.36,50.21903614457831,33,75,17,0.22666666666666666,3.533333333333333
38e679b9e0064cd94c6f035707344dae,PR,28,30,3694.51,723.59,123.15033333333334,12,28,1,0.03571428571428571,4.0
656591be56071d4c9ef4e5fee78a578a,SP,7,11,1702.00,319.20,154.72727272727272,3,7,2,0.2857142857142857,4.571428571428571
17ca9b9e9b9ef8fdb529001b49ebb50f,MG,116,129,9754.83,2365.89,75.61883720930233,46,116,3,0.02586206896551724,4.051282051282051
0ebd97a106433a45a4aebe57c1799778,MG,31,32,3046.80,614.88,95.2125,10,31,0,0.0,4.483870967741935
a435b009cd956ea60748b5cfbddf2e24,SP,3,3,361.18,45.21,120.39333333333333,2,3,2,0.6666666666666666,4.333333333333333
6b90f847357d8981edd79a1eb1bf0acb,SP,45,47,3322.08,737.65,70.68255319148936,12,45,2,0.044444444444444446,4.369565217391305
2745f798279e0ed033addcc1474776d7,SP,32,32,3668.53,696.46,114.6415625,13,32,3,0.09375,3.967741935483871
2a5b78b41cd05baeac8df54c6606b92c,MG,49,60,19025.36,1107.47,317.08933333333334,23,49,1,0.02040816326530612,4.326530612244898
b1ac6ea7895bc3dd6f0f6f4abbdd2821,RS,40,41,3139.00,825.33,76.5609756097561,3,40,0,0.0,4.35
c0563dd588b775f2e37747ef6ad6c92c,SP,28,28,3697.20,397.48,132.04285714285714,8,28,3,0.10714285714285714,4.357142857142857
d66c11a9572221d92fbb8c4897db5f9b,RJ,16,16,776.56,387.82,48.535,9,16,0,0.0,4.5625
3c4e0452bff7a2a788179488d3d77032,PR,32,36,3746.40,606.12,104.06666666666666,10,32,1,0.03125,3.838709677419355
2a7dc43cecabf23403078e2188437d1d,SP,52,54,4795.91,833.71,88.81314814814814,14,52,4,0.07692307692307693,4.096153846153846
e99e927c81e3f51739c94fcdfca9f10f,MG,22,25,2702.83,657.64,108.1132,6,22,4,0.18181818181818182,3.6363636363636362
88cf19ec1fc2c58f161aee259d57142c,SP,14,14,1372.97,234.71,98.06928571428571,11,14,0,0.0,4.466666666666667
901b460cdce0c64e471230d7f2f9f3a3,RS,5,5,1904.00,108.56,380.8,5,5,0,0.0,4.4
c840d3fdbba0790404fdae73d253b253,PR,9,14,4522.28,359.65,323.02,7,9,0,0.0,3.5555555555555554
1da366cade6d8276e7d8beea7af5d4bf,MG,43,49,6917.59,1756.14,141.17530612244897,15,43,5,0.11627906976744186,3.9285714285714284
4d600e08ecbe08258c79e536c5a42fee,PR,8,8,4465.34,168.12,558.1675,8,8,0,0.0,4.0
e7f3bf1ecd8526eb7f3b18059e6716e5,SP,18,19,1471.54,276.15,77.44947368421053,10,18,0,0.0,4.555555555555555
a3f0b55de503387383c7b1de3ad7f678,PR,24,26,4348.40,1229.34,167.24615384615385,13,24,1,0.041666666666666664,4.416666666666667
9d5604a1f112324ad6b2aa552122e0fb,SP,13,17,421.50,340.48,24.794117647058822,3,13,0,0.0,3.5384615384615383
0b18d63d0cd1d723567903fd34a07df2,SP,9,14,1678.14,265.89,119.86714285714285,9,9,0,0.0,4.777777777777778
66d5ae34537110d3affc56174dad2b2f,SP,1,3,33.81,38.37,11.27,1,1,0,0.0,1.0
4371b634e0efc0e22b09b52907d9d469,SP,102,112,8194.00,1484.79,73.16071428571429,40,102,8,0.0784313725490196,4.445544554455446
81783131d2a97c8d44d406a4be81b5d9,SP,13,15,1782.54,195.04,118.836,5,13,1,0.07692307692307693,3.5
a64e44665225d19dfc0277eeeaaccc57,SP,6,6,335.00,91.76,55.833333333333336,3,6,1,0.16666666666666666,5.0
e256a62e0ac58c0edfba09966142d561,PR,12,14,1474.11,335.44,105.29357142857143,5,12,0,0.0,4.416666666666667
2fa13c8bd5705d279f7ed5cc9ec61c68,SP,2,4,87.40,61.30,21.85,2,2,0,0.0,5.0
62c50c1af4dfdc4149d25c5222043d39,SP,14,19,2785.72,310.31,146.61684210526315,5,14,0,0.0,3.7142857142857144
8bdd8e3fd58bafa48af76b2c5fd71974,SP,11,11,2324.82,190.73,211.34727272727272,5,11,1,0.09090909090909091,4.545454545454546
c3ee2331a724e6fc02c4b698b57a73f3,SP,2,3,1347.00,140.88,449.0,2,2,0,0.0,3.0
4e5725ba188db8252977a4f0227bd462,SP,22,25,1930.59,382.61,77.2236,13,22,6,0.2727272727272727,3.409090909090909
ed8cb7b190ceb6067227478e48cf8dde,SP,15,17,573.50,242.71,33.73529411764706,10,15,1,0.06666666666666667,3.4
c7a0a13cbcf29d5ce51c8f80afdc0b89,SC,8,9,483.08,174.72,53.675555555555555,4,8,0,0.0,4.125
09f952a5f58d2285b0372551ae8f9b01,SP,50,56,11821.50,1524.96,211.09821428571428,11,50,3,0.06,3.84
fb3cfbc8a86f5d7fbb4d36b8df63f60d,RJ,10,15,1007.30,217.76,67.15333333333334,7,10,0,0.0,4.2
b81e3a6c866a764974fe849821abeebd,SP,8,11,836.15,216.86,76.01363636363637,8,8,0,0.0,4.625
9853a239ab7b7ebbdc3a21248d5b8e1f,PR,5,5,381.00,90.01,76.2,5,5,1,0.2,3.8
62760d278921b5f352461620d68a9cee,SP,3,3,397.00,53.10,132.33333333333334,2,3,1,0.3333333333333333,3.6666666666666665
5c030029b5916fed0986310385ec9009,SC,7,10,4164.40,915.50,416.44,6,7,0,0.0,4.857142857142857
e5f9e61ceb5f523cc966e0f34095032f,SC,4,4,2238.00,115.44,559.5,2,4,1,0.25,4.2
4d9fea3499bdc22aa4da4e339365f215,SP,2,2,192.54,30.20,96.27,1,2,0,0.0,5.0
8fb791022c1fc8909664f48ab7dc636d,SP,5,5,8119.95,363.40,1623.99,4,5,0,0.0,4.2
0336182e1b3e92f029d5354832045fdf,SP,1,2,29.80,17.57,14.9,2,1,0,0.0,2.0
4be9ae93c4fc0f41713d71a4194ee1b3,MG,1,1,109.90,27.07,109.9,1,1,0,0.0,5.0
0afccdb8a34ee5c79f7c06faf2b4d56e,MG,25,25,1225.50,388.28,49.02,10,25,2,0.08,4.041666666666667
7bcd7c5f8631701474db233ccf1c094b,SP,11,11,666.00,194.94,60.54545454545455,5,11,1,0.09090909090909091,3.6363636363636362
c6381d2d013342748761e906d45aff76,RS,15,28,2042.98,571.28,72.96357142857143,7,15,0,0.0,3.8666666666666667
94b9108d4b637ba65bb4f1e53cfcf8d8,SP,7,8,234.96,99.13,29.37,3,7,1,0.14285714285714285,4.428571428571429
03a2a6dcbe45d639c4dc2a0d24769c40,SP,9,9,1078.41,172.25,119.82333333333334,7,9,1,0.1111111111111111,4.111111111111111
f5b44895715ddfe3087dc414f30268f3,SP,19,19,378.80,275.64,19.936842105263157,17,19,1,0.05263157894736842,4.0
c3acdfac4e3e97ff87529454fbc03642,SP,12,12,16788.00,269.28,1399.0,9,12,1,0.08333333333333333,4.25
19484c79cef6c062cb177aa4ef2fcc3c,SP,1,1,201.90,10.16,201.9,1,1,1,1.0,1.0
a8739afb32aaa45e01815ca76f76f54b,SP,13,15,298.83,264.73,19.922,8,13,1,0.07692307692307693,3.769230769230769
f5f46307a4d15880ca14fab4ad9dfc9b,SC,9,10,1422.94,231.38,142.294,6,9,1,0.1111111111111111,4.111111111111111
92d14edfb62ee5ae7fdff70b0f4e7233,SP,8,13,322.00,165.65,24.76923076923077,5,8,0,0.0,3.375
4bcec44888b30ba9001234c534716d3f,SP,5,5,146.00,63.23,29.2,2,5,0,0.0,4.6
9b1585752613ec342d03bbab9997ec48,RJ,3,3,4248.98,100.06,1416.3266666666666,3,3,0,0.0,3.6666666666666665
fa14641f57b655e933124a9ea49cd7a5,SP,7,7,359.93,83.06,51.418571428571425,6,7,0,0.0,4.571428571428571
42fb44130ac3134cde8e35cf8ec7df25,SP,3,3,62.70,36.44,20.9,2,3,0,0.0,3.6666666666666665
340636a908b13bbe0f4fb63fbe1d0c03,SP,5,6,823.20,169.95,137.2,4,5,0,0.0,3.4
4d232b78ab7ef10393dc3807d827bc0d,MG,5,5,1475.00,214.99,295.0,2,5,0,0.0,4.4
52a50b42accf164f9f019941e5759d9b,SP,4,4,139.96,57.06,34.99,2,4,1,0.25,4.75
f52c2422904463fdd7741f99045fecb6,SP,12,13,567.79,177.01,43.676153846153845,10,12,1,0.08333333333333333,4.25
cb0b3bcf14e0a709df412a99424a59d7,SP,2,2,460.00,47.43,230.0,2,2,0,0.0,4.5
213fafb0ca06fb3d5886579c2565791b,MG,3,3,189.70,27.16,63.233333333333334,3,3,0,0.0,2.3333333333333335
2b03ac196f5ed62ac483960fe0fa3b65,SP,7,7,843.10,92.09,120.44285714285714,5,7,1,0.14285714285714285,4.142857142857143
431050a06a317f2b38168dec3dcd2b46,SP,12,12,1487.80,233.15,123.98333333333333,7,12,0,0.0,4.25
8a207b6080964f3c1fc9d35bd6096ba4,SP,2,3,553.70,176.34,184.56666666666666,2,2,1,0.5,5.0
6806dad1da97bfb5a9038eac6881f706,PR,10,14,1477.00,306.26,105.5,9,10,1,0.1,3.909090909090909
d1b9d4be4b6f9ebd85f8acd6745ba612,MG,11,11,1154.35,194.18,104.94090909090909,10,11,0,0.0,4.181818181818182
1d503743d2526f03f0c2c89540ee008c,SP,12,17,516.04,204.49,30.35529411764706,7,12,1,0.08333333333333333,3.9166666666666665
d0d70d21e2234dd7cd3cf63fe414148a,PB,8,9,598.40,366.59,66.4888888888889,6,8,0,0.0,4.25
48fb026ed7455a42f5d3e9390ed5088e,RJ,11,11,555.71,223.43,50.519090909090906,11,11,0,0.0,2.6363636363636362
6d7f8d9d594e28796b6b3205b00f459c,PR,3,3,417.90,59.11,139.3,2,3,0,0.0,3.6666666666666665
2bf28e311bba65237358230cabac3f15,PR,7,8,294.00,183.88,36.75,6,7,2,0.2857142857142857,3.7142857142857144
70bf57d811208f8923b41bbd499a67a4,SP,7,7,780.80,88.93,111.54285714285714,3,7,0,0.0,4.142857142857143
1746c1ae87ac63d530c7c943d0ac42e2,SP,1,1,229.90,22.45,229.9,1,1,0,0.0,5.0
6bd69102ab48df500790a8cecfc285c2,SP,5,5,8070.00,289.02,1614.0,3,5,1,0.2,3.0
fe1bbc5feda5c8979a8a1b3b2512d5a6,MG,9,10,724.72,137.53,72.472,7,9,1,0.1111111111111111,3.888888888888889
c24173065483e421f9e5e7f599de101d,SP,9,9,373.91,117.30,41.54555555555555,4,9,1,0.1111111111111111,3.5555555555555554
b7d5b4b87af9d42b601865d3f3810bff,SC,2,2,1049.00,41.02,524.5,2,2,0,0.0,2.0
d9cd369bffa979d1634f8e1318bf2f1b,SP,3,3,678.00,66.81,226.0,3,3,0,0.0,5.0
e5899683388855d3dabe8913bbe365de,SP,3,3,452.88,80.98,150.96,3,3,0,0.0,4.0
777a0c55737f34ffeb78010f7542ab41,SP,6,6,452.50,75.83,75.41666666666667,3,6,0,0.0,4.333333333333333
38f276ca6e7cc95a6d1bb55ac9e5550f,SP,1,1,24.99,11.85,24.99,1,1,0,0.0,5.0
0bebbb2cea103a4a020c95d43fd7d754,SP,9,9,1367.20,147.14,151.9111111111111,9,9,0,0.0,4.888888888888889
df683dfda87bf71ac3fc63063fba369d,RS,1,1,39.90,16.05,39.9,1,1,1,1.0,1.0
141440cad9341e553f8401c574a2aa38,PR,11,12,1288.20,290.80,107.35,9,11,0,0.0,4.454545454545454
7b3f6ce5c6c22e9b96e7581ebf0df6e1,SP,1,1,29.80,12.69,29.8,1,1,0,0.0,3.0
782f78b632a43875dd5b53e3e49c9564,SP,2,3,146.01,41.56,48.67,1,2,0,0.0,3.0
939f6e231201f26803cb5c3a3d2940b3,SP,3,4,130.60,95.02,32.65,3,3,0,0.0,4.666666666666667
6601ee6383e7f452be71929f8de48bbb,SP,2,2,153.60,28.34,76.8,2,2,0,0.0,4.0
0307f7565ff85b299b6e5ef162b1b1a9,SP,7,7,4728.80,274.77,675.5428571428571,6,7,0,0.0,3.142857142857143
c113b8df1fc375bc3d73d29c1b1144d1,SP,3,5,333.00,67.87,66.6,2,3,0,0.0,4.333333333333333
6da1992f915d77be95d7fa48b36904af,SP,7,9,261.00,122.66,29.0,1,7,0,0.0,4.0
7dea6f73af847b42cc3985bd620f994d,PR,2,2,324.00,56.17,162.0,2,2,0,0.0,4.0
a513150f33f99a06569e9cd5c4bb889b,SP,2,2,677.00,34.25,338.5,2,2,0,0.0,4.333333333333333
07a9bc7f61396b658ddf3ac534efe44c,SP,1,1,119.90,15.59,119.9,1,1,0,0.0,3.5
9b1050e85becf3ae99c1cf4934c9bc5d,MG,2,2,85.14,30.20,42.57,1,2,0,0.0,2.5
44f091b5abab8018f682fce8124b85e5,SP,6,6,1680.10,107.61,280.01666666666665,4,6,2,0.3333333333333333,2.5
3903c788ded8dc03b5ebab37a2f3e9a1,SP,5,5,119.98,51.27,23.996,4,5,1,0.2,4.0
010da0602d7774602cd1b3f5fb7b709e,SP,1,5,849.50,230.25,169.9,1,1,0,0.0,1.0
189ca3538ce9f920cacf0f982cbe223b,SP,4,5,419.00,62.67,83.8,4,4,0,0.0,4.25
57df9869a600bd6b7c405f2a862eccfb,MG,5,5,125.00,72.21,25.0,1,5,0,0.0,4.4
7adbd3210a7b3cc2235e225eef33574d,SP,3,3,131.90,72.96,43.96666666666667,2,3,0,0.0,4.666666666666667
9c54608f0996c32ae4743089d915f845,PR,3,3,194.80,109.92,64.93333333333334,3,3,0,0.0,4.0
c0f3eea2e14555b6faeea3dd58c1b1c3,SP,1,1,79.99,15.66,79.99,1,1,0,0.0,5.0
3d49bfdd1b43a7fe169b3740067acc61,MG,3,3,215.00,61.82,71.66666666666667,2,3,0,0.0,4.666666666666667
89d9a386b0b6e5fc8403071b03f7206a,SP,2,5,167.00,68.25,33.4,1,2,0,0.0,4.0
51a04a8a6bdcb23deccc82b0b80742cf,SP,1,1,167.99,31.93,167.99,1,1,1,1.0,1.0
70c0fda4c313d87115644d39e62eec60,PE,1,1,25.99,37.09,25.99,1,1,0,0.0,5.0
3f8247d0f772ffa58560e5c682521ad5,SC,1,1,139.90,18.55,139.9,1,1,0,0.0,3.0
f0ec6a2adb05c62655a26dd347b8dede,SP,1,2,72.00,14.78,36.0,1,1,0,0.0,1.0
86bf77bdb52e615674772d5817c6212f,RS,4,5,281.80,97.58,56.36,3,4,0,0.0,4.75
80f2cf9abf6b5a0e5c612b5eea6646e6,SP,7,7,766.08,288.70,109.44,7,7,1,0.14285714285714285,4.428571428571429
31eec405c9bb71dec8e2629a92e764fa,ES,5,5,256.89,170.24,51.378,5,5,0,0.0,4.6
693660429f9dc4ff704eb3d88dad54d7,SP,2,2,124.00,24.12,62.0,1,2,0,0.0,4.0
10089e9f2fd0c668a8fd4e52e1698888,SP,3,3,1139.90,59.41,379.96666666666664,3,3,0,0.0,4.333333333333333
46ef1a25845fc051c2998d878354810c,MG,5,5,250.41,98.04,50.082,4,5,1,0.2,4.4
a4b8d97cd5d3674eeff96abc99d8ed67,SP,1,1,214.08,19.30,214.08,1,1,0,0.0,1.0
5b92bfa4120daa27c574daa2e386c693,SP,1,1,14.00,10.96,14.0,1,1,0,0.0,3.0
2cb4700db635baa1c0d4f90ed27b6669,PR,2,2,199.80,28.92,99.9,2,2,0,0.0,2.0
22a23e5ac7061fc538cc2a019afaaf16,MG,1,1,95.00,14.42,95.0,1,1,0,0.0,3.0
4c4d546adf3c3868fe19c9ec6e9ffda9,PR,2,3,111.70,45.39,37.233333333333334,2,2,0,0.0,4.0
6e85dc5ecd97a61094b89b046a509d8e,SP,1,1,169.90,12.69,169.9,1,1,0,0.0,1.0
2c54051840f19eca309a5423cf22df36,PR,2,2,23.70,28.57,11.85,2,2,0,0.0,4.5
809413606dbfe5deefd2db646693ef67,SP,3,5,196.68,50.37,39.336,3,3,0,0.0,4.333333333333333
4a82168aaef173cbb6e46ae88728f919,PR,4,4,512.00,100.39,128.0,2,4,0,0.0,4.0
8fbe2ee446b97e128471be4ce983dc0d,SP,3,3,148.50,40.00,49.5,3,3,1,0.3333333333333333,3.0
eb72802c83dc7547529c9546d1a9b8ef,SP,8,8,1063.92,117.71,132.99,7,8,0,0.0,4.625
ff82e8873fba613f2261a9acc896fd84,MG,4,4,124.60,58.93,31.15,3,4,0,0.0,3.5
6c6cc59a5c00cacc5054ca06d65cc282,RS,1,1,1107.00,148.71,1107.0,1,1,0,0.0,5.0
64c9a1db4e73e19aaafd3286dc448c96,PR,1,1,439.00,43.60,439.0,1,1,0,0.0,5.0
72146da5774cabf2632faedcae097a76,PR,4,6,200.94,110.49,33.49,4,4,1,0.25,4.0
e0b162a693bc7f9eab00f783a31d60ea,RS,1,1,20.00,29.69,20.0,1,1,0,0.0,5.0
7f02656561b680def9986c0795a8a080,SP,2,2,84.00,27.83,42.0,1,2,0,0.0,3.0
9200e6ce317b67196b6b0bad4d4bd567,RJ,1,1,36.90,14.52,36.9,1,1,0,0.0,3.0
77128dec4bec4878c37ab7d6169d6f26,SP,1,1,6.50,8.72,6.5,1,1,0,0.0,5.0
3606774ec64634822d78dc2db6d37045,SP,2,2,299.80,45.40,149.9,2,2,0,0.0,3.0
f90f77ef2799a27f80d90c425ca944f7,PR,1,1,70.00,19.46,70.0,1,1,0,0.0,5.0
db7ed69a53aa9fb1c01930ba54a88bbe,SP,1,1,109.00,11.78,109.0,1,1,0,0.0,5.0
5d505d2298ad549e4e4e835562fa0c1e,SP,2,2,249.80,28.34,124.9,1,2,0,0.0,5.0
1f867308a0ce13133a4e639ff4de0c02,PR,7,13,875.10,209.82,67.31538461538462,6,7,0,0.0,4.142857142857143
39f776d2974049026ff531fc42ef2a3e,GO,3,4,1084.04,90.37,271.01,3,3,0,0.0,3.6666666666666665
47f55702f598c7c6cc8458b0fbc1c49a,MG,2,2,127.50,35.90,63.75,2,2,0,0.0,5.0
5e063e85d44b0f5c3e6ec3131103a57e,SP,1,1,22.90,7.42,22.9,1,1,0,0.0,5.0
4bc3d93e4a5f88a598d3d8ce4ae510b3,SP,1,1,169.00,19.28,169.0,1,1,0,0.0,1.0
f3975e8a41157005d4bcbb358678cd9b,SC,2,2,178.80,83.98,89.4,2,2,0,0.0,5.0
5bba18b40e8c973b0f32e748004775b0,SP,1,1,739.98,44.82,739.98,1,1,0,0.0,5.0
3e51f9cbe317bc3a88f2c76583811ee4,SP,1,1,76.09,8.69,76.09,1,1,0,0.0,5.0
86649b1632b1c0e6c0bcb2c90a8b75d8,PR,1,1,59.99,17.67,59.99,1,1,0,0.0,1.0
c52c644cc0dc85121207a27013efc6af,MG,1,2,397.80,283.16,198.9,1,1,0,0.0,5.0
9e25199f6ef7e7c347120ff175652c3b,SP,1,1,12.50,14.52,12.5,1,1,0,0.0,4.0
101921376b577a4540dc30e9009133ca,SP,1,1,373.00,21.49,373.0,1,1,0,0.0,2.0
2a73cba571d90c694b7caca072ccf6ce,SP,1,2,342.78,38.70,171.39,1,1,1,1.0,5.0
bcd2d7510d58e293f20fad6438c1b314,PR,1,1,23.90,15.56,23.9,1,1,1,1.0,
23c38debaffe4a25a30fdbd9b586a13f,SP,41,46,5382.18,834.38,117.00391304347826,12,41,6,0.14634146341463414,4.317073170731708
e9bc59e7b60fc3063eb2290deda4cced,PR,216,269,34343.06,4688.50,127.66936802973977,42,216,23,0.10648148148148148,3.990740740740741
1b938a7ec6ac5061a66a3766e0e75f90,SP,30,33,3987.60,910.23,120.83636363636364,8,30,1,0.03333333333333333,4.3
1d8dbc4f32378d715c717c1c1fc57bae,PR,92,98,11315.89,2105.16,115.46826530612245,25,92,9,0.09782608695652174,4.022222222222222
cea729054f157f5870bdd321a958d994,SP,24,26,2482.10,349.52,95.46538461538462,17,24,1,0.041666666666666664,4.125
2e1c9f22be269ef4643f826c9e650a52,SP,167,173,12687.68,2434.69,73.33919075144509,72,167,11,0.0658682634730539,4.16969696969697
3b872fd4747f01cc56206f2934198618,SP,25,27,2726.74,1116.37,100.99037037037037,13,25,4,0.16,3.88
5cf13accae3222c70a9cac40818ae839,MG,149,156,14383.20,3019.27,92.2,34,149,5,0.03355704697986577,4.452702702702703
2e0dba2da448400b1c11d7b4b22f32a4,SP,7,13,235.87,171.83,18.143846153846155,5,7,0,0.0,3.142857142857143
b839e41795b7f3ad94cc2014a52f6796,SP,33,36,42829.00,920.93,1189.6944444444443,10,33,1,0.030303030303030304,4.090909090909091
056b4ada5bbc2c50cc7842547dda6b51,RJ,65,66,12333.39,1306.02,186.86954545454546,23,65,7,0.1076923076923077,4.171875
6fd52c528dcb38be2eea044946b811f8,SP,67,84,7743.02,1138.56,92.17880952380952,48,67,9,0.13432835820895522,3.393939393939394
b74d1c09cb380e1d03a6f859c6f4224b,RJ,31,39,2221.60,831.60,56.96410256410256,11,31,4,0.12903225806451613,4.258064516129032
669ae81880e08f269a64487cfb287169,SC,162,186,13248.87,3372.59,71.23048387096775,16,162,7,0.043209876543209874,4.222222222222222
6338ea67c41078a46ad99cc009654956,RS,37,44,2286.09,924.30,51.956590909090906,21,37,0,0.0,4.6
ce248b21cb2adc36282ede306b7660e5,SC,65,66,15230.06,2066.89,230.75848484848484,37,65,7,0.1076923076923077,4.196969696969697
6061155addc1e54b4cfb51c1c2a32ad8,SP,28,33,15633.40,879.91,473.73939393939395,15,28,1,0.03571428571428571,4.666666666666667
48162d548f5b1b11b9d29d1e01f75a61,SP,68,91,20510.14,2082.03,225.38615384615386,43,68,2,0.029411764705882353,3.8970588235294117
e0a366315b1b726b6c7832d664c0f530,SP,43,51,7400.09,745.08,145.09980392156862,21,43,2,0.046511627906976744,4.3023255813953485
8b87cd0d43d49b9bdf40f56229364d59,SP,5,5,1552.90,301.00,310.58,5,5,0,0.0,2.6
2a1348e9addc1af5aaa619b1a3679d6b,MG,52,55,2843.00,788.40,51.69090909090909,34,52,13,0.25,3.1176470588235294
66922902710d126a0e7d26b0e3805106,MG,151,156,14362.30,3218.77,92.06602564102565,20,151,11,0.0728476821192053,4.473333333333334
2a6fbeaa7ab9e5d59a35841a8da71ce4,SC,30,30,1632.79,632.49,54.42633333333333,10,30,2,0.06666666666666667,3.9310344827586206
cb3dd9ce66268c7a3ca7241ac70ab58c,SP,50,52,2879.76,845.95,55.38,27,50,3,0.06,4.173076923076923
e439f7176d763f92de325271111b2fd5,SC,7,7,1348.40,235.62,192.62857142857143,4,7,0,0.0,5.0
25cf099de44674fde97473224f9d59ab,SP,50,50,1654.36,705.19,33.0872,30,50,2,0.04,4.326530612244898
b1fc4f64df5a0e8b6913ab38803c57a9,RJ,107,121,7994.74,2146.25,66.07223140495867,5,107,13,0.12149532710280374,3.857142857142857
0f0c984a4a955310903b6b6008660bad,SP,4,4,369.81,111.57,92.4525,4,4,1,0.25,3.75
bba3293d6f5d5af2f415e004e8b93ae3,SP,17,17,11702.10,326.69,688.3588235294118,7,17,1,0.058823529411764705,4.294117647058823
e26901d5ab434ce92fd9b5c256820a4e,SP,202,221,11990.90,2947.98,54.25746606334842,16,202,5,0.024752475247524754,4.123762376237623
4170f6a9367e6b5d6401d03ce6d54569,DF,4,5,568.78,93.03,113.756,3,4,1,0.25,4.0
542917da124346b47ea1ac79a93ce454,PR,20,20,1303.90,363.18,65.195,13,20,1,0.05,4.190476190476191
cce6ab8d1682639fe45ab70234f1665f,SP,63,66,2522.70,1167.44,38.222727272727276,17,63,3,0.047619047619047616,4.412698412698413
97512d3fc193b2d1dfcdba0f9d1f0f8a,SP,12,13,1458.87,341.55,112.22076923076924,6,12,1,0.08333333333333333,4.25
406822777a0b9eb5c50e442dd4cd3ec5,SP,45,47,3648.08,948.26,77.61872340425532,19,45,6,0.13333333333333333,4.295454545454546
b6d44737c043328708f6749c2dbe50bd,SP,62,80,5369.60,1565.60,67.12,23,62,4,0.06451612903225806,4.467741935483871
b1b3948701c5c72445495bd161b83a4c,SP,18,18,24699.19,486.30,1372.1772222222223,4,18,9,0.5,1.7222222222222223
8b2492b7ff4468839593fafeed55bad9,RJ,29,45,3660.08,676.18,81.33511111111112,15,29,2,0.06896551724137931,4.172413793103448
c157bdeedcbc9a8e3c8bf0d87ff24428,SP,7,10,514.27,208.70,51.427,4,7,0,0.0,4.428571428571429
f181738b150df1f37cb0bd72e705b193,SP,36,37,5529.70,1103.05,149.45135135135135,8,36,4,0.1111111111111111,4.472222222222222
14a08204d03bb6b6bde8029f801ae0eb,SP,28,38,2185.40,593.70,57.51052631578948,24,28,0,0.0,3.892857142857143
903037660cf848a717166eb7a06d616e,SP,45,60,7991.51,1091.77,133.19183333333334,36,45,6,0.13333333333333333,3.888888888888889
93dc87703c046b603023e75222018b45,MG,35,36,8517.35,688.94,236.59305555555557,26,35,3,0.08571428571428572,3.9696969696969697
f9244d45189d3a3605499abddeade7d5,SP,21,21,15731.43,875.99,749.1157142857143,11,21,0,0.0,4.285714285714286
8a130737016f838139d31878787a39c9,SP,56,62,4222.03,842.29,68.09725806451613,7,56,4,0.07142857142857142,4.446428571428571
bf3c6d2a28b2b5501e6c15448982dcc9,SP,35,43,3956.50,691.65,92.01162790697674,10,35,1,0.02857142857142857,4.6
5debea795b07621e1f90532e18f96145,PR,25,33,1883.78,504.35,57.084242424242426,22,25,0,0.0,4.36
f205b1a3ca9a34e0f8a228bae6e4c7b3,RS,8,8,1088.00,396.90,136.0,7,8,0,0.0,4.875
7f40d06aa0b5f1aa4f41af8c0480e2ef,SP,6,6,1309.94,125.68,218.32333333333332,4,6,1,0.16666666666666666,4.833333333333333
bd697db56ff8e7c9cd1abeb7f72029b2,SP,22,22,3069.78,345.42,139.53545454545454,18,22,0,0.0,4.181818181818182
08084d990eb3f53af056ccbc1730c8a7,SP,12,12,372.50,234.29,31.041666666666668,3,12,0,0.0,4.454545454545454
b2eecf5ea250510da76590ca79d60e5d,SP,9,11,1060.00,153.15,96.36363636363636,5,9,0,0.0,5.0
eb3071b9f0b0ddaa2df5ea130f09f26b,SP,9,11,6230.00,581.42,566.3636363636364,2,9,1,0.1111111111111111,4.555555555555555
8ab42aa58097fd4668d60cc648225d5f,GO,20,26,2616.75,593.64,100.64423076923077,15,20,0,0.0,4.2
681fce914360217db47784ae28905a96,PR,23,24,4127.33,444.47,171.97208333333333,9,23,3,0.13043478260869565,4.0
9e6967d3cf386d284251784b18ccb485,SP,9,11,517.67,137.23,47.06090909090909,3,9,1,0.1111111111111111,3.888888888888889
4978a02ea9c8be7a9b5480680f40334e,SP,18,19,2356.61,340.23,124.03210526315789,14,18,0,0.0,3.5555555555555554
381c83fdca332ea6afd896da20bf6e4a,PR,46,46,7355.80,999.21,159.90869565217392,37,46,2,0.043478260869565216,4.391304347826087
0ad80de75c811326389cfb1daba7d45e,RJ,6,6,1449.40,115.32,241.56666666666666,6,6,0,0.0,5.0
e819bcfade7b5d88a27325eb6cfd62c5,SP,5,11,202.90,135.35,18.445454545454545,4,5,1,0.2,4.2
0ff83046c3fa22efee8ecf291888b191,RS,10,11,768.90,254.48,69.9,6,10,0,0.0,4.8
7ea5bfa6c340f58f8e71fc1f0412b0d6,MG,98,104,11002.89,1660.99,105.79701923076924,9,98,7,0.07142857142857142,4.123711340206185
ab27bbbad5239bc31a34709275a70db4,SP,3,11,382.90,102.15,34.80909090909091,3,3,0,0.0,5.0
ff4ea69c2a729e83e63c7579e4ef8170,SP,9,9,7017.00,171.62,779.6666666666666,4,9,0,0.0,4.5
fb89df7f89fd1b8f03fa2acca1ba7364,PR,22,25,2220.00,467.43,88.8,10,22,2,0.09090909090909091,3.8636363636363638
1b8b75e227c9a9c100d0c210fb6176ce,SP,19,19,1914.83,280.78,100.78052631578947,15,19,1,0.05263157894736842,3.3684210526315788
6c1b6d0c604b776f844125f911eb7377,SP,5,5,443.06,81.44,88.612,3,5,0,0.0,3.4
e7df4cd29ab5abab70fb0783ddb53987,SP,23,24,9608.70,413.37,400.3625,21,23,4,0.17391304347826086,4.304347826086956
6bb0724edf0b62fb91ac404873a97241,SP,17,18,3653.00,763.52,202.94444444444446,10,17,3,0.17647058823529413,4.466666666666667
5e105f5c9f63f5f1fd75d6cb942e55b1,SP,8,8,1471.90,273.83,183.9875,6,8,1,0.125,4.5
5a413ade68e8f8d93071a7f52a64cb9e,SP,14,14,778.90,153.77,55.635714285714286,4,14,2,0.14285714285714285,4.642857142857143
f62d7bb4a613ec758a03342d46b580b2,MG,32,32,24665.00,2125.59,770.78125,2,32,4,0.125,4.375
78ef7e885d17f35e2382a47aae8b8cce,RS,3,3,388.00,65.44,129.33333333333334,3,3,0,0.0,4.666666666666667
7dc8c42cc750eeafea6c85712ffee9bf,SP,41,50,6409.68,1035.41,128.1936,16,41,2,0.04878048780487805,4.195121951219512
72bc2cce903c872fe376a8faaa81d237,SP,17,18,2149.20,255.77,119.4,6,17,0,0.0,4.647058823529412
6824a69c9ea0313eba299dd4a2dba09a,MG,6,7,666.90,117.18,95.27142857142857,6,6,0,0.0,4.666666666666667
4da0e408c99d2fdc2126dc9fce518060,PR,44,54,3026.00,938.73,56.03703703703704,30,44,0,0.0,4.458333333333333
c37b2059d4f90d4feead554e5246565e,SP,12,16,839.30,221.98,52.45625,10,12,3,0.25,3.3333333333333335
7a91bf945c6fae0779f1c61ce97fe45c,RJ,5,5,799.50,82.57,159.9,3,5,1,0.2,3.8
f1ce5fdecd64935c28b9ff932751d0dc,SP,2,2,158.00,22.53,79.0,2,2,0,0.0,4.5
d79e8478eed9999493990b44955fb22e,RJ,5,5,721.89,80.72,144.378,3,5,1,0.2,4.0
1e26c56af8d48424e1df0140a2401f83,SP,2,2,258.90,33.49,129.45,2,2,0,0.0,5.0
d1a1b40ec554c593a1a99366746289dd,PR,1,1,49.70,14.52,49.7,1,1,0,0.0,2.0
257e61d3251fb5efb9daadddbc2cf7ca,PR,12,12,7729.00,1077.18,644.0833333333334,12,12,0,0.0,4.75
eb5b6204dde3a6e03b5f1bb8479f055b,SP,19,21,452.20,275.13,21.533333333333335,8,19,1,0.05263157894736842,3.9473684210526314
c353f8fc0ce8344999f17d578eb69a5e,RS,2,2,175.98,36.59,87.99,1,2,0,0.0,5.0
88ef59b51bdaa941d10a853429f2b6ce,PR,2,2,252.90,41.80,126.45,2,2,0,0.0,2.0
9c068d10aca38e85c50202e17b4a7e88,MS,17,17,2658.90,449.93,156.40588235294118,13,17,3,0.17647058823529413,4.125
bc07d855eac23aab5ac8a120f21d16b2,SP,12,13,1283.11,213.07,98.70076923076923,9,12,2,0.16666666666666666,4.166666666666667
808d4348b916efa08e766ebad39f61eb,SP,21,21,731.10,283.82,34.81428571428572,11,21,1,0.047619047619047616,4.428571428571429
86ff3eaef0267069cc891a2ed9d10a17,SC,7,7,409.75,140.61,58.535714285714285,7,7,0,0.0,4.714285714285714
c286ec035ee04ba81c97508f0b5df544,PR,2,2,493.00,72.90,246.5,2,2,0,0.0,2.5
33ab10be054370c254ddfcf0a6253422,RJ,4,4,213.20,52.33,53.3,2,4,0,0.0,5.0
df91910b6a03bb2e3358fa6a35e32f6f,SP,14,14,2312.10,395.02,165.15,4,14,0,0.0,4.357142857142857
a2b911e9ad40dc7d61c142a4683e2d85,RJ,1,1,85.90,34.40,85.9,1,1,0,0.0,5.0
78a4d36f65a019172c6154468831a69f,SP,7,7,1545.50,223.40,220.78571428571428,1,7,1,0.14285714285714285,4.285714285714286
bdae679a9b282249bc23b9b69dae9a99,DF,6,12,663.15,188.83,55.2625,7,6,0,0.0,3.5
cf8ab1616079e2793aa29d524df01bb1,SP,9,9,14391.00,759.37,1599.0,2,9,1,0.1111111111111111,2.0
659e8466eb3ff1b0e8740d74fb7bbedd,BA,11,14,1486.80,393.20,106.2,9,11,0,0.0,4.363636363636363
a6bd7d1ccdac48c6b33b28596b7eb122,PB,16,16,14368.61,678.02,898.038125,16,16,2,0.125,3.3333333333333335
bec568278124768c474ee90971ca94d1,SP,2,2,219.90,29.16,109.95,2,2,0,0.0,4.5
d9d43faf741ceaa8da52fdbb81d9e0e3,SP,6,8,210.00,211.25,26.25,8,6,0,0.0,3.6666666666666665
d32e3909cfb714fb2a6cb092c85b9c5f,SP,10,11,2827.90,251.00,257.08181818181816,8,10,3,0.3,3.5
cd233f8bfa30ebfd651f47ee7d054951,SP,1,1,79.90,18.66,79.9,1,1,0,0.0,5.0
83f2b4881141ce3fcd4e985125d3279e,SP,3,3,60.70,40.68,20.233333333333334,3,3,1,0.3333333333333333,5.0
e83e93b71371817b11d78a63ff156aee,SP,2,3,286.00,87.38,95.33333333333333,2,2,0,0.0,4.5
30c7f28fd3a5897b2c82d152bb760c17,RJ,7,7,2178.27,324.89,311.18142857142857,5,7,3,0.42857142857142855,1.6666666666666667
a154d7316f158bb42e6fa18bbe3afd3a,SP,2,2,139.80,50.33,69.9,1,2,1,0.5,3.0
5721089ba9214e80074f27d5a03fc0eb,SP,5,7,245.93,66.64,35.13285714285714,4,5,0,0.0,5.0
184725737946a1a938bbbd1a9e978103,SP,3,3,359.70,43.87,119.9,2,3,0,0.0,4.666666666666667
1e483cc5c76fef08d3ca05f9a8af7d01,SP,10,11,171.99,123.08,15.635454545454545,3,10,0,0.0,4.1
3f2af2670e104d1bcb54022274daeac5,PR,6,7,973.60,360.58,139.0857142857143,5,6,1,0.16666666666666666,3.3333333333333335
a90a5da8b09e44264a177c0374a5ac87,PR,3,3,74.70,72.60,24.9,2,3,0,0.0,4.333333333333333
d149de2f383552baea37a7198c2296ce,SP,3,3,320.70,33.67,106.9,2,3,0,0.0,5.0
a21c11ec5c3f03e7cc9f9203bff9e1c6,SP,3,4,385.00,90.88,96.25,2,3,0,0.0,3.6666666666666665
1dcfa3835714681d4ba4a93bc1e0fd41,SP,13,15,1278.50,323.60,85.23333333333333,4,13,0,0.0,4.0
89ad3263c0931c47f976d7c5778e60f6,SP,6,6,568.20,131.54,94.7,5,6,0,0.0,4.166666666666667
d4d99b60c4c94cd35acd502cec65dc8d,SP,1,1,72.90,14.39,72.9,1,1,0,0.0,3.0
e433f5fd4050e3352b5d83522b7fe24b,PR,1,1,548.06,48.71,548.06,1,1,0,0.0,4.0
427165bf50f8ca07efc7bdc2bfcf1688,SP,5,5,1603.50,89.40,320.7,3,5,3,0.6,3.2
eaf6d55068dea77334e8477d3878d89e,SP,3,3,51.00,33.01,17.0,2,3,0,0.0,5.0
e9c2dc0dd4ac38448289be644ac94f42,SC,3,3,118.39,56.22,39.46333333333333,3,3,0,0.0,5.0
e601b04acf48b4576e73ddca9481f0dc,SP,15,16,491.94,211.00,30.74625,11,15,0,0.0,4.066666666666666
f235413f677777a0738ff215d0184901,SP,3,3,1696.70,91.64,565.5666666666667,2,3,0,0.0,3.6666666666666665
ebef8d8c92b4fd3226e5d407bbff21ac,SP,3,3,253.70,48.36,84.56666666666666,3,3,1,0.3333333333333333,2.6666666666666665
baf15155e37ef5492731459bdc05be8a,SP,1,1,47.00,8.72,47.0,1,1,0,0.0,5.0
f9eda05b67bef472deaddbba84aca289,SC,1,1,185.00,51.79,185.0,1,1,0,0.0,1.0
61b18775be84fb700a6b2d0ba097bf66,SP,4,5,334.50,101.51,66.9,4,4,0,0.0,4.75
fc99f99385ae90f66f01733856fb88c9,SP,1,1,89.90,21.12,89.9,1,1,0,0.0,1.0
d558ebe531605a1285ab2b1bc3256dfb,MG,3,3,709.00,73.23,236.33333333333334,2,3,0,0.0,4.666666666666667
5206cc4bc2297c833e6061c49bf9c43f,SP,1,1,35.00,10.96,35.0,1,1,0,0.0,1.0
244b04680fdbded0acf5aebd9c92b44a,SP,3,3,3477.70,138.81,1159.2333333333333,3,3,1,0.3333333333333333,1.0
a2a41aedb70551d4a85aa04dc2fced48,SP,2,2,52.79,26.94,26.395,1,2,0,0.0,4.0
5a9c0859cb00fd8aa4db443837f0a700,SC,2,2,208.00,47.59,104.0,2,2,0,0.0,4.5
04843805947f0fc584fc1969b6e50fe7,RS,1,2,1400.00,74.76,700.0,1,1,1,1.0,5.0
269c5fc9fcadee614364c3620c30a1f9,SP,3,6,209.60,45.12,34.93333333333333,2,3,1,0.3333333333333333,5.0
d26aa40b90272d4843d63be7c1462c8d,SP,2,2,152.90,24.52,76.45,2,2,0,0.0,4.5
4dab98ca6cd6d3df586203cefd28a042,RS,1,1,154.90,18.33,154.9,1,1,0,0.0,5.0
a414555ce331b8c8aea4a9cb8395194d,SP,7,8,1450.95,242.64,181.36875,4,7,0,0.0,3.3333333333333335
a20d8058c866dbaeca014d2cd20ac62e,SP,2,2,1194.00,44.90,597.0,1,2,1,0.5,5.0
f356c348fbc8df6a882823e21f5ce8b7,RS,2,2,195.18,30.47,97.59,1,2,0,0.0,2.5
8dfbc5ff27df12f6cef751d3b9554222,PR,4,4,226.00,90.12,56.5,4,4,0,0.0,4.5
392f7f2c797e4dc077e4311bde2ab8ce,RN,2,2,52.00,36.56,26.0,1,2,0,0.0,5.0
4fe2f67634d00c021aa01f96b6f2d68e,PR,2,2,86.80,32.04,43.4,2,2,0,0.0,5.0
cf281cf8b7affbdfe751b29cc85580e1,CE,1,1,64.90,25.33,64.9,1,1,0,0.0,1.0
feb793c88d836c3a75efa4b5a3465d70,SP,1,1,466.00,64.17,466.0,1,1,0,0.0,5.0
9ed65337433adfbedefd23dd76eaa494,SP,6,6,1262.60,81.05,210.43333333333334,3,6,0,0.0,4.833333333333333
913fd0ebba70bb919f7254a02239173c,SC,1,1,159.90,19.22,159.9,1,1,0,0.0,1.0
c8143b3069f6746a77421b5ce30a450c,GO,1,1,142.47,43.41,142.47,1,1,0,0.0,5.0
0b0ddbc7b9d9584f442c7ac92b0ff6c9,SP,3,3,1416.76,133.88,472.25333333333333,3,3,0,0.0,4.666666666666667
61c36f0fc4a47f9532e5512b66668e62,SP,1,1,750.00,17.69,750.0,1,1,0,0.0,1.0
aae5953b9edddf14749c0d65d60eb4b9,MG,2,2,173.00,29.90,86.5,2,2,0,0.0,5.0
570d4583587a5fe2d47c7be89b91ad27,SP,2,2,125.25,23.67,62.625,2,2,0,0.0,5.0
528bcf6680c36dddf07620bd35b33a6f,SP,2,2,969.98,43.86,484.99,2,2,1,0.5,4.5
4e2627090e6e5b9fabba883a37897683,MG,2,5,199.50,68.12,39.9,2,2,0,0.0,1.0
c1f12f926d0ba950578b4fa41115cbb6,SP,2,4,479.60,76.96,119.9,2,2,1,0.5,4.0
8eb88b0acb3f90a717ad659221471fa7,SC,2,2,119.80,40.87,59.9,2,2,0,0.0,4.5
5de1c80811ce7007f62f00d971236c09,SC,2,2,76.80,30.95,38.4,2,2,0,0.0,5.0
bb2afe2061d53c6968aa0cffa233a8ec,SP,5,6,549.40,94.62,91.56666666666666,4,5,0,0.0,4.8
8e4f041ff58e7845456d3482524014b3,RS,2,2,133.80,48.59,66.9,2,2,1,0.5,3.0
b77a27b1864483e721dc831d5ba4afa0,RJ,2,2,41.80,28.62,20.9,2,2,0,0.0,3.5
b5f49fe968dff6b112861e6cd8e192ef,PR,1,2,194.70,42.97,97.35,2,1,0,0.0,5.0
b5b800c4065bebf4d3442311c9857344,SP,1,1,79.90,8.91,79.9,1,1,0,0.0,5.0
16bdc8cefd0e32a6f0824d296c5ad14a,SP,1,1,41.76,19.32,41.76,1,1,0,0.0,5.0
119c7f1a00ef43fad0e57604e76a747c,SP,2,2,189.80,17.02,94.9,2,2,0,0.0,4.5
92992bec39dde5766f590d3b1f46d465,SP,1,1,109.00,12.67,109.0,1,1,0,0.0,1.0
ab75b89cc49c9ab3160d0c91565a442a,SP,2,2,37.98,15.85,18.99,2,2,0,0.0,1.5
ce4755084bc097113867e6454f8f5e52,SP,1,1,18.90,12.79,18.9,1,1,0,0.0,5.0
249f0e9905a6e06ad6c6bea7547ab9f6,RJ,3,3,347.95,39.04,115.98333333333333,3,3,0,0.0,3.6666666666666665
2d378dbb39815785238c0139c7647fb7,SC,2,2,1154.00,300.44,577.0,1,2,0,0.0,5.0
c1552b1dab6e6f760950368ae61fb600,SP,2,2,53.80,14.89,26.9,2,2,0,0.0,2.5
08f5819815f3d06545011850bd70f0a8,SP,3,3,452.00,70.83,150.66666666666666,3,3,0,0.0,4.666666666666667
333c4210e76a1aa2ab817b99437e3ff1,SP,2,2,335.00,67.43,167.5,2,2,0,0.0,5.0
0f94588695d71662beec8d883ffacf09,SC,1,1,9.00,18.59,9.0,1,1,0,0.0,5.0
ac1ed5fc15901fbc92920361eb4ab350,SP,1,1,110.25,13.79,110.25,1,1,0,0.0,1.0
3d62f86afa7c73be2628a3be1423f5a0,SP,2,2,12.00,42.42,6.0,1,2,0,0.0,4.0
491a5ada3aa1678414e990262c4bbdc1,SP,2,2,2840.00,33.81,1420.0,1,2,0,0.0,3.0
05ca864204d09595ae591b93ea9cf93d,SP,1,1,179.90,8.52,179.9,1,1,1,1.0,5.0
76d336555bb25f3165d2f0d6da719c40,SP,2,2,330.00,23.63,165.0,1,2,0,0.0,2.0
e59e575a175fadcadf8479e191770425,RJ,1,1,199.90,50.98,199.9,1,1,0,0.0,5.0
b86a47b3366e3b5424a7b225781f4908,MG,1,1,86.50,19.85,86.5,1,1,0,0.0,3.0
ebe3dabc4955c9b0d695e7bda38bf5c3,SP,1,1,55.00,11.89,55.0,1,1,1,1.0,3.0
4fae87d32467e18eb46e4a76a0a0b9ce,RS,1,1,100.90,19.90,100.9,1,1,0,0.0,5.0
15aec03fe4cf30dfa574cf550f5ff5ff,RJ,1,1,28.90,10.96,28.9,1,1,0,0.0,1.0
d1a5cc844736958c11b8efab9a2b4c87,PR,1,1,237.60,16.41,237.6,1,1,1,1.0,1.0
499185655c29ecfdbfe776ef7cf875b5,RS,1,1,89.00,17.33,89.0,1,1,0,0.0,4.0
328acb143b4a73aad6bee8e734f5d20d,PR,2,2,699.98,34.77,349.99,2,2,0,0.0,4.0
d7f1cfc638473be93baedbfd02208016,RJ,1,1,30.00,17.14,30.0,1,1,0,0.0,5.0
585175ec331ea177fa47199e39a6170a,MG,1,1,3549.00,53.47,3549.0,1,1,0,0.0,5.0
efb628aa07c8ca93d7db0d85b91a4f5a,RJ,1,1,204.00,58.10,204.0,1,1,1,1.0,4.0
28872dc528e978a639754bc8c2ce5a4c,RS,1,1,1009.90,29.00,1009.9,1,1,0,0.0,5.0
2c2c9832d1bb38c5b0034a3b47d313ee,RS,1,1,49.90,18.45,49.9,1,1,0,0.0,3.0
6c77cd583b36a13aacccf2b3ee23e233,SP,1,1,18.90,12.79,18.9,1,1,0,0.0,5.0
15ac3c501e2599e4917316fde5c5669a,SP,1,1,144.20,51.61,144.2,1,1,0,0.0,1.0
535bf14f36346c7f59d87cece104d70c,RJ,1,1,50.00,7.77,50.0,1,1,1,1.0,4.0
1554a68530182680ad5c8b042c3ab563,MG,247,269,29052.53,6798.26,108.00197026022305,70,247,17,0.06882591093117409,4.32258064516129
77530e9772f57a62c906e1c21538ab82,PR,320,389,46610.40,8453.59,119.82107969151672,171,320,36,0.1125,4.11214953271028
f4aba7c0bca51484c30ab7bdc34bcdd1,SP,110,117,3009.79,1547.71,25.724700854700856,12,110,7,0.06363636363636363,3.9444444444444446
87142160b41353c4e5fca2360caf6f92,RS,305,339,31095.98,7218.33,91.72855457227139,56,305,17,0.05573770491803279,4.41042345276873
900ba814c251a692506d7834c1218441,SP,88,88,29099.69,2368.25,330.67829545454543,7,88,12,0.13636363636363635,4.188235294117647
1835b56ce799e6a4dc4eddc053f04066,SP,423,558,33344.21,8741.95,59.75664874551971,147,423,49,0.11583924349881797,3.637440758293839
8e6d7754bc7e0f22c96d255ebda59eba,SP,85,130,14497.27,1715.24,111.51746153846153,29,85,14,0.16470588235294117,3.6136363636363638
323ce52b5b81df2cd804b017b7f09aa7,SP,30,30,2554.20,401.47,85.14,14,30,5,0.16666666666666666,4.310344827586207
001cca7ae9ae17fb1caed9dfb1094831,ES,200,239,25080.03,8854.14,104.9373640167364,11,200,13,0.065,3.984771573604061
c3867b4666c7d76867627c2f7fb22e21,SP,245,259,37153.40,5043.78,143.44942084942085,98,245,27,0.11020408163265306,3.914285714285714
2d50d6282f8aa2257819a77bfaa0efe0,SP,44,45,3353.48,798.04,74.52177777777777,15,44,6,0.13636363636363635,3.7045454545454546
37515688008a7a40ac93e3b2e4ab203f,SP,228,240,5986.60,3431.10,24.944166666666668,3,228,23,0.10087719298245613,4.092920353982301
6a38087bc8ad4f89ff453561005f6dea,GO,15,22,1833.43,547.92,83.33772727272728,3,15,0,0.0,4.6
9e6229250fedbe05838fef417b74e7fb,SP,74,78,13132.20,1854.45,168.36153846153846,25,74,3,0.04054054054054054,3.891891891891892
392353362d22cc2c236e1ee81ff19890,SC,5,10,288.70,191.97,28.87,3,5,0,0.0,4.6
c03121937e54a93fcc1825c3098bbb6e,PR,7,7,1043.00,154.94,149.0,1,7,0,0.0,5.0
08061dc0fc165ed41288cc7acde738ee,SP,4,4,123.80,58.42,30.95,3,4,1,0.25,4.5
76d5af76d0271110f9af36c92573f765,SP,131,159,33461.60,4079.96,210.4503144654088,82,131,12,0.0916030534351145,4.115384615384615
a49928bcdf77c55c6d6e05e09a9b4ca5,SP,98,106,8816.70,1757.55,83.17641509433962,3,98,25,0.25510204081632654,3.010204081632653
9dda5bbacd45e18d6485fee649205d09,MG,19,22,1912.60,506.73,86.93636363636364,18,19,2,0.10526315789473684,4.105263157894737
f262cbc1c910c83959f849465454ddd3,SP,192,207,10482.83,2507.02,50.64169082125604,80,192,18,0.09375,4.145833333333333
d66c305afaec317ebee552073a674429,MG,41,47,4886.46,1199.24,103.96723404255319,25,41,1,0.024390243902439025,4.309523809523809
3c7c4a49ec3c6550809089c6a2ca9370,SP,141,160,4033.64,1824.66,25.21025,24,141,11,0.07801418439716312,3.640845070422535
db2956745b3a8e9f3785c99f34b5d25e,SP,47,48,8599.00,975.27,179.14583333333334,6,47,5,0.10638297872340426,3.765957446808511
25be943a321c8938947bdaabca979a90,SP,5,5,769.00,138.55,153.8,2,5,0,0.0,3.0
5b179e9e8cc7ab6fd113a46ca584da81,SP,34,36,5173.50,665.64,143.70833333333334,9,34,3,0.08823529411764706,3.6666666666666665
ececbfcff9804a2d6b40f589df8eef2b,SP,98,104,6792.40,1868.66,65.31153846153846,62,98,10,0.10204081632653061,4.121212121212121
dc64d75cc406bb0697be983831430e60,MG,4,4,813.00,92.55,203.25,2,4,0,0.0,4.75
00fc707aaaad2d31347cf883cd2dfe10,PR,103,135,12684.90,2285.09,93.96222222222222,19,103,5,0.04854368932038835,4.047169811320755
a3a38f4affed601eb87a97788c949667,SC,254,263,26533.32,5241.95,100.88714828897338,115,254,12,0.047244094488188976,4.386454183266932
54065e9aef7e9e9c2dc23b7594db021a,RJ,14,14,8003.00,280.43,571.6428571428571,12,14,0,0.0,3.857142857142857
a6fe7de3d16f6149ffe280349a8535a0,SP,51,52,2904.80,742.62,55.86153846153846,12,51,8,0.1568627450980392,3.98
c092292535a57dacd95a8765f5518f87,RJ,1,1,125.00,18.98,125.0,1,1,0,0.0,5.0
ffff564a4f9085cd26170f4732393726,SP,20,20,1426.30,344.56,71.315,15,20,0,0.0,2.1
718539d38d07dd351c76db862760e2e2,SP,37,45,1318.90,659.05,29.308888888888887,14,37,0,0.0,4.4324324324324325
8f119a0aee85c0c8fc534629734e94fd,SP,77,83,3733.68,1092.77,44.984096385542166,32,77,4,0.05194805194805195,4.246753246753247
870d0118f7a9d85960f29ad89d5d989a,MG,45,61,3157.20,1270.83,51.75737704918033,18,45,2,0.044444444444444446,4.085106382978723
58f1a6197ed863543e0136bdedb3fce2,MG,44,45,6833.00,1070.69,151.84444444444443,11,44,1,0.022727272727272728,4.181818181818182
6df688df543f90e9b38f4319e75a9d88,MG,40,56,1949.96,783.60,34.82071428571429,23,40,0,0.0,4.575
1f1bb1f0859883505541bdd6606193e5,SP,27,29,16040.84,522.03,553.1324137931034,24,27,3,0.1111111111111111,4.333333333333333
c7dcd301ecfe5ab7f778ac172cf74be7,MG,4,4,457.69,62.14,114.4225,3,4,0,0.0,2.5
d3674f271c91f824f82d24d92011f669,DF,20,20,1718.30,383.52,85.915,6,20,2,0.1,4.1
5fd924b4836098a5be0ecf81ba054ce0,SP,7,8,1148.80,135.54,143.6,8,7,0,0.0,4.0
81a1104df0f08b59c68aa5b03cfe398e,PR,73,73,9420.88,1814.39,129.0531506849315,17,73,4,0.0547945205479452,4.267605633802817
058cb5aeb36d7c0fcae20fc85d5e0a59,RJ,12,13,1328.00,779.42,102.15384615384616,8,12,1,0.08333333333333333,3.5833333333333335
643214e62b870443ccbe55ab29a4dccf,SP,66,68,3270.13,929.65,48.09014705882353,32,66,8,0.12121212121212122,4.409090909090909
b372ee768ed69e46ca8cdbd267aa7a38,SP,63,69,12630.00,1183.84,183.04347826086956,24,63,0,0.0,4.4375
729f06993dac8e860d4f02d7088ca48a,SP,96,115,20485.08,4994.57,178.13113043478262,17,96,11,0.11458333333333333,4.168421052631579
e067ad2c1c0b48758eb1b5228bcf7a68,SP,54,61,5042.55,1005.36,82.66475409836066,36,54,5,0.09259259259259259,4.148148148148148
53336f97ddbe53e2a617d07b17447b95,SP,1,1,599.50,75.33,599.5,1,1,0,0.0,5.0
d03698c2efd04a549382afa6623e27fb,BA,18,21,8865.47,779.15,422.1652380952381,14,18,1,0.05555555555555555,4.5
85cc55e048b6bcc90c75afe7f0e72f72,RJ,9,9,308.28,193.48,34.25333333333333,6,9,2,0.2222222222222222,4.444444444444445
1987cd4be10fe09ee50454f9c354d1c6,MG,14,16,2877.70,257.53,179.85625,7,14,1,0.07142857142857142,4.357142857142857
6d803cb79cc31c41c4c789a75933b3c7,SP,58,66,8711.40,1213.67,131.9909090909091,17,58,4,0.06896551724137931,4.25
e8f6dc8e6a1dcde89d20e3995c8d90b3,SP,36,48,2256.34,2051.68,47.007083333333334,29,36,3,0.08333333333333333,3.9166666666666665
cc5a78bbad32776dc4e3af205218368c,MG,33,38,4269.18,1304.17,112.34684210526316,25,33,1,0.030303030303030304,4.454545454545454
dc4a0fc896dc34b0d5bfec8438291c80,SP,231,249,24180.77,4614.32,97.11152610441768,167,231,15,0.06493506493506493,3.7531380753138075
2f74af7a0ee5636f12c2336f9fffed47,SP,13,13,560.70,163.77,43.13076923076923,12,13,0,0.0,4.3076923076923075
ec21206b7894c503788a684a7bc822a6,RJ,3,3,247.80,48.61,82.6,3,3,0,0.0,2.6666666666666665
50c9975695009e5e6473912e83a6d1da,MG,50,68,3964.40,2919.55,58.3,36,50,7,0.14,3.938775510204082
b98b715fe9e276204e2a3464f48cd796,SP,6,6,450.58,67.04,75.09666666666666,4,6,1,0.16666666666666666,3.3333333333333335
1ce3ae5a399804d1a87e706f8a813c3e,SC,40,44,2563.00,853.69,58.25,19,40,4,0.1,3.75
8a2d12a90e92f012ce5226fc6592b653,PR,18,18,1594.65,338.97,88.59166666666667,13,18,0,0.0,4.611111111111111
04308b1ee57b6625f47df1d56f00eedf,SC,94,94,60130.60,3054.39,639.6872340425532,20,94,11,0.11702127659574468,3.882978723404255
271c58a1d139c45eaf3316107c6d3a3b,SP,29,29,3897.52,671.19,134.39724137931034,6,29,2,0.06896551724137931,4.068965517241379
08633c14ef2db992c11f840f04fad4cd,SP,74,97,7644.30,1424.52,78.80721649484536,16,74,5,0.06756756756756757,4.364864864864865
14ee35374a7876217954b5fa08e50463,SP,6,6,809.00,114.05,134.83333333333334,2,6,1,0.16666666666666666,4.333333333333333
75fbb52eda0cbc24f479d3b2fbfa8d3e,GO,40,43,1130.99,943.52,26.302093023255814,37,40,2,0.05,4.358974358974359
05730013efda596306417c3b09302475,SC,4,4,952.00,216.67,238.0,4,4,0,0.0,5.0
916748bc99315c2d202898ae58b1617e,SP,25,32,369.40,377.11,11.54375,5,25,0,0.0,4.28
e6a69c4a27dfdd98ffe5aa757ad744bc,SP,24,29,2076.20,442.74,71.59310344827587,13,24,0,0.0,3.875
034b9387752bfa309f350a70cd45ffa3,SC,8,8,96.00,144.26,12.0,2,8,0,0.0,4.5
596849622429351f47b32e6cae1055ff,SP,14,14,1104.70,160.49,78.90714285714286,12,14,0,0.0,4.0
fec6275253471ace26d209bbaa64cd0f,RJ,9,10,2840.00,355.67,284.0,2,9,0,0.0,4.555555555555555
d379f449f2a3b271bc01c0782020f705,MG,28,29,4423.06,1076.74,152.51931034482757,13,28,1,0.03571428571428571,3.892857142857143
e3a386fc36e22064434e1fa256f6a9fa,SP,16,17,793.90,253.25,46.7,10,16,3,0.1875,4.1875
73a63f72308aa20a46f4b1632018f196,PR,29,41,9606.80,1178.99,234.31219512195122,17,29,0,0.0,4.142857142857143
3092c0b297aacfb4bb6e056ebe13b9b8,SP,19,21,1623.90,360.09,77.32857142857142,17,19,0,0.0,3.6315789473684212
57e632711dec9ec14ca7546769483e7e,SC,62,65,6350.06,1207.98,97.69323076923077,20,62,0,0.0,4.396825396825397
67bf6941ba2f1fa1d02c375766bc3e53,PR,16,22,5610.00,1419.68,255.0,4,16,2,0.125,4.125
1b45169b635ef59425637e9a33eb5fb3,PR,7,8,308.90,110.45,38.6125,6,7,0,0.0,4.571428571428571
bb135baca94c82fcb731335ad5b04a03,SP,18,38,1049.80,472.88,27.626315789473683,16,18,0,0.0,3.0555555555555554
c679fb69a36e1d8349e8c50a217b4d58,RS,14,17,1825.68,388.21,107.39294117647059,13,14,2,0.14285714285714285,3.8461538461538463
0e982cff76cc0579f632cea8a0e38c9d,SC,7,12,1307.34,172.97,108.945,8,7,0,0.0,4.0
01fd077212124329bac32490e8ef80d9,SP,31,39,1208.00,575.36,30.974358974358974,12,31,1,0.03225806451612903,4.161290322580645
8378eb36b6b70c5734e83ad7b8cdc3b7,SC,7,13,1714.80,241.87,131.90769230769232,3,7,1,0.14285714285714285,3.857142857142857
6ddc28b61be28373b4503a1f61cf98a9,SP,11,11,1732.90,167.19,157.53636363636363,10,11,1,0.09090909090909091,4.181818181818182
4ea2f12dbe91deeacd2c1e74f069a6e6,SP,4,6,210.20,70.07,35.03333333333333,4,4,0,0.0,4.75
3dc69bf2c42f0568a5c4791ec3fd3745,SP,2,2,300.00,34.43,150.0,1,2,0,0.0,4.0
c522be04e020c1e7b79f3acff36513d5,SP,7,7,739.93,98.37,105.70428571428572,4,7,2,0.2857142857142857,3.5714285714285716
da6a60cc8cc724fe51be021ff8be779c,RJ,12,13,728.79,255.79,56.06076923076923,9,12,0,0.0,4.75
4a1f694197d05fe70026b016a7316b41,SP,14,23,907.77,370.98,39.46826086956522,12,14,1,0.07142857142857142,4.571428571428571
0e44d110fa6a54e121cb2c095a77762f,SP,6,6,223.32,70.06,37.22,5,6,1,0.16666666666666666,4.333333333333333
1d29dfba02015238dfbe2449a5eaa361,MG,12,12,612.80,177.12,51.06666666666667,3,12,1,0.08333333333333333,4.5
70125af26c2d6d4ef401a1d02ae7701f,GO,5,8,371.20,258.42,46.4,3,5,2,0.4,4.6
b7ed9fb14c8eadb37adb9c45d67ab0fb,SP,7,11,566.00,221.75,51.45454545454545,5,7,0,0.0,3.2857142857142856
bdb3edbaee43a761e2d4f258dc08f348,SP,5,5,259.50,68.86,51.9,3,5,1,0.2,3.8
72c38a04bd6a1c3dbc5298425a0db86d,PR,4,5,647.30,113.35,129.46,4,4,0,0.0,3.75
5444b12c82f21c923f2639ebc722c1ea,SP,1,1,169.90,9.56,169.9,1,1,0,0.0,4.0
26d8a1c7c75d513045798992ead43aa2,PR,36,38,8244.12,701.66,216.95052631578946,21,36,3,0.08333333333333333,4.305555555555555
8a1ff5c35f6595a73fef4c7b96e4908a,PR,2,2,1598.00,284.80,799.0,1,2,0,0.0,5.0
e58a5b390e28abc0b216cfb0e07d27d7,RJ,7,7,1022.60,144.63,146.0857142857143,3,7,0,0.0,4.857142857142857
a7b7354cc588f7566a848bcbb1ce3d96,SP,2,2,79.80,25.07,39.9,1,2,0,0.0,4.0
cb6c9f5888a7a090c75beaf615925792,ES,11,11,779.89,229.08,70.89909090909092,9,11,1,0.09090909090909091,3.8181818181818183
fa74b2f3287d296e9fbd2cc80f2d1cf1,SP,11,11,2459.89,175.79,223.62636363636364,5,11,2,0.18181818181818182,2.3636363636363638
ffeee66ac5d5a62fe688b9d26f83f534,SP,14,14,1839.86,419.69,131.41857142857143,3,14,2,0.14285714285714285,4.214285714285714
4d8809767a5bafe22909c77951fb6b41,SP,1,1,50.00,8.72,50.0,1,1,0,0.0,5.0
77e4abfd739aed9c46480f90f81c0eb4,DF,18,18,3736.99,355.22,207.61055555555555,9,18,0,0.0,4.777777777777778
9c690ceacd5c66731bf443ea810195cb,MG,10,12,871.80,249.22,72.65,2,10,0,0.0,4.3
977f9f63dd360c2a32ece2f93ad6d306,SP,24,25,2858.87,934.98,114.3548,19,24,3,0.125,3.75
1e9d5a33694bddb76316fd1f54734d20,MT,2,2,318.00,150.94,159.0,2,2,0,0.0,4.5
beadbee30901a7f61d031b6b686095ad,SP,64,68,4373.98,937.54,64.32323529411765,7,64,16,0.25,3.90625
fcdd820084f17e9982427971e4e9d47f,SP,16,27,4783.99,881.75,177.1848148148148,5,16,2,0.125,3.9375
49383af7ab774e4e8f3000f49c83dc4b,SP,8,12,660.00,242.23,55.0,1,8,0,0.0,4.375
c84592044b180dec206770c38603814b,SP,15,15,511.94,224.26,34.129333333333335,5,15,0,0.0,4.2
2f09f7d37a97956d11cc1a7cadd5262b,SP,11,12,2005.00,463.41,167.08333333333334,5,11,1,0.09090909090909091,2.909090909090909
32e5635e63cb374eb63afdd242fb6134,RJ,1,1,910.00,17.82,910.0,1,1,0,0.0,5.0
fbc14c0cf93505ef89f64665ffa4a7b5,SP,18,18,12227.82,531.11,679.3233333333334,16,18,1,0.05555555555555555,4.176470588235294
e116c7455dd26a4d8c3e92532583905f,SP,1,2,36.76,14.78,18.38,1,1,0,0.0,4.0
bede56095ba33c42038fb85f707b8a42,SP,2,2,3973.90,210.87,1986.95,2,2,0,0.0,4.5
1927cdb9fa74f5270097f6250e8e8f34,SP,1,1,120.00,58.92,120.0,1,1,0,0.0,5.0
b0f2a6122a90a93eb03e68653dd960e3,PR,6,7,1620.30,137.98,231.47142857142856,4,6,0,0.0,4.833333333333333
6c17baf138731a4aaacc3210adf2037b,SP,4,5,538.80,89.92,107.76,5,4,0,0.0,5.0
00d8b143d12632bad99c0ad66ad52825,MG,1,1,86.00,51.10,86.0,1,1,0,0.0,5.0
7b3447b497e55af8c15fc7bd89d7b81a,SP,1,1,49.90,20.75,49.9,1,1,0,0.0,5.0
e3dd723429d1b23614b7fa85e2c7a853,SP,7,8,471.05,126.57,58.88125,4,7,2,0.2857142857142857,3.7142857142857144
d5c530f4884a75ae0dba9c148718d278,MG,6,9,280.88,164.05,31.20888888888889,6,6,1,0.16666666666666666,3.5
dfc5fb7259bb2b599ca565e6e9448f0f,SP,33,34,6124.63,721.35,180.13617647058823,11,33,1,0.030303030303030304,4.121212121212121
9df5750209b83567ec144eb299d7d634,RS,11,11,4917.00,259.30,447.0,8,11,1,0.09090909090909091,4.0
9140bd1d9de28b197dce077bdd687438,SP,6,8,1258.87,184.06,157.35875,5,6,0,0.0,4.166666666666667
a353b1083c9863d756d9404695016d64,ES,1,1,120.00,17.09,120.0,1,1,0,0.0,5.0
f435898e493ba0356019a0b1cb8b55b1,PR,10,12,649.76,230.92,54.14666666666667,5,10,0,0.0,4.4
69a43819c758c65a5befb0b471c954d7,PR,2,3,299.85,100.91,99.95,3,2,0,0.0,4.0
e9e446d01bd10a97a8ffcfc4a3a20cb2,SP,4,4,60.05,29.56,15.0125,4,4,0,0.0,3.5
929f342384a6607afe143d789ade1316,PR,4,4,209.40,63.36,52.35,4,4,0,0.0,5.0
a1544b9ea0b2390e020537d4daa89049,SP,8,8,841.20,107.33,105.15,4,8,0,0.0,4.0
5a05a16bb50629ee31afab8a6d4c2674,RS,14,15,794.30,281.18,52.95333333333333,5,14,1,0.07142857142857142,4.214285714285714
dd88d13bea9e4c2bf47daf224f8141e5,RS,1,1,458.00,29.38,458.0,1,1,0,0.0,5.0
cf654707ed6a99f112c7ec3d6f314b8b,SP,3,4,756.00,33.54,189.0,4,3,0,0.0,4.666666666666667
c6218512d16fcac0af02fe92691cf274,MG,8,8,674.00,194.64,84.25,4,8,1,0.125,4.111111111111111
e546117ed9cafbc40239c0c78635c584,SP,2,2,456.00,28.34,228.0,1,2,0,0.0,4.5
4cc4fd4fdd406a85bbdc1f824b731bd7,PR,1,2,539.98,31.24,269.99,1,1,0,0.0,5.0
55c96925041a14097b6a7825554f4ad5,SP,6,10,294.80,188.57,29.48,6,6,2,0.3333333333333333,4.0
33dd941c27854f7625b968cc6195a552,ES,5,5,6787.50,380.91,1357.5,1,5,0,0.0,4.4
89c127985a8b130cfa45c1d36764017a,SP,7,7,1419.57,120.63,202.7957142857143,6,7,0,0.0,3.0
fe1b067411b8c5066e962aa146ccee03,SP,8,8,847.78,143.10,105.9725,2,8,0,0.0,4.625
70f84699be677ec988d1fa824aef7d90,MG,5,5,1588.30,116.14,317.66,4,5,0,0.0,4.6
80146bc52c4f6af5239b23de2a20262b,SP,1,2,27.10,49.68,13.55,1,1,0,0.0,3.0
83c8aafbefb034674a70de0eac5b8954,PR,2,2,134.90,50.97,67.45,2,2,0,0.0,5.0
7d484ca289afaac6bf5fc6a1e96d2226,MS,2,2,183.20,65.22,91.6,2,2,1,0.5,4.0
f1198c871e0171278b63f40d112caeec,SP,2,2,475.80,82.27,237.9,2,2,0,0.0,4.5
077c5fae4bea9500e3737b16f71b9d3a,SP,4,6,106.80,70.44,17.8,3,4,0,0.0,4.5
bfd938b22bc99bce1ae60dc602889f52,RJ,6,12,922.80,195.46,76.9,4,6,0,0.0,3.8333333333333335
50bf89f1349bc0409a268c3a49678009,SP,1,1,179.90,102.57,179.9,1,1,0,0.0,5.0
b05b432bf68945d4d9783f9e3ca29ee8,SP,2,2,224.80,26.09,112.4,2,2,0,0.0,4.5
457fe919b032a3f7dadba6fb92cf7855,SP,9,12,1104.89,141.22,92.07416666666667,8,9,1,0.1111111111111111,4.777777777777778
63704069d9bd3a75c1cf59babe56004a,SP,1,1,59.30,7.39,59.3,1,1,1,1.0,1.0
d2df77822373f19934e87694d8640767,PR,2,2,155.90,40.50,77.95,2,2,0,0.0,3.0
553a440137d6e0cf776aee0bb83ac9f5,SP,2,2,144.80,30.34,72.4,2,2,1,0.5,1.0
6235903333ba7de1928c869e268e5964,SC,1,1,94.06,41.42,94.06,1,1,0,0.0,5.0
120476eb7a04c149d14772edaf5d9bf2,RJ,4,6,2368.80,150.83,394.8,4,4,0,0.0,4.25
1e8c6a4c538f286aee9573239740a4b4,SP,5,5,359.70,87.12,71.94,5,5,0,0.0,3.8
4125d9385a25e82d2f72d3a0fd55bc3f,SP,1,1,42.90,18.40,42.9,1,1,0,0.0,5.0
a9415cf907dfa12f9ed18693244f5329,MG,1,2,210.00,175.42,105.0,1,1,0,0.0,5.0
c6381b1321d7d97717a5bb4ed5b77882,SP,2,3,66.00,34.01,22.0,3,2,0,0.0,3.0
bb3dca718920a4d7ec3cc9ffb025108b,SP,2,3,108.00,93.70,36.0,2,2,0,0.0,3.0
15b3b1b81484422eb41df68ac87f1f50,SP,2,2,78.35,24.54,39.175,2,2,0,0.0,1.0
5cf1ec37aea089f45110c70653a166ab,SP,3,3,50.00,43.10,16.666666666666668,1,3,0,0.0,3.6666666666666665
a7d0f8dd44f57ef6de7f7f02e3d82630,SP,2,2,73.79,25.88,36.895,2,2,0,0.0,4.5
f7315bb81aea4ddca2d39e249a801c98,SP,2,2,379.80,50.28,189.9,1,2,1,0.5,4.5
d9c349beabc06aa6ff1c6d68b5e9e22e,SP,1,1,168.10,37.55,168.1,1,1,0,0.0,5.0
e9b6c33b71b67737693b4cfa68341c8d,SP,1,1,119.90,21.49,119.9,1,1,0,0.0,4.0
466222e777149751370e7e98fb623b0c,RJ,1,1,87.90,17.55,87.9,1,1,0,0.0,5.0
9523fb39dd240aa958e040f8183d64f3,SP,1,1,146.99,21.30,146.99,1,1,0,0.0,1.0
8501d82f68d23148b6d78bb7c4a42037,SC,1,1,19.70,10.96,19.7,1,1,0,0.0,1.0
791cfcfe22fe4a771ece27f90017da92,SP,2,2,596.26,57.49,298.13,1,2,1,0.5,1.5
0a82f5fb06a4fe4ac2cf7cb412ec71b8,SP,2,2,462.00,22.80,231.0,2,2,0,0.0,5.0
56a8b450e802502ba53a9885ee38e29f,SP,1,1,62.45,15.20,62.45,1,1,0,0.0,1.0
258447aad3f7b01e2643c89f64dc5647,PR,1,1,51.90,19.55,51.9,1,1,0,0.0,5.0
7494d0dcba8551df6cf37f1b905dc2f7,SP,1,1,45.90,17.07,45.9,1,1,0,0.0,3.0
aa2640d851ec322526f1295bbeb20092,SP,1,2,159.98,22.36,79.99,1,1,0,0.0,3.0
2eeb6531ee027a48d401e72bebdd87d3,SP,3,3,38.70,40.00,12.9,3,3,0,0.0,4.333333333333333
0b1ca3ef18a63d7eb0c8897fa0849c08,SP,1,1,55.00,7.87,55.0,1,1,0,0.0,5.0
dd264199fc8b687ad029de7de6d760e6,PR,1,1,87.90,20.70,87.9,1,1,0,0.0,5.0
c7b7db6c8f3c64a7cc1afa634db21d50,SP,1,1,1489.00,22.86,1489.0,1,1,1,1.0,1.0
f5b84683a9bf9e1df748cf40f601b39c,SP,1,1,83.90,9.07,83.9,1,1,0,0.0,5.0
530ec6109d11eaaf87999465c6afee01,PR,97,104,12983.81,2656.40,124.84432692307692,30,97,1,0.010309278350515464,4.237113402061856
bfd27a966d91cfaafdb25d076585f0da,SP,117,118,19921.00,2724.05,168.82203389830508,54,117,6,0.05128205128205128,4.278260869565218
f45122a9ab94eb4f3f8953578bc0c560,SP,187,200,22078.29,3325.84,110.39145,89,187,14,0.0748663101604278,3.9572192513368982
12b9676b00f60f3b700e83af21824c0e,RS,135,135,26774.00,3568.69,198.32592592592593,37,135,2,0.014814814814814815,4.511111111111111
70c27847eca8195c983ed7e798c56743,RJ,77,98,12077.52,1451.66,123.24,20,77,7,0.09090909090909091,4.233766233766234
43f8c9950d11ecd03a0304a49e010da6,SP,41,41,4249.59,557.63,103.64853658536586,21,41,3,0.07317073170731707,4.560975609756097
0db783cfcd3b73998abc6e10e59a102f,SP,132,137,9077.40,1999.15,66.25839416058395,14,132,5,0.03787878787878788,4.206106870229007
d98eec89afa3380e14463da2aabaea72,RS,168,183,6968.53,3256.78,38.07939890710382,26,168,4,0.023809523809523808,4.333333333333333
6fc26fe110feebd80a433e1f012a84f9,SP,35,72,4150.87,977.19,57.65097222222222,19,35,4,0.11428571428571428,3.911764705882353
4c2b230173bb36f9b240f2b8ac11786e,SP,261,346,14592.27,4397.57,42.17419075144509,20,261,26,0.09961685823754789,3.9767441860465116
54965bbe3e4f07ae045b90b0b8541f52,PR,78,86,10961.30,2203.54,127.45697674418605,53,78,22,0.28205128205128205,3.0
688756f717c462a206ad854c5027a64a,SP,83,101,5966.54,1934.91,59.074653465346536,40,83,7,0.08433734939759036,3.855421686746988
31344c16881c08a8a72c6d2eb29918c1,MG,43,43,9615.70,2296.92,223.62093023255815,10,43,2,0.046511627906976744,4.348837209302325
974cf2cb8f4b7add98709c30df02fe10,SP,33,33,2982.67,577.01,90.3839393939394,11,33,1,0.030303030303030304,4.0606060606060606
70a12e78e608ac31179aea7f8422044b,SP,315,328,30858.53,5606.91,94.08088414634146,121,315,34,0.10793650793650794,3.7987220447284344
229c3efbfb0ea2058de4ccdfbc3d784a,MG,121,148,15744.00,2362.57,106.37837837837837,24,121,2,0.01652892561983471,3.625
a673821011d0cec28146ea42f5ab767f,SP,129,146,13863.69,2626.45,94.9567808219178,53,129,14,0.10852713178294573,3.9921259842519685
1b4c3a6f53068f0b6944d2d005c9fc89,SC,113,117,14760.30,3031.37,126.15641025641025,31,113,7,0.061946902654867256,4.221238938053097
da8622b14eb17ae2831f4ac5b9dab84a,SP,1314,1551,160236.57,24955.75,103.31177949709864,222,1314,100,0.076103500761035,4.178867924528302
06532f10282704ef4c69168b914b77be,PR,8,9,10220.50,698.24,1135.611111111111,8,8,0,0.0,4.25
18e694e0e48ed6f7aa3f24aade5fd697,SP,31,34,701.54,504.23,20.633529411764705,4,31,1,0.03225806451612903,4.67741935483871
559d56f3b8f0bc2e5a9a62fe2ce2a39f,SC,2,2,385.00,48.72,192.5,2,2,1,0.5,2.5
1464afc72f696af775557a821c2e253f,RJ,29,30,1059.36,454.42,35.312,8,29,1,0.034482758620689655,4.241379310344827
51702dc2a3e106c76dbff722b5bf0726,SP,13,14,2705.10,581.94,193.22142857142856,8,13,0,0.0,4.3076923076923075
070d165398b553f3b4b851c216b8a358,SP,32,39,3393.16,1003.59,87.00410256410257,11,32,5,0.15625,3.3225806451612905
0bf0150d5b9d60d9cd2906003332f085,SP,39,62,5774.60,1097.74,93.13870967741936,15,39,8,0.20512820512820512,3.789473684210526
aafe36600ce604f205b86b5084d3d767,SC,129,131,9251.40,2421.80,70.62137404580153,30,129,6,0.046511627906976744,4.403100775193798
bc47d5d1490df2b36add65d733eafaba,SP,24,25,1004.80,415.11,40.192,7,24,2,0.08333333333333333,3.25
d25aa0aaacb370e912f8cf6efeba38b3,SC,17,21,2658.45,714.68,126.59285714285714,5,17,1,0.058823529411764705,4.470588235294118
7d76b645482be4a332374e8223836592,SP,176,187,3843.93,2587.61,20.555775401069518,89,176,20,0.11363636363636363,3.9597701149425286
3078096983cf766a32a06257648502d1,SP,59,64,8285.42,1415.48,129.4596875,39,59,3,0.05084745762711865,4.203389830508475
b01c2b7b8599b325103ebcddc67413e1,RS,4,4,169.45,72.67,42.3625,1,4,0,0.0,4.75
3cfa1358a6caa965278721344c8d76f2,SP,5,5,3140.28,81.25,628.056,4,5,0,0.0,4.8
f214d28e8d8e3ef068748498ccc2f813,SP,54,59,2212.41,809.11,37.498474576271185,21,54,4,0.07407407407407407,4.150943396226415
d101c6da914ae3d53f7bee42283f2fe2,SP,13,16,1297.40,260.15,81.0875,4,13,1,0.07692307692307693,3.7142857142857144
45ba18c210d42734ec52c0c1c574e9ee,SP,38,41,5589.13,972.96,136.32024390243902,29,38,2,0.05263157894736842,3.8684210526315788
373ee4a3a775a733770ca3f790b8b9ac,RJ,13,22,2141.49,290.32,97.34045454545455,9,13,1,0.07692307692307693,3.9285714285714284
eebb3372362aa9a46975164bed19a7e7,SP,7,8,591.92,119.40,73.99,2,7,2,0.2857142857142857,2.5
165fc07beebdcb6190fba8a06db2a449,PR,50,64,17481.40,1600.03,273.146875,27,50,6,0.12,3.8
0ea22c1cfbdc755f86b9b54b39c16043,MG,237,269,10711.70,4363.61,39.82044609665427,152,237,4,0.016877637130801686,4.401673640167364
6bd503a8230299c9316fb0f726933927,GO,4,5,324.29,129.60,64.858,5,4,1,0.25,4.75
5b0cc932433fa5184b5b94bfe6bcc256,SP,12,17,1437.80,556.29,84.5764705882353,4,12,3,0.25,3.5833333333333335
e883aa812c37a7413226856f4579fe91,SP,26,29,4097.10,457.36,141.2793103448276,6,26,1,0.038461538461538464,4.153846153846154
c4d51195486dc781531876a7d00453d8,SP,17,17,11468.98,569.37,674.6458823529412,6,17,5,0.29411764705882354,3.9411764705882355
40d54b51e962dbe09cabbcfd33298dee,SP,30,31,6785.56,537.69,218.8890322580645,13,30,0,0.0,4.0
3dbbce181edfaa4a597ec858c382d2ec,PR,17,20,848.30,440.27,42.415,13,17,2,0.11764705882352941,4.235294117647059
f615fe7efbef0f4f08fd3086bc7a3e60,SP,23,24,2359.27,389.69,98.30291666666666,18,23,2,0.08695652173913043,4.3478260869565215
270d3ef21830ad0ecf3a6c53d08a533a,SP,6,18,509.00,234.67,28.27777777777778,3,6,0,0.0,2.3333333333333335
08cdbae123ff67ca4e36d9d641ce0119,MG,4,6,3098.99,1096.47,516.4983333333333,3,4,2,0.5,3.0
821fb029fc6e495ca4f08a35d51e53a5,SP,28,29,19187.42,1552.83,661.6351724137932,10,28,9,0.32142857142857145,3.4074074074074074
e1dc0754bada9ee4cfe9713f22f61292,RJ,12,12,885.00,264.78,73.75,4,12,0,0.0,3.8333333333333335
762ed976527cddf02787edba70fffa2a,PR,3,4,179.80,60.32,44.95,3,3,0,0.0,2.3333333333333335
1b65c144b17e607c0f37f10bb7dfec8d,SC,5,5,1109.50,144.85,221.9,3,5,0,0.0,2.0
d354c38a7182125a748cb10474fe963b,RJ,18,20,1610.33,315.85,80.5165,7,18,1,0.05555555555555555,4.294117647058823
3ab971ce71839580d2ae5b4e40fe8044,SP,36,38,5002.90,896.15,131.65526315789472,9,36,3,0.08333333333333333,3.911764705882353
f35becee938e982bd615edf8ef12bcfb,SP,6,6,148.59,78.22,24.765,5,6,0,0.0,4.0
7fdb0720c8d7c9075538b365dc8c3a22,PR,9,10,1804.00,484.31,180.4,3,9,1,0.1111111111111111,2.4444444444444446
76ea5315acb3f5f7ade3cd261faf922a,SP,15,15,1087.06,224.02,72.47066666666667,12,15,1,0.06666666666666667,4.266666666666667
b347677812ea483b0f528eaf8cbc09b7,PR,21,21,7288.99,762.35,347.0947619047619,11,21,0,0.0,4.523809523809524
4ba52dfeba874da5b9ee7b17c7494f04,SP,11,11,1463.00,204.91,133.0,11,11,1,0.09090909090909091,4.363636363636363
bd15ee794d5e640d9dd71b665b2ab15b,SP,12,12,374.80,219.33,31.233333333333334,4,12,2,0.16666666666666666,4.0
c8417879a15366a17c30af34c798c332,SP,26,36,1767.90,487.54,49.108333333333334,15,26,3,0.11538461538461539,4.28
238fac594e170b59c6d228f5a4f4f1d9,SP,29,30,3126.00,1419.52,104.2,6,29,3,0.10344827586206896,4.0
d4f117125b59ce73c3302f88ee40c458,SP,17,17,783.29,215.32,46.07588235294118,8,17,0,0.0,4.823529411764706
c26ba52cf8d2f34915f2f6b7ffa0a3f3,RJ,4,4,125.96,46.69,31.49,2,4,0,0.0,4.0
8090490573c6c0aa343a7231ebcb8c86,SP,26,26,3871.12,426.91,148.88923076923078,9,26,2,0.07692307692307693,4.1923076923076925
9bcdfa7b615b3abb9461d9e3ad9886ae,SC,14,20,2126.07,397.72,106.3035,10,14,1,0.07142857142857142,4.428571428571429
d9bd94811c3338dceb4181f3dbc0c73e,SP,54,61,6911.02,771.09,113.29540983606557,20,54,6,0.1111111111111111,4.796296296296297
ea6b12bf9ffe2bac34602ec631d97a47,SP,11,11,2625.80,205.52,238.70909090909092,8,11,0,0.0,4.090909090909091
ccb83a794700270fde70898fe9ff368b,SC,12,12,11062.00,1723.73,921.8333333333334,2,12,2,0.16666666666666666,4.333333333333333
013900e863eace745d3ec7614cab5b1a,PR,23,26,1619.70,469.67,62.29615384615385,19,23,0,0.0,4.695652173913044
5acd070dd3fe441bbb2ec1f1ede515ee,SP,7,8,764.17,122.20,95.52125,5,7,3,0.42857142857142855,3.0
02c988090b766852e088c69d7fb3b551,SP,13,17,1618.65,218.30,95.21470588235294,11,13,0,0.0,4.583333333333333
2075d8cd4dd63ff12df0749a5866bb06,PR,3,3,184.70,57.53,61.56666666666667,2,3,0,0.0,5.0
299c89a525fee36c567f4fe72f038100,CE,2,2,658.00,99.75,329.0,2,2,0,0.0,2.0
6d1b9c9579132c87d2703ec38c30f2c5,PR,4,4,299.69,67.70,74.9225,3,4,0,0.0,4.5
3771c85bac139d2344864ede5d9341e3,SP,26,30,1433.30,408.96,47.776666666666664,7,26,4,0.15384615384615385,3.8461538461538463
9c3a1c416c765687bc79a04113269929,MG,1,1,74.90,58.90,74.9,1,1,0,0.0,1.0
10ff823eda2b032e2c93d17a7d294736,SP,9,9,1294.97,164.56,143.88555555555556,6,9,0,0.0,3.888888888888889
7238a95bb63ef7e498389fb863b834a1,SP,15,15,2265.70,569.41,151.04666666666665,6,15,1,0.06666666666666667,4.733333333333333
d1c7fa84e48cfa21a0e595167c1c500e,RS,12,12,1156.03,321.35,96.33583333333333,6,12,0,0.0,4.333333333333333
ed4311e67debd72b8610a5347a743087,SP,25,26,3636.00,706.81,139.84615384615384,7,25,2,0.08,4.625
83645b1645cdee8953ee54c29ceed564,PR,14,14,978.90,266.20,69.92142857142858,11,14,0,0.0,4.428571428571429
41c9d3997dd3c072c31139dc5bb5761f,MG,3,3,998.80,111.74,332.93333333333334,1,3,0,0.0,4.333333333333333
0ef83d7d83ed97cd2a0049ac8be5f88a,PR,48,55,4421.01,1026.80,80.382,14,48,1,0.020833333333333332,4.166666666666667
c273175f7c6c80fb02f051e2fc6d0d72,SP,14,14,1188.23,255.22,84.87357142857142,11,14,1,0.07142857142857142,3.7857142857142856
ec4608a1f76453166bb312b2968aeaf4,SP,18,35,1181.75,939.61,33.76428571428571,5,18,4,0.2222222222222222,3.1666666666666665
6e4f5ff6b086632ba8dcb558fb10249e,RS,5,5,838.90,214.35,167.78,3,5,0,0.0,3.4
3586b8580d9c917874e053a1bb37b5ff,SP,36,43,1524.70,827.65,35.45813953488372,5,36,1,0.027777777777777776,4.416666666666667
4a82c4af97ffc0fb2dc26bfdc03b1842,MG,3,3,143.70,67.20,47.9,3,3,0,0.0,5.0
4091f77d8c768fc3e81c20761471761d,SP,8,8,1079.00,230.87,134.875,6,8,2,0.25,2.75
217f005bb37ff3aeef5b2ae1788e75ba,SP,3,3,74.97,45.25,24.99,1,3,0,0.0,3.75
039b29ff3b3473435d0cd59040575de9,SP,9,9,114.90,100.65,12.766666666666667,7,9,0,0.0,4.444444444444445
ad87df7699e83b8a91822a4a0b765c3a,SP,6,7,349.90,88.72,49.98571428571429,5,6,0,0.0,3.8333333333333335
32b8764b4ef628b53608fc34011fcc13,SC,36,38,8884.00,2970.42,233.78947368421052,11,36,3,0.08333333333333333,4.194444444444445
b4b447d715f9ab302a188fb43d3e96b3,SP,5,5,685.93,93.73,137.186,2,5,1,0.2,4.8
557f22c76691849db52d2abccf0015d0,GO,13,14,865.86,326.70,61.847142857142856,4,13,0,0.0,3.0833333333333335
e9874ae10b2d60d43917b6bbfa13a599,PR,1,1,199.00,23.10,199.0,1,1,0,0.0,5.0
e84ad2127668df3aafc6b73531a0beb8,SP,19,23,987.00,286.73,42.91304347826087,5,19,1,0.05263157894736842,4.368421052631579
538caafddff204241cecbf3a02e6b3cf,SP,9,9,148.30,98.19,16.477777777777778,6,9,4,0.4444444444444444,2.5555555555555554
9a84ba99f5367fdbd4598363496f1ea2,GO,16,16,2284.98,435.95,142.81125,3,16,0,0.0,3.7058823529411766
83c465a786b06574376909b35ef6752a,SP,3,3,281.40,49.06,93.8,2,3,0,0.0,5.0
f44b6f775a2b390380e0e30b5c9d3eee,SP,10,10,2930.00,258.24,293.0,10,10,0,0.0,4.9
cb41bfbcbda0aea354a834ab222f9a59,SP,12,12,4002.00,886.68,333.5,3,12,4,0.3333333333333333,3.3333333333333335
b76a1f8356322f12529c37b67d5c96c2,SP,5,5,298.50,56.39,59.7,5,5,0,0.0,4.8
a7c88262832dfc683781d6a421edefae,SP,5,5,1520.00,82.42,304.0,5,5,0,0.0,4.2
a45314082d50d578a4721c9787ce09ab,SP,2,2,424.90,29.02,212.45,2,2,0,0.0,5.0
3d4824f20035949c710eaf111f869d39,SP,9,10,1041.04,173.54,104.104,8,9,1,0.1111111111111111,4.111111111111111
ff314fa6033cc68ec451c47aee2d6ba4,SP,2,2,537.90,32.44,268.95,2,2,0,0.0,5.0
244c2f1bff6afe1f2eaf9bfe9b2aed38,SP,23,27,2580.00,1214.87,95.55555555555556,11,23,2,0.08695652173913043,3.68
883dd81e82754ac2c65e9790a7db8c9a,PR,5,5,319.50,74.96,63.9,4,5,0,0.0,4.4
5b664594895aefb418afaee6d40a9a23,RJ,16,22,1008.80,226.38,45.85454545454545,3,16,0,0.0,3.9375
1c5e4e49b9079480255b49d50aac1aa9,SP,12,12,10173.11,889.61,847.7591666666667,8,12,0,0.0,4.333333333333333
21d59342ba150175ca2aa4f8faddeca6,SP,2,2,259.90,74.39,129.95,2,2,0,0.0,4.5
ef728fa1f17436c91ed1ccd03dcf9631,SP,3,4,128.70,58.12,32.175,4,3,0,0.0,4.333333333333333
5d378b73ab7dd6f0418d743e5dcb0bd1,SP,7,7,13243.00,393.28,1891.857142857143,3,7,1,0.14285714285714285,3.857142857142857
9bc484c87d79cd4874e05ca182658045,SP,9,9,1120.00,149.87,124.44444444444444,9,9,2,0.2222222222222222,4.0
f0e103c63864d5405b958d984b6e94c9,SP,11,11,951.70,149.71,86.51818181818182,7,11,0,0.0,4.7272727272727275
98f52e1020fe788c10c0418de4393fec,RJ,1,1,21.60,15.10,21.6,1,1,0,0.0,4.0
b080809eaacb49e5ca07290981472431,MG,11,11,424.00,143.40,38.54545454545455,6,11,0,0.0,4.818181818181818
ac51cac5e20d69ff485a54746488ef48,SP,4,4,759.90,73.87,189.975,4,4,0,0.0,3.5
2f3d8b4c9e2ee165075331fea3f3095a,SC,1,1,130.00,17.35,130.0,1,1,0,0.0,5.0
59bbc819b99a733f02f0d6b49d1c253d,SP,2,2,139.80,22.95,69.9,1,2,0,0.0,5.0
4c1c7281388a33dd06daac44f9fadbd1,SP,5,5,188.32,81.59,37.664,5,5,0,0.0,4.8
3a3c180dd702a725bd0ba4117689239e,PR,1,1,41.90,35.48,41.9,1,1,0,0.0,4.0
3fac58ce0ad699020c7944d53c41329c,SP,10,16,1244.95,183.02,77.809375,13,10,2,0.2,4.4
7402d13c03a7e91366337cd1de471144,PR,4,4,528.38,131.19,132.095,2,4,0,0.0,3.5
7bb8fac2913a6064ec412e583c6d8b4d,SP,1,1,109.00,16.52,109.0,1,1,0,0.0,5.0
b9ec22de23f18567de0e09d776ca0309,DF,2,2,341.98,40.49,170.99,2,2,0,0.0,5.0
0f7eea709efdf942b5f95c7516dbacd7,SP,3,3,195.74,44.32,65.24666666666667,2,3,0,0.0,4.0
ba6ce6de456f6c11d08c17701ba5c26f,SP,6,7,744.35,130.16,106.33571428571429,3,6,1,0.16666666666666666,4.166666666666667
0cab2da43793a6f3c5ed8514c5f54627,PR,3,3,309.70,57.20,103.23333333333333,2,3,0,0.0,5.0
d52cbce9845184537284a23c3bc3da0e,SC,2,4,75.00,63.78,18.75,3,2,0,0.0,5.0
12c2ed9cded6138cf0c75f525f565fc7,SP,4,4,314.96,51.05,78.74,4,4,2,0.5,4.25
5dc203c7b84a0e71e878a179de05fb9a,SP,5,5,421.90,128.15,84.38,3,5,0,0.0,4.0
5b35136197710e16ac5e7b7c2bd4ea85,RJ,7,9,3104.20,246.09,344.9111111111111,5,7,2,0.2857142857142857,2.5714285714285716
bcc9dd23e2a8bd8267cf92b19304a1b9,SP,3,3,202.79,43.43,67.59666666666666,2,3,2,0.6666666666666666,2.3333333333333335
94d76e96eedd976258cd3278ce56d5f2,SP,1,1,385.61,68.56,385.61,1,1,0,0.0,5.0
a0d7fbb07bb5ebc3b05980e750db56f3,SP,3,4,848.99,236.19,212.2475,4,3,0,0.0,2.3333333333333335
56f413900b5166ab4d730e9ac0b12cb0,SP,3,3,151.79,42.45,50.596666666666664,2,3,0,0.0,4.666666666666667
83b08de96980757220871b31bf6cffca,RJ,5,7,1304.17,454.21,186.31,4,5,2,0.4,4.0
15ead3a5037a918ddb520dfe39a3d2b9,MG,7,8,275.50,158.45,34.4375,8,7,1,0.14285714285714285,4.285714285714286
902c99f1ac505c0d18778b61bcd636f7,SP,4,4,157.96,100.16,39.49,4,4,0,0.0,4.0
c0e0b73d039eb9a99b6ce4cb7a429cd3,SC,1,1,29.88,7.68,29.88,1,1,0,0.0,5.0
96e5dc09087bad639b4ee193104ec2e5,RJ,2,2,101.90,52.54,50.95,2,2,0,0.0,4.5
9fe7c6641c79970ab48185498f547c09,SP,1,1,130.00,34.71,130.0,1,1,0,0.0,5.0
94165aea8a35c3c21499cbcae239b16c,MG,1,1,180.00,16.11,180.0,1,1,0,0.0,2.0
da20530872245d6cd9d2f5725613c430,RS,2,3,314.96,79.26,104.98666666666666,2,2,0,0.0,4.5
9d69ba0a7a626a64dc5db08e529559cf,SP,1,1,19.30,18.24,19.3,1,1,0,0.0,5.0
6b2612338467c08c9b25f0cc55b1578d,PR,1,1,92.90,20.97,92.9,1,1,0,0.0,4.0
513a54369b6a8a6602fcb0e129c6d78d,SP,2,2,47.80,14.86,23.9,1,2,0,0.0,4.5
b3e2faf2c1004d674f16a3aa3197f0e1,SP,3,3,61.47,33.77,20.49,3,3,0,0.0,5.0
d263fa444c1504a75cbca5cc465f592a,SP,1,1,399.00,45.07,399.0,1,1,0,0.0,5.0
28c7d8743fbc8679f484868cc0fcaefb,SP,3,3,201.50,68.86,67.16666666666667,2,3,0,0.0,5.0
c7246702dc991a06d788120dc7544391,CE,1,1,54.86,17.66,54.86,1,1,0,0.0,5.0
36f98ad67cc981f50ce8aed093d5783c,PR,2,2,119.40,39.22,59.7,2,2,0,0.0,4.0
29c322e3f09f886f8bacbe91dfbd979e,RS,1,2,48.98,56.59,24.49,2,1,0,0.0,5.0
c4b911d06343b21dd906651f8101cb49,SP,2,2,90.98,50.35,45.49,2,2,0,0.0,1.0
52454f90d4c30c016768db02f88c1a74,SP,3,5,80.50,67.17,16.1,4,3,0,0.0,3.6666666666666665
ad75519a07f039025e83795a4418470f,GO,3,9,302.10,115.82,33.56666666666667,3,3,0,0.0,3.6666666666666665
83353a83fd769dfafa4f21a72b15e3e5,SP,5,5,579.50,94.83,115.9,5,5,1,0.2,3.8
43b2c864251aa0ce4030c746984e088a,DF,2,2,94.80,34.52,47.4,2,2,0,0.0,3.0
ace601496e211a664100321f038f50af,SP,1,1,165.00,14.92,165.0,1,1,0,0.0,2.0
31e60bf8d103ce47932a85f5562deb16,GO,1,1,181.00,58.04,181.0,1,1,0,0.0,5.0
0dfbed20065e425d2eaefb101f9816c0,SP,3,3,84.35,49.25,28.116666666666667,2,3,1,0.3333333333333333,2.6666666666666665
8e670472e453ba34a379331513d6aab1,MG,1,1,975.00,108.96,975.0,1,1,1,1.0,1.0
3296662b1331dea51e744505065ae889,SP,1,1,517.80,27.71,517.8,1,1,0,0.0,5.0
afac9f6b0c4e5f0a7ee87e922cd0f873,SP,1,1,20.99,11.85,20.99,1,1,0,0.0,1.0
024b564ae893ce8e9bfa02c10a401ece,SP,2,8,706.40,212.00,88.3,2,2,0,0.0,4.5
5d9f3746e112e696f98ea22c56b3e912,SP,1,1,1322.64,47.77,1322.64,1,1,0,0.0,5.0
40536e7ca18e1bce252828e5876466cc,SP,2,4,463.96,499.04,115.99,1,2,0,0.0,1.0
43a5d4a57af536fddc96d08be3afdfcb,MG,1,1,75.00,24.83,75.0,1,1,0,0.0,1.0
3d68c634a99a1ba46dbca3967a69c623,SC,2,2,594.00,263.70,297.0,1,2,0,0.0,5.0
f43827dd686be3a4a80e00aa299990fb,SP,1,2,95.54,30.20,47.77,1,1,0,0.0,2.0
fec8cd45395b3cb0c2b173d7739706a1,SP,4,4,1280.00,96.94,320.0,3,4,0,0.0,3.75
cb4a705d00e100b9732d0ca34817d441,SC,1,2,998.00,82.56,499.0,1,1,0,0.0,1.0
011b0eaba87386a2ae96a7d32bb531d1,SP,1,2,99.98,29.18,49.99,1,1,0,0.0,4.0
52bb00821bcdd358a5a5a27e1f6be5a1,SP,2,2,349.80,38.63,174.9,2,2,0,0.0,4.5
4ce6e5f6c52515177e18c1c9361d8677,SP,1,1,226.60,25.67,226.6,1,1,0,0.0,3.0
d36b07fd3c5088e477a72d1fccfe29d4,SP,1,1,328.90,10.96,328.9,1,1,0,0.0,5.0
5415337f1863452476d42d9f14a16a61,MG,1,1,44.90,23.45,44.9,1,1,0,0.0,3.0
fe19dce63ae80346207c6c55713d1023,MG,1,1,49.90,21.82,49.9,1,1,0,0.0,5.0
344223b2a90784f64136a8a5da012e7f,SC,1,1,10.90,16.79,10.9,1,1,1,1.0,2.0
781a66c0d89e30814d49fe8b5e14cd07,SP,1,1,115.00,21.30,115.0,1,1,1,1.0,1.0
8ec76bb0965af3f007692b26fa9d6623,SC,1,1,1999.00,29.75,1999.0,1,1,0,0.0,5.0
edb65fe661681b1c0de8bd47c8655855,SP,1,1,69.00,15.24,69.0,1,1,0,0.0,3.0
497709c2976a8fa308730a2dec5b0726,SP,1,2,76.00,18.04,38.0,1,1,0,0.0,5.0
2d8cfba3fcd3170555941605edaa196a,SP,1,1,45.00,10.96,45.0,1,1,0,0.0,5.0
6426d21aca402a131fc0a5d0960a3c90,SP,23,23,1209.64,384.18,52.59304347826087,9,23,1,0.043478260869565216,4.173913043478261
1f50f920176fa81dab994f9023523100,SP,1404,1931,106939.21,35165.77,55.3802226825479,23,1404,148,0.10541310541310542,4.130341880341881
ea8482cd71df3c1969d7b9473ff13abc,SP,1146,1203,37177.52,17544.77,30.904006650041563,220,1146,118,0.10296684118673648,3.9973707274320773
ffc470761de7d0232558ba5e786e57b7,SP,28,31,1649.01,438.12,53.19387096774194,15,28,1,0.03571428571428571,4.444444444444445
dbc22125167c298ef99da25668e1011f,MG,406,429,33776.78,8012.38,78.73375291375291,101,406,10,0.024630541871921183,4.268472906403941
06a2c3af7b3aee5d69171b0e14f0ee87,MA,392,405,36408.95,12141.29,89.89864197530864,44,392,90,0.22959183673469388,3.992287917737789
f457c46070d02cadd8a68551231220dd,PR,199,234,19093.00,3714.22,81.59401709401709,23,199,12,0.06030150753768844,3.8480392156862746
a5cba26a62b8b4d0145b68b841e62e7f,PR,54,55,14737.84,1382.82,267.9607272727273,18,54,1,0.018518518518518517,4.518518518518518
18a349e75d307f4b4cc646a691ed4216,SP,121,148,8711.53,2198.03,58.86168918918919,42,121,7,0.05785123966942149,3.441666666666667
c4fb51fb1c5b7c07bc5e67be6e7e8f6e,PR,15,16,1567.90,558.71,97.99375,5,15,2,0.13333333333333333,3.533333333333333
53243585a1d6dc2643021fd1853d8905,BA,358,410,222776.05,13080.63,543.3562195121951,23,358,15,0.04189944134078212,4.132022471910112
d921b68bf747894be13a97ae52b0f386,MG,77,77,15645.80,1758.01,203.1922077922078,46,77,1,0.012987012987012988,4.558441558441558
99a54764c341d5dc80b4a8fac4eba3fb,SP,45,67,3708.76,1317.50,55.35462686567164,31,45,9,0.2,3.6136363636363638
6d66611d7c44cc30ce351abc49a68421,SP,166,176,13593.40,3260.97,77.23522727272727,59,166,10,0.060240963855421686,3.951219512195122
55029529919c0123526150bd26ca8f20,MG,7,7,453.95,134.88,64.85,6,7,0,0.0,4.714285714285714
c31eff8334d6b3047ed34bebd4d62c36,SP,122,123,13191.50,2394.55,107.2479674796748,5,122,17,0.13934426229508196,3.8512396694214877
8931a84a914b3fe9b1ddaa4d704947ca,SP,29,32,4668.30,424.59,145.884375,16,29,2,0.06896551724137931,4.071428571428571
a3b0df0065e264a91b7bbf5f844af5cd,SP,2,2,186.69,32.06,93.345,2,2,0,0.0,5.0
33a6f4b1e7cdc205511e76ba1b6e0186,SP,105,126,10295.01,1888.90,81.70642857142857,15,105,2,0.01904761904761905,4.40952380952381
d05ae8f7a5bd1d2a690a44cd079e4e27,RJ,78,81,13436.00,1159.43,165.87654320987653,11,78,7,0.08974358974358974,3.857142857142857
31da954dc0855f2495c6310f70a2f931,SP,29,30,4583.00,449.71,152.76666666666668,14,29,3,0.10344827586206896,4.206896551724138
acce39e832338debb07b02385cde5967,MG,44,44,4748.10,1175.56,107.91136363636363,30,44,0,0.0,4.4772727272727275
1900267e848ceeba8fa32d80c1a5f5a8,SP,411,529,24982.53,8138.06,47.22595463137996,127,411,42,0.10218978102189781,3.842751842751843
4b9750c8ad28220fe6702d4ecb7c898f,SP,218,222,15915.30,3389.80,71.69054054054054,34,218,17,0.0779816513761468,4.362385321100917
6860153b69cc696d5dcfe1cdaaafcf62,SP,74,84,3827.63,1490.60,45.56702380952381,22,74,7,0.0945945945945946,4.095890410958904
252e76235acb79183cfca6e34f13337d,SP,3,4,261.20,60.57,65.3,4,3,0,0.0,3.3333333333333335
af7cdac9d9897cddead9c6b08976c642,SP,6,6,543.54,150.47,90.59,5,6,1,0.16666666666666666,3.6666666666666665
54a1852d1b8f10312c55e906355666ee,SP,200,204,17226.44,3387.96,84.44333333333333,47,200,19,0.095,4.33
ea566164622c6b439516ab18062c42cd,SP,50,52,10309.42,858.56,198.2580769230769,19,50,11,0.22,3.78
7a241947449cc45dbfda4f9d0798d9d0,MG,62,72,8027.63,1990.47,111.4948611111111,17,62,4,0.06451612903225806,3.8688524590163933
cd6efc47efaabf134f8bdb654e10b4f1,RJ,31,32,4158.55,598.61,129.9546875,10,31,3,0.0967741935483871,4.483870967741935
dd2bdf855a9172734fbc3744021ae9b9,MG,108,113,10816.70,2037.18,95.72300884955752,43,108,6,0.05555555555555555,3.8476190476190477
d4e4b5192cba4e0e66eb12a9d347239d,PR,12,12,441.80,210.29,36.81666666666667,11,12,0,0.0,4.166666666666667
094ced053e257ae8cae57205592d6712,SP,19,19,1519.20,459.03,79.9578947368421,13,19,0,0.0,4.052631578947368
d06d019f72a04e5497a0b64190af170c,SP,17,17,2415.93,225.51,142.11352941176472,5,17,1,0.058823529411764705,4.529411764705882
53d00c40e32aeb924a84ce72b1af869d,SP,17,17,2165.85,296.22,127.40294117647059,9,17,4,0.23529411764705882,4.352941176470588
0ddefe3c7a032b91f4e25b9c3a08fca1,SP,9,10,402.90,150.00,40.29,7,9,0,0.0,4.555555555555555
c85d7b477a709c85a1e8b8f25aa1b270,SP,1,2,75.00,32.22,37.5,1,1,0,0.0,1.0
81336a0f57a33776419727a300249e90,SP,16,19,1374.85,296.03,72.36052631578947,10,16,3,0.1875,3.875
3ade81dab5a172b88e1871c28ae05260,SP,30,32,5751.60,1551.39,179.7375,10,30,4,0.13333333333333333,4.0
b8555308bfdb4ca1ed54325a58da9a97,SP,26,28,3047.20,582.83,108.82857142857142,4,26,2,0.07692307692307693,4.0
ce27a3cc3c8cc1ea79d11e561e9bebb6,SP,135,164,10682.65,2329.22,65.13810975609756,40,135,3,0.022222222222222223,3.9083969465648853
51ed72984a04e5dd35c2b27e77179038,SP,7,7,1294.30,198.93,184.9,4,7,1,0.14285714285714285,3.5714285714285716
17908cf9b444ee34047cadd5c0f4a516,GO,11,11,1993.99,501.42,181.2718181818182,9,11,1,0.09090909090909091,4.545454545454546
750303a20e9c56b2a6bc45cdce0b897d,GO,54,57,8085.00,1309.81,141.8421052631579,38,54,2,0.037037037037037035,4.2407407407407405
f3b80352b986ab4d1057a4b724be19d0,DF,87,92,10505.10,2187.63,114.18586956521739,4,87,0,0.0,4.172413793103448
113e3a788b935f48aad63e1c41dac1bd,SP,39,48,847.35,686.60,17.653125,28,39,2,0.05128205128205128,4.315789473684211
3d4b1ae7539303b5704493798893e82c,SP,6,9,1076.00,145.69,119.55555555555556,6,6,0,0.0,4.833333333333333
59cea8e446d3834393058e7e0666b6fb,PR,10,10,696.60,204.54,69.66,5,10,0,0.0,4.6
6ee85be3693ed79a8e80718743d80655,SP,9,13,484.50,170.82,37.26923076923077,4,9,2,0.2222222222222222,2.3333333333333335
7ade73f1b9b4e965f9009a4c3a7e2c15,SP,27,28,1880.30,457.87,67.15357142857142,12,27,0,0.0,4.769230769230769
25debeafbce801fdd479539350185eee,SP,6,7,302.84,100.01,43.26285714285714,3,6,0,0.0,2.6666666666666665
6bef34c5be6f2bbd70aa5165f6df94b1,SC,2,2,1198.00,132.88,599.0,1,2,0,0.0,2.0
20a8b0dc55da94fe74d112082427c84f,SP,7,7,407.40,123.98,58.2,3,7,1,0.14285714285714285,4.285714285714286
670c26e0f1bf8d0576271d5cfaec6d2b,PR,78,87,6341.60,1694.03,72.8919540229885,15,78,4,0.05128205128205128,4.269230769230769
abe42c5d03695b4257b5c6cbf4e6784e,RJ,50,50,17159.00,999.23,343.18,37,50,8,0.16,3.9183673469387754
b33aaadd1a8891d2dfef0c4c3bdf0371,SP,16,17,1504.00,359.04,88.47058823529412,4,16,2,0.125,3.9375
19a7c9f66ffa6452ff4b4c0cca71da27,PR,1,1,279.00,59.74,279.0,1,1,0,0.0,5.0
c9aafcd0621b2207c10e32c649cada4d,SP,44,52,2997.25,888.65,57.63942307692308,31,44,4,0.09090909090909091,4.0227272727272725
0249d282d911d23cb8b869ab49c99f53,SP,11,11,393.00,138.88,35.72727272727273,4,11,2,0.18181818181818182,4.2727272727272725
35b96509602ec4b7da831b5cd73ff2c2,RS,2,2,558.90,47.55,279.45,2,2,0,0.0,4.5
e64d65bc8dbec2accda90c58de5d1246,SP,12,12,1678.80,221.16,139.9,2,12,4,0.3333333333333333,3.0833333333333335
3e8bd881d92466e63ba9e3e809cd3c50,RJ,9,10,2242.28,207.97,224.228,8,9,3,0.3333333333333333,4.125
5d9dc90a686a8fddacffab6bab5653a3,SP,12,12,3761.94,369.33,313.495,5,12,1,0.08333333333333333,4.166666666666667
52f0fe436a347ddad7ed5f9aa4e27eaa,SP,21,23,1484.37,476.53,64.53782608695653,16,21,3,0.14285714285714285,3.5238095238095237
bc302730ea8cf49b5c74f579febb5bbf,SP,11,11,2640.90,289.27,240.0818181818182,9,11,1,0.09090909090909091,3.8181818181818183
bca9230d3bbb4efa51872bf605a2f1ad,SP,5,5,117.57,50.63,23.514,3,5,1,0.2,4.0
fd312b6bf05efac6c3772d5b52205d8a,SP,2,4,118.70,45.62,29.675,2,2,0,0.0,5.0
e89c4adbe7b1d0819dbb636e16461cf1,SP,24,25,3181.30,454.85,127.252,8,24,3,0.125,3.8333333333333335
3968920b9aa752ab98f7d5888c9252f2,SP,8,10,523.30,157.71,52.33,8,8,1,0.125,3.875
a2b5b6105ea5942300631d2e76f4ffe0,SP,16,16,3286.69,722.65,205.418125,6,16,2,0.125,4.75
5b07547f10dd980738a1a27f685af669,SP,13,14,1134.60,185.47,81.04285714285714,3,13,2,0.15384615384615385,4.461538461538462
e3e15e2c0b9700561efac21c6be48066,SP,3,4,97.24,42.50,24.31,3,3,0,0.0,2.0
5bc24d989e71e93c33e50a7782431b0e,MG,17,17,3148.00,588.53,185.1764705882353,9,17,0,0.0,4.352941176470588
bc2ac6b95e1accce9858528ee566c17e,SP,18,22,2045.00,234.56,92.95454545454545,14,18,0,0.0,4.555555555555555
5f7300535881cef3b625fd683cf7d145,RS,10,11,665.98,170.85,60.54363636363637,7,10,0,0.0,4.4
a2fa0bdc798ee84cdb08281337cf4fb6,SC,10,13,392.75,218.27,30.21153846153846,7,10,0,0.0,4.0
2ff6b7bff164ef05590a52734e1296da,PR,7,7,1803.59,151.53,257.6557142857143,6,7,0,0.0,4.714285714285714
d65f31d2413268e671989503f6cf9993,SP,2,3,488.80,71.15,162.93333333333334,3,2,0,0.0,1.0
c8e135e7b21ecbc36c1153a29d2f5a06,SP,7,7,1165.50,101.98,166.5,5,7,0,0.0,4.857142857142857
d1e2fe627180431ffda076abb303c56f,RJ,1,1,289.00,9.05,289.0,1,1,0,0.0,1.0
c0098efcf800861dcae589affca31408,SP,9,9,1189.28,187.46,132.14222222222222,8,9,1,0.1111111111111111,4.777777777777778
082e0bf4cb865a6533b1e8e498cc0255,SP,11,23,2073.30,991.03,90.14347826086957,17,11,2,0.18181818181818182,3.272727272727273
21e83881401b92b49fb09a16d3852291,MG,14,15,3588.05,594.48,239.20333333333335,9,14,0,0.0,4.357142857142857
4b39558c138930b9e5489c93b6df5fe3,SE,4,5,1096.70,132.40,219.34,3,4,0,0.0,4.5
26785a546900236d66f2e4197c211158,SP,15,15,1019.20,225.45,67.94666666666667,12,15,0,0.0,4.666666666666667
5c6d4016c2a288f074fa0848a2b653d2,SP,32,35,3159.00,514.17,90.25714285714285,16,32,3,0.09375,4.0625
45213867cefbf2cd4c6177e10216a951,SP,14,14,4955.42,433.74,353.9585714285714,9,14,2,0.14285714285714285,3.857142857142857
406740ee611378a662d274c7d8c43c4a,ES,8,10,1790.00,182.08,179.0,2,8,1,0.125,4.375
0bfd0b434243adc5c2e1aa6baf19c6aa,RJ,6,6,371.20,65.79,61.86666666666667,6,6,0,0.0,3.6666666666666665
3be5841cdcc46de4ed3f9116f104b2c5,SP,4,4,599.60,88.35,149.9,4,4,0,0.0,4.75
c26a2be5b53b7db6b276280da212a779,RJ,13,18,7482.00,806.85,415.6666666666667,4,13,0,0.0,3.3846153846153846
916c9de0b5ad957346eeeb12f332687e,PR,23,28,5480.25,493.53,195.72321428571428,5,23,0,0.0,4.565217391304348
b94cc9f10ddc85e4ba73a6f7974e7101,RJ,39,39,25346.10,1022.39,649.9,7,39,3,0.07692307692307693,4.297297297297297
397c4d0c005b6f41f90098ac724e28cb,SP,5,5,8177.00,445.37,1635.4,4,5,2,0.4,4.4
83d7070a0b9a8b4625fa8682b819fabb,SP,2,2,694.77,127.63,347.385,2,2,0,0.0,1.0
670a9dda115b5a88b18cfadee8de2332,SP,11,11,918.90,183.09,83.53636363636363,10,11,0,0.0,4.454545454545454
ea1776927851da2532aa70d6a32c095a,SP,3,3,318.80,53.52,106.26666666666667,3,3,0,0.0,2.6666666666666665
dcf3755cefcdc158ad0b7bdde51e871b,RS,3,3,269.70,89.33,89.9,3,3,0,0.0,4.0
04fdea0c111866e6cf812f1570d6b5bd,SP,10,10,1055.00,206.95,105.5,2,10,1,0.1,3.2
40db9e9aa57f7bb151bcda6b0f9bdbb7,PE,12,12,23168.00,655.99,1930.6666666666667,9,12,1,0.08333333333333333,2.3636363636363638
1dfe5347016252a7884b694d4f10f5c4,SP,21,27,1693.50,436.23,62.72222222222222,15,21,5,0.23809523809523808,3.4
79ee721b6f766066a80264402548d359,SP,2,2,538.00,30.36,269.0,1,2,0,0.0,1.0
7957cac1a02f45d0a4a7e45626382ec2,PR,1,1,343.00,21.64,343.0,1,1,0,0.0,4.0
a61cc04793308395a840807104365121,SP,1,1,14.63,23.74,14.63,1,1,0,0.0,5.0
d7485b33791774c36108f8c69602d48d,PR,10,10,399.82,219.32,39.982,8,10,1,0.1,3.7
44717f64ec2a457979cf83c429077666,RS,2,3,107.00,63.91,35.666666666666664,2,2,0,0.0,5.0
d6b664fa0667064c6d76394e7848d790,SP,6,6,6080.00,324.34,1013.3333333333334,2,6,1,0.16666666666666666,4.833333333333333
2d42ebcda99fd55f6f4bc2f1ca035d50,GO,10,11,921.50,282.47,83.77272727272727,3,10,0,0.0,4.3
9c3c24eca51c52b91c1de727d2a2ae06,RS,6,6,307.50,113.66,51.25,3,6,0,0.0,4.5
5ee7fd217d08dfe5d3e2f51f96a12c9a,SP,9,9,1165.50,269.68,129.5,8,9,2,0.2222222222222222,3.4444444444444446
f266295f49a28eee21f413e0cbb0521d,PR,2,2,149.80,28.14,74.9,2,2,0,0.0,4.5
f593898ec748b7a8cb81fc04edafd98a,SP,20,23,2813.04,728.08,122.30608695652174,8,20,3,0.15,3.7
c32fc744b9160ac853450488e3cfea93,SP,3,3,185.70,37.82,61.9,3,3,0,0.0,2.3333333333333335
167fd940acebc789debd6eb418c46e38,SP,5,5,1077.58,100.90,215.516,3,5,1,0.2,3.0
961dff0a659b4561334372337dd897d9,RJ,4,4,9946.00,136.56,2486.5,3,4,2,0.5,3.75
74636e24f01da9268b0ed88dacd8513e,SP,4,4,776.00,272.61,194.0,2,4,1,0.25,4.0
3bfba5a77604f6dfae7e6dd7aaf65821,PR,4,4,2095.50,122.69,523.875,4,4,0,0.0,5.0
b0398568231ba5e6734af1881671a317,ES,4,4,656.77,113.35,164.1925,3,4,0,0.0,4.0
94ca168e8bcb407ab85c5da308863027,SP,5,5,224.30,87.36,44.86,4,5,0,0.0,5.0
8132b9bd16876e1b0f8808d43825dd48,SC,2,3,727.90,41.04,242.63333333333333,2,2,0,0.0,3.0
7b98de631987e26dd6d803490c43a13c,PR,8,8,634.20,144.43,79.275,5,8,0,0.0,4.625
07017df32dc5f2f1d2801e579548d620,PB,8,9,946.49,181.75,105.16555555555556,3,8,0,0.0,4.0
07e8e8fc5222bb358e6f259da3197074,SP,2,2,51.80,23.06,25.9,2,2,0,0.0,4.0
c990d6cf976a5718aaedc539f383ab88,SP,10,11,200.90,141.09,18.263636363636362,5,10,3,0.3,3.3
c747d5b92c7648417faea95d36d763e8,CE,1,1,139.00,85.75,139.0,1,1,0,0.0,5.0
cf1313c6e2c01c2f4b014f97db4bcd2b,RJ,5,5,315.70,81.30,63.14,3,5,1,0.2,5.0
9dd59e43f0c9f0553244e8f9c2fb247e,PR,10,10,356.30,151.82,35.63,8,10,1,0.1,4.8
4e85b538b0dad58852641540686d0e14,SP,4,4,361.98,74.36,90.495,4,4,2,0.5,3.75
d594982fd877af63ace38ea1fca27c76,SP,7,7,217.04,92.66,31.005714285714287,2,7,0,0.0,4.428571428571429
3f9be91358837bff69df67edfa3e42e8,PR,7,7,569.70,132.36,81.38571428571429,4,7,0,0.0,4.428571428571429
53b0300ca793f9834cd69c0678d35ee8,SP,5,10,1662.15,137.31,166.215,5,5,0,0.0,5.0
bbf9ad41dca6603e614efcdad7aab8c4,CE,14,14,7846.00,776.26,560.4285714285714,4,14,0,0.0,4.5
2e7ea2aafec5835e781b21d6d1faf1f1,SP,7,7,528.40,118.22,75.48571428571428,4,7,1,0.14285714285714285,4.5
d2572f31e9023e9850ef986a636ff9bf,MG,1,1,279.00,26.69,279.0,1,1,0,0.0,5.0
8e34331b7eedd03be4e5d965c1956225,SP,5,5,145.00,65.44,29.0,5,5,1,0.2,4.8
49f8d2ea7b718d0ce587d34207caf2b4,SP,1,1,149.90,15.36,149.9,1,1,0,0.0,5.0
89dda63a3c907c468ec88c310ed91213,SP,2,2,734.99,42.14,367.495,2,2,0,0.0,3.0
4cf490a58259286ada5ba8525ba9e84a,SP,8,8,1254.20,155.19,156.775,6,8,0,0.0,3.125
13dd308f81fea30cc670c656b2b46cc3,SP,3,3,117.70,33.44,39.233333333333334,2,3,1,0.3333333333333333,5.0
0af2ab31141893d26aca5a404a537dab,SP,1,1,59.00,15.51,59.0,1,1,0,0.0,5.0
1b1ae47a313a825a7ccceb8e2e30fa9d,PR,11,11,2243.90,246.50,203.9909090909091,6,11,0,0.0,3.9
4049512728d969bec69f84088b012416,MG,7,9,389.84,160.43,43.315555555555555,7,7,0,0.0,5.0
edb58a1390adf273840030a3d6253829,SP,1,1,39.90,18.38,39.9,1,1,0,0.0,5.0
ea846a0e7ad98a741783e886d89dfa44,SP,2,3,137.00,55.26,45.666666666666664,2,2,0,0.0,5.0
3a79f35a2344ede41af21267f61d5ec6,SP,1,1,186.00,31.71,186.0,1,1,0,0.0,1.0
666658b8da8370f30e1f89893b1de5e6,SP,1,2,298.00,23.34,149.0,1,1,0,0.0,5.0
0f519b0d2e5eb2227c93dd25038bfc01,SP,1,1,79.90,23.00,79.9,1,1,0,0.0,5.0
830379336fad8c6f3b15a4a3ddb5c66e,SP,2,4,268.00,170.38,67.0,2,2,0,0.0,4.5
05a48cc8859962767935ab9087417fbb,SP,1,1,42.90,16.49,42.9,1,1,0,0.0,5.0
73da1880b39c71de2b262bc7720c1494,SP,2,2,398.00,46.99,199.0,1,2,0,0.0,5.0
f7c31656c19db6275a8acadca289f426,SP,1,1,61.56,16.19,61.56,1,1,0,0.0,3.0
e9729944ba65dc3ce425e0c5a22ae7b2,RJ,4,4,916.70,61.73,229.175,3,4,1,0.25,3.75
c0aff2da32c17759d30b22fb0af6649d,SC,4,5,188.80,83.53,37.76,3,4,0,0.0,3.75
d9cb0052a666de5308b32f32ad5f1b1c,SP,3,3,231.90,38.59,77.3,3,3,0,0.0,3.6666666666666665
fb8904a8ea99f8831b64ce27db2c1765,SP,2,2,278.00,24.36,139.0,2,2,1,0.5,4.5
b416191c9813d821a295cfabafff4161,SP,2,2,117.80,32.34,58.9,1,2,0,0.0,2.5
1fbe10c70e30765ed1de86d9f7e98409,SP,2,6,98.75,59.36,16.458333333333332,2,2,0,0.0,2.5
8c351ed7c326c62123318f4f3246e906,SP,2,2,114.90,35.76,57.45,1,2,0,0.0,5.0
271b8923c6a549e02d3c9fd1f8c0422b,SP,1,1,105.19,13.40,105.19,1,1,1,1.0,4.0
5aaa890629f83706d8d9bfecd8377c1c,RJ,1,1,48.90,17.92,48.9,1,1,0,0.0,1.0
9a208dee8f95cfdf00760c4d627828ec,RJ,1,1,269.90,26.09,269.9,1,1,0,0.0,1.0
fb503a924a0b9db19d83dd0ac6dbef8c,RS,1,1,13.90,17.92,13.9,1,1,0,0.0,5.0
bf0045791395e66460eb04749c68672a,SP,2,2,119.80,35.45,59.9,1,2,0,0.0,4.0
c12d7463a579237ffb9248bd7cff378b,SP,1,1,25.90,8.72,25.9,1,1,0,0.0,4.0
50c361bcf670d16f6df4d52de3dff924,SP,1,1,35.00,16.60,35.0,1,1,0,0.0,1.0
0bb27263628258b8111a0262769fa9db,SP,1,1,22.20,10.96,22.2,1,1,0,0.0,5.0
cb162c8eef257253782d245c08d9097c,SP,1,1,34.99,14.13,34.99,1,1,0,0.0,5.0
52f6f9f13ba19504c02781132a049e75,PR,1,1,199.00,23.13,199.0,1,1,0,0.0,2.0
17998cf586426bf0f2c3726cb0a4b211,MG,2,2,69.80,45.72,34.9,2,2,0,0.0,4.0
a56a8043ebf66e42119618fb8cf232c6,SC,1,1,83.00,23.73,83.0,1,1,0,0.0,5.0
3da38366e7bd9baf6369071f782ecdf0,CE,1,1,59.47,26.96,59.47,1,1,1,1.0,1.0
4b90495391ac0bd181a80a459df1e718,RS,1,1,248.00,18.11,248.0,1,1,0,0.0,4.0
1f2eebc0e970fd3c463e4f5d9652687a,SP,1,1,44.99,8.48,44.99,1,1,1,1.0,5.0
6d04126aba80df143fd038e711b8fd96,RJ,1,1,89.99,18.87,89.99,1,1,1,1.0,1.0
eb9cd5b35d95206585e2185318cb5c61,SP,2,3,550.00,61.55,183.33333333333334,1,2,1,0.5,3.0
4a5b36211b1f51bf7eaa5c10a57fa483,RJ,1,1,139.19,16.07,139.19,1,1,0,0.0,5.0
c9d2ba8dde44a275ae06475ed1d2fafc,MG,1,1,28.79,14.52,28.79,1,1,0,0.0,5.0
6bcb2352a2a0c38b845f598298ab9d26,PR,2,2,31.80,27.58,15.9,1,2,0,0.0,3.0
1fa2d3def6adfa70e58c276bb64fe5bb,SP,1,1,6.90,9.00,6.9,1,1,0,0.0,1.0
164a5a8794e6d42e14f55e447b12a3bc,PR,1,1,73.99,62.77,73.99,1,1,0,0.0,5.0
377bc18334c78dd2f1535ef22a3ad225,PR,1,1,135.98,88.46,135.98,1,1,0,0.0,5.0
f0563bacf40c311f1c4d3d6b67b8a7a7,SC,1,1,1199.00,28.78,1199.0,1,1,0,0.0,1.0
00ab3eff1b5192e5f1a63bcecfee11c8,SP,1,1,98.00,12.08,98.0,1,1,0,0.0,5.0
4cc43a222a0f94910728b62b97a8c5f8,SP,1,1,108.50,12.26,108.5,1,1,0,0.0,3.0
889009a0ed0bb52c87819941192931b8,SP,1,1,89.90,33.08,89.9,1,1,0,0.0,4.0
04ee0ec01589969663ba5967c0e0bdc0,RS,1,1,289.49,24.83,289.49,1,1,0,0.0,5.0
fd435faa3c0422b60440ea3480d0e77c,PB,1,1,749.00,133.87,749.0,1,1,0,0.0,5.0
ee27a8f15b1dded4d213a468ba4eb391,GO,1,1,6499.00,227.66,6499.0,1,1,0,0.0,5.0
3ea08c48e851106d2f584349daba335f,MG,1,1,170.00,22.94,170.0,1,1,0,0.0,4.0
f09e26011d833ddab11593c1a097a92a,SP,1,1,79.90,22.19,79.9,1,1,0,0.0,1.0
da4d149c0ddbac90557103ac0a0ec356,SP,1,1,730.00,45.98,730.0,1,1,0,0.0,3.0
d1aa1ec0839dcab73a6161130eb1f94a,PR,1,1,119.90,16.14,119.9,1,1,1,1.0,4.0
7c67e1448b00f6e969d365cea6b010ab,SP,982,1364,187923.89,51612.55,137.7741129032258,198,982,98,0.09979633401221996,3.488798370672098
92eb0f42c21942b6552362b9b114707d,SP,341,365,6548.63,4944.04,17.94145205479452,52,341,27,0.07917888563049853,3.9911242603550297
8b321bb669392f5163d04c59e235e066,SP,943,1018,17535.69,14156.36,17.225628683693518,104,943,97,0.10286320254506894,4.07454739084132
2a84855fd20af891be03bc5924d2b453,MG,164,168,15819.10,3451.51,94.16130952380952,55,164,5,0.03048780487804878,4.245398773006135
b410bdd36d5db7a65dcd42b7ead933b8,GO,44,44,7726.90,1006.71,175.61136363636365,2,44,1,0.022727272727272728,4.659090909090909
86ccac0b835037332a596a33b6949ee1,SC,180,210,16619.93,3968.67,79.14252380952381,72,180,6,0.03333333333333333,4.193370165745856
f8db351d8c4c4c22c6835c19a46f01b0,SP,667,724,50525.60,12554.20,69.78674033149171,146,667,34,0.050974512743628186,4.237593984962406
ef0ace09169ac090589d85746e3e036f,RJ,129,140,16223.30,2315.65,115.88071428571429,22,129,11,0.08527131782945736,4.369230769230769
b33e7c55446eabf8fe1a42d037ac7d6d,SP,152,155,44985.17,2725.07,290.22690322580644,34,152,19,0.125,4.1644736842105265
edf96ef93ed595084bbcbd9224bd2894,SP,25,28,3757.00,608.78,134.17857142857142,8,25,3,0.12,3.88
0adac9fbd9a2b63cccaac4f8756c1ca8,SP,110,142,15960.95,2499.27,112.40105633802817,66,110,7,0.06363636363636363,4.045454545454546
b76dba6c951ab00dc4edf0a1aa88037e,SP,159,169,2574.78,2307.10,15.235384615384616,37,159,5,0.031446540880503145,4.178343949044586
72c5da29406b4234927b81855e7b64f6,SP,31,31,11798.69,853.78,380.6029032258065,6,31,1,0.03225806451612903,4.129032258064516
4bf2f4ee540798a61f9636d12cd9cc80,SP,29,30,4995.56,505.45,166.51866666666666,18,29,1,0.034482758620689655,4.137931034482759
5a8e7d5003a1f221f9e1d6e411de7c23,SP,139,181,11171.90,2694.29,61.723204419889505,69,139,8,0.05755395683453238,4.144927536231884
4830e40640734fc1c52cd21127c341d4,SP,210,219,9843.47,3126.55,44.94735159817352,54,210,14,0.06666666666666667,4.156398104265403
9c7fd21e0aa159b20da593371f08ff7c,SP,7,8,798.30,123.50,99.7875,5,7,1,0.14285714285714285,3.2857142857142856
80e6699fe29150b372a0c8a1ebf7dcc8,PR,98,100,11441.56,2713.34,114.4156,32,98,4,0.04081632653061224,4.278350515463917
5bc55dbe2f12b6af6d83ed46023e0dc8,MG,17,21,2992.10,417.28,142.48095238095237,9,17,4,0.23529411764705882,2.411764705882353
bacb1f0ed56ad24198f5810d2b3fe9a5,SP,42,42,6940.45,892.94,165.2488095238095,22,42,1,0.023809523809523808,4.075
cd68562d3f44870c08922d380acae552,SP,125,132,18569.70,2207.49,140.67954545454546,58,125,22,0.176,3.943548387096774
dee656f0f566ed1aa85bd137c943f08f,SP,93,95,6271.98,1696.69,66.02084210526316,32,93,5,0.053763440860215055,4.369565217391305
fc906263ca5083d09dce42fe02247800,MG,114,119,4497.70,1885.58,37.79579831932773,17,114,0,0.0,4.356521739130435
2059c39f76271d4ca3f15b5ffaccc8b8,PR,12,12,604.90,186.39,50.40833333333333,2,12,0,0.0,4.5
503c1de08ae81a2d86f17951b204db55,SP,22,22,4906.99,414.91,223.045,2,22,2,0.09090909090909091,4.409090909090909
4992e76a42cb3aad7a7047e0d3d7e729,SP,57,74,2211.10,1007.47,29.87972972972973,23,57,4,0.07017543859649122,3.912280701754386
fde0cc9ea29c8ccfc0a2c22256a58c71,PR,35,35,3922.00,999.27,112.05714285714286,9,35,1,0.02857142857142857,4.485714285714286
d566c37fa119d5e66c4e9052e83ee4ea,SP,65,73,5145.70,979.22,70.48904109589041,25,65,2,0.03076923076923077,4.6875
14d7985702e72162bbf13b6beb74ab2b,SP,37,38,3887.00,554.00,102.28947368421052,26,37,5,0.13513513513513514,4.324324324324325
79ed755314cfe6df0daef2c6cd3022cd,SP,23,25,3907.50,459.16,156.3,12,23,0,0.0,4.7272727272727275
701938c450705b8ae65fc923b70f35c7,SP,75,112,11983.28,3808.84,106.99357142857143,9,75,5,0.06666666666666667,4.013513513513513
5160d23075764e18e07c1f4a87fad743,SP,34,39,2429.00,486.42,62.282051282051285,29,34,1,0.029411764705882353,4.382352941176471
cbf09e831b0c11f6f23ffb51004db972,SP,10,10,1535.20,280.20,153.52,4,10,0,0.0,4.4
2c9e548be18521d1c43cde1c582c6de8,SP,126,174,6109.44,2493.61,35.111724137931034,15,126,20,0.15873015873015872,4.112903225806452
42bde9fef835393bb8a8849cb6b7f245,DF,35,40,7703.00,784.84,192.575,15,35,1,0.02857142857142857,4.257142857142857
4b5f66b7adcf57f1ecc0d3c07dd6b177,PR,23,38,6381.78,734.18,167.9415789473684,10,23,1,0.043478260869565216,4.090909090909091
272f092de69afedd4d2969440b37f18f,SP,26,40,1935.33,536.01,48.38325,25,26,0,0.0,3.730769230769231
5c853bb56f70f4d14218944bae111d7a,SP,23,24,263.13,251.06,10.96375,12,23,0,0.0,4.0
13d058e4eeac2ce8217660b2f8a05812,SP,23,23,3829.77,926.11,166.5117391304348,3,23,3,0.13043478260869565,4.217391304347826
f0837c8d71434931d9e38e7b79234797,RS,22,23,3446.90,602.46,149.86521739130436,8,22,1,0.045454545454545456,4.608695652173913
0176f73cc1195f367f7b32db1e5b3aa8,SP,38,39,4733.10,1287.01,121.36153846153846,18,38,4,0.10526315789473684,4.078947368421052
dd55f1bb788714a40e7954c3be6df745,SP,35,37,7041.76,659.42,190.31783783783783,10,35,6,0.17142857142857143,3.742857142857143
95f83f51203c626648c875dd41874c7f,MG,52,67,3217.46,1609.05,48.02179104477612,11,52,3,0.057692307692307696,3.6226415094339623
ad97a199236354e53fcd91a5a913e9a2,SC,17,18,13205.90,868.80,733.6611111111112,8,17,2,0.11764705882352941,4.529411764705882
741f8c587cb4248ebc5b779a0e8e0e51,SP,5,5,89.95,67.69,17.99,5,5,1,0.2,4.0
17adeba047385fb0c67d8e90b4296d21,SP,1,3,809.70,287.61,269.9,1,1,0,0.0,1.0
5275ca25d0358ca73864e0ae41be1320,SP,4,4,409.60,69.22,102.4,3,4,2,0.5,4.75
4559697a8f7e637227c2eeaed843baff,SP,42,42,3696.00,778.27,88.0,3,42,3,0.07142857142857142,4.068181818181818
63a79f5a7eb5cb48a7e5787b141c7993,MG,11,11,815.10,200.83,74.1,6,11,0,0.0,4.545454545454546
6c6e3d67f969468f3bfd33f827a31222,PR,5,6,224.00,92.41,37.333333333333336,4,5,0,0.0,4.8
d6ab728cf30867cf3f1a2e216ae2f9b7,SP,12,14,2002.00,231.82,143.0,13,12,0,0.0,4.416666666666667
71592660bbcb6a4664e97b6f8b68babc,SP,6,7,2027.18,173.37,289.59714285714284,6,6,0,0.0,4.333333333333333
d6b1ce66b035a475f00c017792ff9769,SP,92,108,12277.40,2038.48,113.67962962962963,18,92,6,0.06521739130434782,4.277777777777778
d598f929fc44e1e38678e7f47250ec04,GO,1,1,69.90,37.40,69.9,1,1,0,0.0,5.0
37ceb404da208418c9032f0674e57804,SP,1,3,204.93,69.18,68.31,1,1,0,0.0,1.0
cc63f0dd2acba93ffed4fe9f8e0321fa,SP,55,63,7096.71,1399.97,112.64619047619047,17,55,0,0.0,4.090909090909091
2e1a7d075abe038c1b2743005fe42ff1,SP,19,23,1396.70,353.85,60.72608695652174,13,19,3,0.15789473684210525,4.052631578947368
d673a59aac7a70d8b01e6902bf090a11,SP,79,84,3908.94,1590.62,46.535,16,79,8,0.10126582278481013,3.925
a00824eb9093d40e589b940ec45c4eb0,SP,3,3,9399.97,379.49,3133.3233333333333,1,3,0,0.0,4.666666666666667
2ea0861cc19e94cad86438c984c52da4,SP,6,6,165.60,62.45,27.6,5,6,0,0.0,3.3333333333333335
062c325cd6a2b87845fab56b4ec2eeae,SP,2,2,133.22,23.86,66.61,2,2,0,0.0,5.0
b0b346d3a89f5eb4c2968af3f083cd43,SP,11,12,614.00,212.60,51.166666666666664,6,11,4,0.36363636363636365,3.272727272727273
f08c008c8a8d31417763738a1788a2a8,PR,22,23,1291.72,422.97,56.16173913043478,3,22,3,0.13636363636363635,3.1904761904761907
39d61be7a92eb77b7da367bd4845bc0e,SP,7,14,700.59,209.03,50.042142857142856,6,7,0,0.0,4.0
b566ab0ef88016e00422755e305103c6,MG,5,5,1208.00,220.22,241.6,4,5,1,0.2,3.2
334cab711dee080b079fa5779b584783,SP,11,26,1069.70,351.67,41.14230769230769,10,11,0,0.0,4.909090909090909
b1fecf4da1fa2689bccffa0121953643,MS,19,20,3669.64,397.08,183.482,8,19,0,0.0,4.947368421052632
fc38b5dceee1a730fad8853453437fbd,SP,5,5,119.20,58.81,23.84,5,5,0,0.0,4.6
6ba4733aa33f6386e9fb0c0fd3993b38,RS,3,3,149.79,60.09,49.93,3,3,0,0.0,4.666666666666667
d4910f1cdcfdabd48d6b316e395d4a23,SP,11,12,1146.88,215.04,95.57333333333334,2,11,1,0.09090909090909091,4.909090909090909
6e0908ef4d4efadbc3cc2b74ea477cb0,RJ,8,11,589.45,160.83,53.586363636363636,5,8,1,0.125,3.75
085f6f7e049c996695fb2074fe38d45e,SP,6,8,305.40,130.56,38.175,6,6,0,0.0,4.0
575df70bde3f9f2b30bf8d2e9910d725,SP,27,34,5410.05,753.37,159.11911764705883,17,27,2,0.07407407407407407,4.074074074074074
2bf6a2c1e71bbd29a4ad64e6d3c3629f,RJ,30,31,50628.90,1000.59,1633.1903225806452,28,30,3,0.1,4.166666666666667
dc8798cbf453b7e0f98745e396cc5616,SP,41,51,2056.30,624.40,40.319607843137256,37,41,2,0.04878048780487805,3.0714285714285716
2f4b0d3b9634b647d4edee577d7ebb7e,SP,10,11,337.90,84.41,30.71818181818182,3,10,0,0.0,4.9
3289d8c3eef4873f91ce0b1343c0dd58,SP,1,1,199.99,19.28,199.99,1,1,0,0.0,5.0
87d3c3aeb3ead335511b3ce315eb341e,SP,15,15,749.35,213.71,49.95666666666666,11,15,1,0.06666666666666667,3.5
55a5b51f93f2b70ea513f5a047b0262a,MG,39,41,4002.30,847.08,97.6170731707317,5,39,3,0.07692307692307693,4.461538461538462
6219ba2359cfb97f2e38fd4c321eb309,SP,6,6,487.50,103.05,81.25,4,6,3,0.5,3.4
de9727ca376d1be6ec121b110aa7954c,PR,10,12,1058.70,211.39,88.225,4,10,1,0.1,3.8
08d0949a9a17c027262db1f3c450c26c,PR,12,12,324.80,233.04,27.066666666666666,9,12,0,0.0,3.5384615384615383
8a8835a43bda99fd37310ad76c457510,SP,2,3,224.34,34.20,74.78,2,2,0,0.0,4.5
2d518637f53161b973e01f56ea4bb88e,SP,13,13,1219.89,319.81,93.83769230769231,2,13,0,0.0,4.923076923076923
8476243f92442881ddd5b578975cf115,RS,12,12,7838.00,275.03,653.1666666666666,4,12,1,0.08333333333333333,4.083333333333333
973f21788dfab357250f69a8dcb7ddee,MG,10,21,909.00,536.65,43.285714285714285,10,10,5,0.5,2.0
3c3017960b2dbd72711a61f0400aab8f,SC,10,10,968.80,254.09,96.88,4,10,0,0.0,4.0
e3d3b3efac954a60d61be70b7e05b49b,SP,3,3,1282.05,123.78,427.35,3,3,0,0.0,4.333333333333333
df47da4ae86fa4db890d05aaf24e21d8,SP,5,5,310.50,77.18,62.1,2,5,0,0.0,4.2
41b86b552e54e3a7009596125aa8b167,SP,10,11,1595.30,234.61,145.02727272727273,11,10,0,0.0,4.3
d2e753bb80b7d4faa77483ed00edc8ca,BA,14,15,1320.70,454.24,88.04666666666667,9,14,1,0.07142857142857142,3.6
117cfc326c6d50da67ca858ff5c0c852,RJ,5,5,454.60,81.48,90.92,2,5,0,0.0,4.6
b5f0712d22a873b6797ab6cc65c3fcba,SP,1,1,12.99,8.29,12.99,1,1,0,0.0,4.0
fa3a0b5aabb344b9a92e3524b0202123,SP,7,7,1789.00,164.41,255.57142857142858,3,7,1,0.14285714285714285,4.142857142857143
353e21e8bf8de2722b4fae1636664b76,RS,4,4,208.00,91.89,52.0,2,4,0,0.0,2.5
4342d4b2ba6b161468c63a7e7cfce593,RJ,20,20,2867.10,296.21,143.355,3,20,1,0.05,1.263157894736842
941554c5757b73ba0e50aa7732310afc,SP,3,4,107.69,58.66,26.9225,2,3,0,0.0,4.666666666666667
112453736dbe3889cfb74e1aaa0ba0c1,SP,7,14,1890.00,264.77,135.0,2,7,0,0.0,4.142857142857143
d73cbd89533ce8b041a9190241453ac8,MG,4,4,368.60,65.02,92.15,4,4,0,0.0,3.5
09883d9ab71c8fe8a9bfc7fc3075b07e,SP,5,5,329.50,76.67,65.9,5,5,1,0.2,3.4
626ab1cd96932367f0eeec2e47046c12,SP,3,3,1310.00,80.47,436.6666666666667,3,3,0,0.0,4.666666666666667
7f5e4d5efad7e44b91115dd1decb65f3,SP,3,9,179.90,77.42,19.988888888888887,2,3,0,0.0,5.0
6861de0f40cacb0602e473c51639f980,PR,5,8,674.00,275.73,84.25,2,5,1,0.2,3.6
a1bea7061f61f6fdd9a85a6325ba1033,SP,9,9,810.95,99.93,90.10555555555555,8,9,1,0.1111111111111111,4.444444444444445
23ff42c4bf1f8f16cddb19d8b972974a,MG,2,3,174.70,52.97,58.233333333333334,2,2,0,0.0,4.0
6b15924333bd1a741595fe981ea04822,SP,21,21,614.32,240.14,29.253333333333334,5,21,2,0.09523809523809523,4.666666666666667
5d76d80a2f5f39c891b996a1bf4c9853,SP,6,6,1238.50,171.25,206.41666666666666,5,6,0,0.0,4.833333333333333
0761743cbffb25d7148189e9f1a5f03a,SP,3,7,241.20,86.20,34.457142857142856,3,3,0,0.0,4.666666666666667
bd4431c1a8dfa744b59e1e2a8bc99b9e,RJ,7,7,809.50,204.09,115.64285714285714,5,7,0,0.0,4.571428571428571
41b14765bd56c8ad10971074380f9c0c,SP,8,10,395.50,119.13,39.55,2,8,0,0.0,4.625
74871d19219c7d518d0090283e03c137,SP,6,7,550.04,87.87,78.57714285714286,6,6,0,0.0,5.0
33d677f27a69b84051204ee4ae76eaca,SC,9,10,165.00,173.49,16.5,5,9,0,0.0,4.555555555555555
52092ddbd3a58c450a4459bf051b2287,SP,6,6,351.70,75.35,58.61666666666667,4,6,0,0.0,4.333333333333333
7c462184585ae80bd6e5774c62ce50f2,SP,1,2,60.00,17.64,30.0,1,1,1,1.0,3.0
bc8c8d665ec4664d286be0d521722b19,SP,1,1,22.50,8.32,22.5,1,1,1,1.0,2.0
89de2d6f23e9746ff309705b23581faa,PR,8,8,340.00,160.08,42.5,4,8,0,0.0,2.7142857142857144
191d55f7edb8524d525ed01b20fe32e8,DF,3,3,747.00,65.80,249.0,3,3,1,0.3333333333333333,2.3333333333333335
2063dd1b9f568df1c16741ea7d3e6adb,PR,3,3,763.10,57.17,254.36666666666667,3,3,0,0.0,5.0
1703bc09972dab9782e7a9194943b69f,MG,1,1,249.90,106.21,249.9,1,1,0,0.0,5.0
a254c682cc01e119f83530446f1df9a9,SP,6,7,569.40,240.02,81.34285714285714,3,6,1,0.16666666666666666,4.0
58c851d1a3c7cd3da329eb59453fed44,SP,2,2,268.99,24.27,134.495,1,2,0,0.0,5.0
11938fcc75f6902fea1d0a6f72b54a57,SC,2,2,594.98,142.16,297.49,2,2,0,0.0,3.0
850857dfac77488c307e2b1cbd84ab5a,PR,1,1,1599.00,39.72,1599.0,1,1,0,0.0,5.0
52ac6f920b7280e4c6d30dd94de6259b,PR,6,7,5657.30,726.59,808.1857142857143,5,6,0,0.0,3.6666666666666665
92c8bc6e8f925792247656fed09aad65,SP,3,3,259.70,39.87,86.56666666666666,3,3,1,0.3333333333333333,2.3333333333333335
128f9bfbe4c7d5185033914b1de3d39a,SP,14,16,1277.29,373.20,79.830625,9,14,1,0.07142857142857142,4.714285714285714
7238f877570096ae403c51898fa64566,SP,3,3,1200.00,49.52,400.0,1,3,0,0.0,5.0
e8dba4d70f7f2b20e775d09cae01142d,SP,9,9,855.91,176.48,95.10111111111111,6,9,1,0.1111111111111111,4.333333333333333
e4f121bf6ef8b9a1d4d3e65dd0473fab,SP,2,2,70.00,36.46,35.0,2,2,1,0.5,3.0
33fd411ed63a7c2f9005e3f065d9f85d,RS,1,1,24.90,18.23,24.9,1,1,0,0.0,4.0
02a2272692e13558373c66db98f05e2e,RJ,2,2,54.98,38.87,27.49,2,2,0,0.0,3.0
038b75b729c8a9a04b0d07cba7eabe86,SP,2,2,467.00,90.85,233.5,1,2,1,0.5,3.5
3dfd3dc96f7f8598eca74e9ac8a2fa31,SP,6,6,183.00,75.70,30.5,6,6,1,0.16666666666666666,4.0
48bad451945f5227341793478d6353ea,SP,3,3,307.00,77.49,102.33333333333333,2,3,1,0.3333333333333333,4.0
3ea00e1dea2b0659dbaf654735929220,PR,7,7,505.00,144.97,72.14285714285714,2,7,0,0.0,4.857142857142857
57d2ba47f7a3209aa347532ae75c1165,SC,2,2,318.00,140.24,159.0,2,2,0,0.0,4.0
fc5a0d7a310a7a41abf86a458585ff2b,SP,2,2,162.80,27.36,81.4,2,2,0,0.0,2.5
7d7d2b7a51328016102d4528c411d630,SP,7,7,918.80,180.05,131.25714285714287,5,7,1,0.14285714285714285,4.142857142857143
9535a841eecebed61a9fb1ac1cbb5597,SP,2,2,784.90,33.43,392.45,2,2,0,0.0,3.0
ea4e9ce63a2134743b4a92777437fcdd,SC,3,4,316.60,65.70,79.15,3,3,0,0.0,4.666666666666667
327b89b872c14d1c0be7235ef4871685,AM,3,3,1177.00,81.80,392.3333333333333,3,3,2,0.6666666666666666,2.3333333333333335
0a198e95d32b1be2da9424c962a6ebfa,MG,1,1,69.99,16.68,69.99,1,1,0,0.0,5.0
67e43d802fde8cfd3f9580124f8167d1,SP,2,3,36.00,42.36,12.0,1,2,0,0.0,1.0
9591fc341b1bfb7ef561e2968ec6e011,SP,1,1,79.90,14.31,79.9,1,1,0,0.0,1.0
bb5d956dece964a06c12bceb66b923ae,RJ,2,2,1278.36,50.14,639.18,2,2,0,0.0,5.0
003554e2dce176b5555353e4f3555ac8,GO,1,1,120.00,19.38,120.0,1,1,0,0.0,5.0
a09a13f18ed27932d08438aa6f12756e,RS,1,1,29.90,16.11,29.9,1,1,0,0.0,3.0
dbec9a0a7efeff029d4d9dce7dc4cc95,MG,3,3,1170.00,118.59,390.0,2,3,0,0.0,4.0
e88f7a2995ba184710d339c5c4bf2e30,SP,2,2,251.60,35.91,125.8,1,2,0,0.0,5.0
7178e1eaa97257d8b6d4b80efd77a025,SP,1,1,167.90,16.81,167.9,1,1,0,0.0,5.0
bc30de0d71bd6260b936a026b5cf7200,SP,3,3,392.37,90.48,130.79,2,3,0,0.0,4.666666666666667
c88f62b4c386a59281014d677864d016,PR,1,1,1099.00,251.50,1099.0,1,1,0,0.0,1.0
8c91bfea4263b8fba54081460693e2a1,RS,2,2,739.00,46.75,369.5,2,2,0,0.0,5.0
0b36063d5818f81ccb94b54adfaebbf5,SC,1,15,765.00,18.00,51.0,1,1,0,0.0,5.0
2a167ca73899c85001a837d8fb4962f6,SP,2,3,4097.00,100.62,1365.6666666666667,2,2,0,0.0,4.5
2c9005d8043aff18b8557ffb7b13cda4,ES,1,1,109.90,19.74,109.9,1,1,0,0.0,5.0
d7d517afce974cd491b8d52bb5b5b1fc,SP,1,1,89.99,18.73,89.99,1,1,0,0.0,4.0
6dd7dce75cd55c1ce255dc38d9f0cd46,SC,1,1,75.00,21.33,75.0,1,1,0,0.0,4.0
ffcfefa19b08742c5d315f2791395ee5,PR,1,1,69.90,9.62,69.9,1,1,0,0.0,1.0
4dc2e811a1760953cb7c6a590b498943,SP,1,1,175.00,24.84,175.0,1,1,0,0.0,5.0
1d139e3a3b14025640d8df1b230aace0,SP,2,2,36.49,34.69,18.245,2,2,0,0.0,3.5
4be2e7f96b4fd749d52dff41f80e39dd,AC,1,1,267.00,32.84,267.0,1,1,0,0.0,1.0
08d1c9478fb0d7d7fcac9c0da4e82fc7,MG,1,1,538.00,67.57,538.0,1,1,0,0.0,5.0
bab0a8cd684e41ba6e2637dca0979d3b,RJ,1,1,269.90,19.14,269.9,1,1,0,0.0,5.0
6025c79c035c3d772133b8b8238463b2,PR,2,4,989.74,108.59,247.435,3,2,0,0.0,5.0
fa18c782a4866d313cadab567097f8f1,MG,1,1,58.99,19.65,58.99,1,1,0,0.0,1.0
ccbd753e6863fe7314dc6c0ca5a074e7,SC,1,1,495.00,101.56,495.0,1,1,0,0.0,4.0
4f40d2ed38d1cc945364a7cd202a82c7,SP,1,1,319.90,16.99,319.9,1,1,0,0.0,1.0
218d46b86c1881d022bce9c68a7d4b15,SP,388,427,55093.28,7644.26,129.024074941452,143,388,36,0.09278350515463918,4.149484536082475
a17f621c590ea0fab3d5d883e1630ec6,SP,65,80,2778.58,1122.96,34.73225,34,65,5,0.07692307692307693,4.063492063492063
537eb890efff034a88679788b647c564,RJ,160,173,4679.70,2499.20,27.05028901734104,46,160,9,0.05625,4.22360248447205
822bad9bc42b51213ba522fe87b7ab5d,SC,18,18,5160.00,527.34,286.6666666666667,7,18,5,0.2777777777777778,4.111111111111111
88460e8ebdecbfecb5f9601833981930,PR,248,302,31546.55,4996.55,104.45877483443708,12,248,48,0.1935483870967742,3.430830039525692
1da3aeb70d7989d1e6d9b0e887f97c23,SP,265,328,8823.52,4231.84,26.9009756097561,155,265,15,0.05660377358490566,4.154716981132076
8581055ce74af1daba164fdbd55a40de,SP,387,435,64925.30,9659.00,149.2535632183908,32,387,38,0.09819121447028424,4.262755102040816
582d4f8675b945722eda7c0cb61ba4c7,SP,59,71,4702.96,980.97,66.23887323943661,25,59,1,0.01694915254237288,4.1525423728813555
ceaec5548eefc6e23e6607c5435102e7,SP,203,211,52917.18,6331.84,250.7923222748815,33,203,12,0.059113300492610835,4.1457286432160805
20d83f3ef0e6925fd74bfd59170babf7,SP,40,54,2903.60,653.61,53.77037037037037,48,40,2,0.05,4.4
ef30892870c278497523264be1be2241,SP,9,9,783.20,109.34,87.02222222222223,5,9,0,0.0,4.555555555555555
8d956fec2e4337affcb520f56fd8cbfd,SP,211,228,11015.19,3327.95,48.312236842105264,52,211,22,0.10426540284360189,4.202830188679245
ce7d1888639e6fb06b2749cbfdac1ff7,MG,78,84,11793.89,3082.65,140.4034523809524,14,78,7,0.08974358974358974,4.166666666666667
7142540dd4c91e2237acb7e911c4eba2,SP,319,331,37373.56,6915.60,112.91105740181268,266,319,26,0.08150470219435736,4.034375
e48cc16ab70bfa09e1401740dce0b3d7,SP,14,17,1084.83,326.30,63.813529411764705,9,14,1,0.07142857142857142,3.5714285714285716
6e864f5c4669eff3d98140a07cc50202,SP,13,13,740.59,191.77,56.96846153846154,5,13,1,0.07692307692307693,4.461538461538462
6a51fc556dab5f766ced6fbc860bc613,SP,26,33,7577.67,792.58,229.62636363636364,18,26,2,0.07692307692307693,3.769230769230769
709e16e2b25c7474d980076c6bfc4806,SP,60,80,5151.90,1226.96,64.39875,39,60,2,0.03333333333333333,4.516666666666667
527801b552d0077ffd170872eb49683b,SP,90,92,17942.80,2062.56,195.0304347826087,26,90,9,0.1,4.47191011235955
65febd49fd28ec955651299159b1f527,SP,35,40,4319.70,981.44,107.9925,14,35,2,0.05714285714285714,4.314285714285714
aaed1309374718fdd995ee4c58c9dfcd,SC,105,112,9376.95,2331.07,83.72276785714286,54,105,3,0.02857142857142857,4.066666666666666
d1582f4043306e6b91afa6a8a884f898,SP,9,9,990.00,131.92,110.0,1,9,1,0.1111111111111111,4.111111111111111
8160255418d5aaa7dbdc9f4c64ebda44,SP,385,431,47017.69,7853.81,109.08976798143851,57,385,63,0.16363636363636364,3.9427083333333335
7722b1df1b0e383e000397b2c11e3e19,SP,134,145,7094.09,2071.21,48.92475862068966,76,134,4,0.029850746268656716,4.225563909774436
6481e96574816ead57975da2c0f6d80d,SP,32,43,3324.90,1015.96,77.3232558139535,20,32,1,0.03125,4.1875
eed78ac17f7f795a19a709745f00cd4e,SP,22,56,4349.50,846.34,77.66964285714286,12,22,0,0.0,3.772727272727273
4e17c65a516f69d023a2ae78b84f28d6,SP,61,74,7639.26,1155.54,103.23324324324324,47,61,4,0.06557377049180328,4.229508196721311
8b9d6eec4a7eb7d0f9d579ce0b38324d,RJ,49,53,4232.54,1684.44,79.85924528301886,7,49,8,0.16326530612244897,4.0
d4e12e7884759a14fa0f5f896c791cae,SP,29,32,1400.00,439.67,43.75,14,29,2,0.06896551724137931,4.620689655172414
2eb70248d66e0e3ef83659f71b244378,SP,202,212,42628.61,3231.49,201.07834905660377,33,202,26,0.12871287128712872,2.693467336683417
70849ca4f400aaabb62cb7462a6f1428,MG,12,12,909.58,233.66,75.79833333333333,9,12,2,0.16666666666666666,4.416666666666667
e62b2d6ac10570a035a30bafcf01d263,SP,62,71,5340.39,1035.08,75.21676056338028,24,62,8,0.12903225806451613,3.9661016949152543
9674754b5a0cb32b638cec001178f799,SP,86,97,5069.92,1214.91,52.267216494845364,41,86,3,0.03488372093023256,4.078651685393258
0b35c634521043bf4b47e21547b99ab5,PR,51,78,13533.65,1475.09,173.50833333333333,39,51,8,0.1568627450980392,3.36
725c32fa80c2faacc4fc88450d27314e,SP,89,93,7838.88,1327.78,84.28903225806451,36,89,1,0.011235955056179775,4.517241379310345
6973a06f484aacf400ece213dbf3d946,SP,95,115,11011.05,1363.57,95.74826086956521,13,95,15,0.15789473684210525,3.59375
a2e874074c877c5a05abae80ad6e488f,SP,44,46,8071.98,1202.82,175.47782608695653,21,44,2,0.045454545454545456,3.9545454545454546
0ffa40d54288e4f3499b8780dd0f144f,SP,33,35,2162.80,583.67,61.794285714285714,21,33,5,0.15151515151515152,4.484848484848484
a369d693961cb93b61ca2cc518872a85,SP,11,18,2597.00,616.79,144.27777777777777,7,11,0,0.0,3.909090909090909
485452467ff670447e84a8370c3fc898,SC,3,3,175.70,139.74,58.56666666666667,3,3,0,0.0,4.666666666666667
dd533b429f380718b70ad9922c294bae,SP,41,45,2819.77,1151.21,62.66155555555556,15,41,5,0.12195121951219512,3.7804878048780486
99002261c568a84cce14d43fcffb43ea,MT,36,36,4088.00,1100.33,113.55555555555556,19,36,3,0.08333333333333333,3.7222222222222223
5a93f3ab0ef4c84ed5e1b5dbf23978bc,SP,39,44,2338.25,697.14,53.14204545454545,8,39,1,0.02564102564102564,4.6923076923076925
5b97c06a046398e7005b2b7c0d707a92,MG,4,4,1519.96,249.63,379.99,1,4,2,0.5,3.25
e0878efa0e0b7e5313ac0b43bc04c081,PR,27,29,5065.30,529.61,174.66551724137932,4,27,5,0.18518518518518517,3.5357142857142856
bd149ed516d4c5d418d5781f8e18919f,SP,8,9,414.00,141.94,46.0,3,8,0,0.0,4.875
59cd88080b93f3c18508673122d26169,SP,10,12,392.33,175.38,32.69416666666667,10,10,2,0.2,4.7
b8bc237ba3788b23da09c0f1f3a3288c,SC,45,47,13685.71,1935.45,291.1853191489362,1,45,1,0.022222222222222223,4.318181818181818
10076e5788b8ee532724bcd460baf762,SP,23,26,821.48,377.30,31.595384615384614,13,23,1,0.043478260869565216,4.565217391304348
b39d7fe263ef469605dbb32608aee0af,SP,44,49,5193.10,1062.67,105.98163265306123,19,44,2,0.045454545454545456,3.883720930232558
34f563c82a85b99ae9e6d60db5fc2e28,RS,8,8,2332.30,246.20,291.5375,4,8,0,0.0,4.625
278b6e0b20c4f61fefaa0577943d7a35,SC,1,2,1078.00,74.62,539.0,1,1,0,0.0,1.0
d12c926d74ceff0a90a21184466ce161,SP,78,99,3944.18,1248.64,39.84020202020202,30,78,1,0.01282051282051282,4.3125
08d2d642cf72b622b14dde1d2f5eb2f5,SP,17,21,914.00,321.26,43.523809523809526,8,17,3,0.17647058823529413,4.294117647058823
4aba391bc3b88717ce08eb11e44937b2,BA,29,30,7595.87,839.34,253.19566666666665,27,29,4,0.13793103448275862,3.896551724137931
5d0363b33554b373851fc1622e4d5f3c,SP,94,95,6610.79,2192.18,69.58726315789474,54,94,8,0.0851063829787234,4.042553191489362
1fe5540d7c1c37a595fefbacd5570d9e,RJ,20,25,4537.60,581.15,181.504,2,20,1,0.05,4.3
0873d9f8f36123f8d910f4760e788cfb,SP,6,6,7265.59,161.06,1210.9316666666666,6,6,3,0.5,3.1666666666666665
8d899e15a5925f097cca50faa49b15e3,SP,4,10,645.00,150.98,64.5,3,4,1,0.25,3.75
bbaff50f3b708fda865918715276cd87,SP,12,16,449.70,202.07,28.10625,11,12,2,0.16666666666666666,4.75
0791d9fc1e30678ecf03d3e55fa108d3,MG,5,11,842.00,186.99,76.54545454545455,5,5,0,0.0,4.0
9c4d31c7e46ab03a43fc06e3142afd4e,RJ,2,2,1218.90,43.82,609.45,2,2,0,0.0,4.5
6562efe88ce0826a4ca4f189f03b4b84,PR,9,21,1135.90,300.31,54.09047619047619,7,9,1,0.1111111111111111,3.9
33ac3e28642ab8bda860a2f693000e78,SP,34,35,3661.03,490.09,104.60085714285714,18,34,0,0.0,4.205882352941177
2ff97219cb8622eaf3cd89b7d9c09824,SP,89,96,4476.90,1389.13,46.634375,45,89,5,0.056179775280898875,4.52808988764045
88ae906ea2acf6971f26c3e8b7cb4357,SP,3,3,246.00,42.01,82.0,1,3,1,0.3333333333333333,3.3333333333333335
8b655f0855926bcb49f5835d38dfddf6,SP,5,5,1089.50,73.31,217.9,3,5,1,0.2,4.8
fe26f3ecb51a15e6d8335cd92da42562,SP,7,7,2708.96,262.59,386.9942857142857,7,7,1,0.14285714285714285,4.428571428571429
7315baebc0572ff220d226283dc66728,SP,2,2,49.85,26.37,24.925,2,2,0,0.0,4.0
02f5837340d7eb4f653d676c7256523a,PR,30,30,3883.05,580.83,129.435,3,30,1,0.03333333333333333,4.833333333333333
82cb9f452fe8334df74b22d37824b431,RS,14,18,838.20,317.06,46.56666666666667,8,14,0,0.0,4.714285714285714
5f26c1408a65b42a7224cd463bdf3292,PR,10,10,1139.80,217.29,113.98,9,10,0,0.0,4.8
68f86ba270525243e68ae74044f992b9,RJ,11,12,876.50,194.81,73.04166666666667,7,11,1,0.09090909090909091,4.363636363636363
ccf8813e5a7d6c84d865cd38bfc2b130,SP,26,26,2635.50,415.79,101.36538461538461,8,26,2,0.07692307692307693,4.384615384615385
638cba8be1fb599bbb76fd6948351eb3,SP,17,26,598.20,315.67,23.00769230769231,12,17,0,0.0,4.666666666666667
739c7d7be81f63812dea0d1b1451c651,PB,2,2,77.50,71.80,38.75,2,2,0,0.0,4.0
b3f19518fcec265b2e97af287725f981,SP,9,9,486.91,137.57,54.10111111111111,4,9,0,0.0,4.222222222222222
e1c76f339ebd5460999f25a2aa8c92c5,SP,1,1,899.90,28.80,899.9,1,1,0,0.0,5.0
ec8879960bd2221d5c32f8e12f7da711,SP,36,36,4062.40,818.98,112.84444444444445,9,36,6,0.16666666666666666,4.314285714285714
ec80e49e69745ab6c14f984bf2149423,SP,12,12,3709.00,188.31,309.0833333333333,2,12,2,0.16666666666666666,4.0
4c18691b6037662be2df78a765d98ab5,SP,63,67,3195.52,1120.99,47.694328358208956,31,63,5,0.07936507936507936,3.873015873015873
da03c298e3999e9d828591fc2179d109,SP,4,5,787.70,54.78,157.54,2,4,0,0.0,4.75
6f83d9e4da896daae20b9b6b2d3ff8d2,PR,11,11,765.19,219.85,69.56272727272727,5,11,0,0.0,4.363636363636363
6b3bd31ad8fcda4b2635ec9f3ff2ecdf,RJ,36,43,4198.90,757.02,97.64883720930233,19,36,3,0.08333333333333333,4.0
f783a638e9c6af4a7d0dbfde811e7a81,SP,5,5,849.80,153.10,169.96,4,5,1,0.2,4.0
a36b125ac6d5fdbc7f50de85c9157bdc,SP,24,26,1843.64,388.99,70.90923076923077,10,24,3,0.125,3.9583333333333335
6879c4d287a8dd06b11f54ea8f78e4da,SP,6,6,527.67,149.46,87.945,3,6,0,0.0,4.333333333333333
fe49ee029e61e789a1f3a5525f57ba8d,SP,17,17,2527.59,224.85,148.68176470588236,11,17,1,0.058823529411764705,4.0588235294117645
1b61fb1f0f2185d89e9a126c498e9cc7,PR,1,1,49.70,16.11,49.7,1,1,0,0.0,5.0
0747d5bb69f0586cc869d8af4c50f93e,RJ,14,15,346.60,208.89,23.106666666666666,10,14,1,0.07142857142857142,3.357142857142857
74c7dec0a384d8a05950e629bd23bde9,SP,5,5,187.68,61.20,37.536,3,5,0,0.0,3.6
c3e2398fcc7e581cda2e546557bf6968,SP,1,1,14.90,15.23,14.9,1,1,0,0.0,5.0
1bb3812d5f0747a3ab7348f199001a10,SP,9,9,834.40,215.17,92.71111111111111,8,9,0,0.0,4.888888888888889
3ca08eeb8d5595949fed424bd3677742,PR,14,14,1768.87,466.23,126.34785714285714,7,14,0,0.0,4.428571428571429
218f991754f360af9c2daa5e0b8e990c,SP,14,17,3554.32,265.22,209.07764705882352,4,14,2,0.14285714285714285,3.642857142857143
d9e8c084b68fe958861d8f2c21202e6b,SP,9,12,3050.00,181.86,254.16666666666666,2,9,0,0.0,4.333333333333333
db46ca7bce82b11f7e247539271fc390,RJ,16,16,933.97,215.89,58.373125,8,16,0,0.0,4.5625
2c3d56f92f360fb89d849b84e8f50eae,SP,8,8,465.60,124.84,58.2,5,8,2,0.25,3.125
f3862c2188522d89860c38a3ea8b550d,SP,1,1,15.50,12.79,15.5,1,1,0,0.0,5.0
cac4e0bc1a3269fa2b6ea5e763f6115b,SC,2,3,57.88,50.14,19.293333333333333,2,2,0,0.0,5.0
f44bdc12aa39f5271f0b95f66cd4c289,SP,5,7,357.50,74.57,51.07142857142857,4,5,1,0.2,3.2
17306570e772e7718c92a562d33f5f1d,SP,29,32,9669.80,930.83,302.18125,21,29,2,0.06896551724137931,3.6206896551724137
cfa5ab0e4d3fc212fd0b3410e7081c62,MG,16,21,6180.80,1039.01,294.32380952380953,11,16,0,0.0,3.6875
324583d68897f5ddbaf38f6248322176,SP,2,3,84.00,43.99,28.0,1,2,1,0.5,1.0
f626e15b7314c267e4429010866f70e9,SP,5,7,193.55,125.47,27.65,3,5,0,0.0,3.8
c7fdb77fdbff3c41981bc52f787e959e,SP,10,12,696.32,175.56,58.026666666666664,8,10,2,0.2,3.3
f5403d3f50089112c4eed37928b7f622,SP,2,2,190.80,32.40,95.4,2,2,0,0.0,1.0
29fe9f200d3fa0c668d2aa1ec7e08dfb,SC,5,5,400.00,114.16,80.0,4,5,0,0.0,4.0
c731d18cea9bf687ffee82a241c25b11,SC,24,26,3662.00,610.65,140.84615384615384,18,24,0,0.0,4.217391304347826
71593c7413973a1e160057b80d4958f6,SP,2,5,299.50,45.85,59.9,2,2,0,0.0,3.0
32f83ffe11cd40f7adcf4eef171f52d9,RS,1,1,29.99,15.10,29.99,1,1,0,0.0,5.0
8b2d4ab22f42c5cfc338b846decfda60,PR,6,9,458.00,185.32,50.888888888888886,3,6,0,0.0,4.833333333333333
c8660dcf9ba70575f45d80fe28c27713,SP,4,7,335.00,103.99,47.857142857142854,2,4,1,0.25,4.5
404e1ba01358af4cd63f679b2c4d1fa1,MG,8,12,373.90,177.83,31.158333333333335,7,8,0,0.0,5.0
7fc87cc3e89b3d1d5cabdca32f8485aa,SP,14,14,2153.90,681.92,153.85,9,14,4,0.2857142857142857,3.5714285714285716
081acf3de680d554796c9cf041be7bc2,MG,4,8,1597.30,205.50,199.6625,4,4,1,0.25,3.25
6650fcccd8cd2f7e55ffa524f30c4c59,SP,3,3,529.70,166.00,176.56666666666666,2,3,0,0.0,2.6666666666666665
cc80e2f693fa6e2408f47ccf62413fc1,PR,2,2,420.00,88.63,210.0,1,2,0,0.0,4.0
fc59392d66ef99377e50356ee4f3b4e1,BA,5,5,519.99,86.97,103.998,5,5,0,0.0,3.6
c714262700f93defc16bf17a51a4cb23,SP,4,4,421.80,69.53,105.45,4,4,0,0.0,3.75
0bb738e4d789e63e2267697c42d35a2d,SP,30,31,2388.30,642.34,77.04193548387097,4,30,1,0.03333333333333333,4.6
f97e2b0650c2068227e1d366140eb62f,SP,16,21,3654.00,1011.98,174.0,7,16,1,0.0625,4.0
ed859002ad59dbf8cf3602696a6c3000,PR,7,13,2421.70,268.94,186.2846153846154,5,7,0,0.0,3.7142857142857144
ea65d8b58316a6f2362f2a9e4b3e86ad,SP,9,16,2061.40,230.82,128.8375,8,9,0,0.0,4.0
b90e891671cffd9557f33a97dc523645,PR,34,39,4449.00,632.31,114.07692307692308,13,34,0,0.0,4.323529411764706
5eeb9c756d9780b96283e5a2ac6da334,SP,9,9,2471.00,247.74,274.55555555555554,7,9,2,0.2222222222222222,4.222222222222222
b44dbfbf62e52125f3c15d230569ea91,SP,4,8,609.37,89.69,76.17125,2,4,0,0.0,4.75
f650a9708fa1bab22bdd8d3a818cc415,SC,5,5,507.75,86.83,101.55,4,5,0,0.0,3.4
717b78b0950b51ed00b1471d858b0edc,SP,5,5,138.60,81.15,27.72,2,5,1,0.2,4.0
9cf787a239c1aa29dbd76f153dc13f9a,SP,4,4,316.00,52.40,79.0,2,4,0,0.0,4.75
4b0fdb526525f9890eb145bf1534640e,SP,18,20,2419.00,535.21,120.95,10,18,0,0.0,4.055555555555555
0aa2205ca24f113f4658a5c536667426,SP,4,11,815.62,172.48,74.14727272727272,3,4,0,0.0,4.0
09bad886111255c5b5030314fc7f1a4a,SP,5,5,487.50,72.86,97.5,1,5,0,0.0,5.0
c13fb473e7cb8b83ccd543c094df0608,SP,2,2,54.80,28.72,27.4,2,2,0,0.0,3.5
166e8f1381e09651983c38b1f6f91c11,SC,2,2,78.80,30.20,39.4,1,2,0,0.0,5.0
c240c4061717ac1806ae6ee72be3533b,RJ,1,1,59.90,13.99,59.9,1,1,0,0.0,4.0
aeb36d67f1414f234d42a29e27cf1f17,SP,4,4,3263.80,284.30,815.95,4,4,1,0.25,4.5
fa8d335d68129e464e60c1826a683e96,RS,1,1,139.90,34.78,139.9,1,1,0,0.0,4.0
78813699ffac347fe27dba345a5f1551,RS,1,1,152.42,48.12,152.42,1,1,0,0.0,5.0
1cd9e0cc1839d55516843def5600816d,SP,5,5,825.00,101.72,165.0,2,5,0,0.0,5.0
4736e9d642ef4257cd7622516931eb51,SP,16,20,1078.87,370.90,53.9435,12,16,0,0.0,4.176470588235294
a066df7361163e7ddc5d7452dd17448b,SP,15,17,1078.30,266.32,63.42941176470588,6,15,3,0.2,4.4
a7dc4098e4da6e41b426269d12ae7e91,SP,2,3,518.00,36.45,172.66666666666666,2,2,0,0.0,3.0
db1f0f7c7e5e87f40b62226f020bb297,PR,3,3,59.01,64.72,19.67,3,3,0,0.0,4.666666666666667
fe87f472055fbcf1d7e691c00b1560dc,SP,6,6,1085.80,130.16,180.96666666666667,4,6,1,0.16666666666666666,4.5
87b4428a334b8f676fd9a7f3bf544fb5,SP,1,1,29.99,18.99,29.99,1,1,0,0.0,5.0
c8665a4dd081a2c436b1cd921079d0d9,SP,1,1,79.39,14.14,79.39,1,1,0,0.0,5.0
9b522ba7eae9e1d04082f267144583cc,SP,4,6,1507.60,148.05,251.26666666666668,3,4,1,0.25,4.25
4dbd95a08b31ede5c82d3f861cb1ce1a,PR,6,6,1304.67,189.36,217.445,6,6,0,0.0,3.5
5587130f9850696ed7fafbc91c2cee44,SP,2,2,69.80,33.69,34.9,2,2,0,0.0,5.0
8ff38bc3969e67c36c48343a07090f66,SP,2,8,3472.00,387.56,434.0,1,2,0,0.0,2.5
d4a5e99e0dd915df64ba55a7fbd583fd,SP,2,6,65.15,84.60,10.858333333333333,2,2,0,0.0,3.0
f19516b9ff26bfeb091b30108db4ddbd,SP,5,5,727.60,141.84,145.52,5,5,0,0.0,2.6
a9ae440659f48b7849df83e82734150b,SP,1,1,285.00,27.02,285.0,1,1,0,0.0,5.0
9c351405b754cc5ce3e2ecf277bb034a,SP,1,1,45.00,14.11,45.0,1,1,0,0.0,1.0
e4fc40017a6d22c46a14ac2e17f87c3e,PR,3,3,387.00,275.05,129.0,2,3,0,0.0,2.3333333333333335
2d34636518ba88f5349b732fcf8ba2e4,SP,1,1,150.00,18.63,150.0,1,1,0,0.0,5.0
c8025364abeecb115431bf95c11a747f,RS,2,2,928.00,43.28,464.0,2,2,1,0.5,4.5
01266d4c46afa519678d16a8b683d325,PR,3,3,90.25,47.23,30.083333333333332,3,3,0,0.0,5.0
ebd1417732defaf66c50b5a800eb293e,PR,1,1,309.00,16.33,309.0,1,1,0,0.0,5.0
4e42581f08e8cfc7c090f930bac4552a,SP,3,4,336.00,117.80,84.0,3,3,1,0.3333333333333333,1.0
5a4236931428800e9d9cc04af0987118,SP,1,3,44.97,45.69,14.99,1,1,0,0.0,5.0
9485a23c0430ba1d58d359391606fce6,SP,5,5,1129.90,65.25,225.98,5,5,1,0.2,3.2
d6cd01c59123df02fc226eadbadb5f89,SP,2,3,244.90,31.21,81.63333333333334,2,2,0,0.0,3.0
4d6fb82c629c7a5028bfd973c07b05e0,MG,2,2,278.00,49.43,139.0,1,2,0,0.0,2.0
8d92f3ea807b89465643c219455e7369,SP,3,8,121.20,131.57,15.15,3,3,2,0.6666666666666666,1.0
d3891911c2feae53c52fea2bd14054e5,SP,2,2,141.00,25.99,70.5,2,2,0,0.0,5.0
dd39ad39b5d3df33037e141c72497ba6,SP,2,2,135.80,29.05,67.9,2,2,0,0.0,5.0
84c945f15571830c1a91a33978e94009,SP,2,2,51.98,26.06,25.99,1,2,0,0.0,4.5
9da15f4a4ea758d9eeb49000dbe57e22,SP,1,1,196.90,37.71,196.9,1,1,1,1.0,2.0
1b0b0f4f95e962d6f32fe90c759d0479,SP,2,2,139.80,23.37,69.9,2,2,0,0.0,5.0
d4828feed4cda2cd9d6b37899a95a71e,CE,1,1,39.90,22.21,39.9,1,1,0,0.0,2.0
001e6ad469a905060d959994f1b41e4f,RJ,1,1,250.00,17.94,250.0,1,1,0,0.0,1.0
5659d77e8d90378e39b960ad5956f64e,SP,2,2,182.48,30.65,91.24,2,2,1,0.5,2.5
97e4a63591ca439a2b8b7efd20e6e19e,RJ,5,5,349.95,78.55,69.99,2,5,0,0.0,4.4
84deb808079d1be601c209c1e771b1cc,PR,2,2,34.93,23.21,17.465,2,2,0,0.0,5.0
2f9b7ce230a057a98a9f5df5893ee36c,SP,2,2,141.82,30.03,70.91,2,2,0,0.0,4.5
f8e2c1b59cd4225a3e4fd0d013a76b93,SP,2,3,219.80,44.63,73.26666666666667,2,2,0,0.0,5.0
bac44fa8e13424950488659b5f765c41,SP,1,1,19.90,14.52,19.9,1,1,0,0.0,5.0
5a9b3bcab695173c820e53934574ae80,SP,1,1,139.00,64.77,139.0,1,1,0,0.0,5.0
60ad151920c4f6f3ebbe8cfdf6166779,SP,2,2,130.00,20.67,65.0,1,2,0,0.0,1.0
5dc4bdaf869e8c77c648078cbe8d59c2,SC,1,1,292.99,34.50,292.99,1,1,0,0.0,1.0
044668ccd5316b12a7cf0d54a156e3e9,SP,3,4,137.80,53.55,34.45,1,3,0,0.0,5.0
cf6f6bc4df3999b9c6440f124fb2f687,SP,1,1,3.50,8.72,3.5,1,1,0,0.0,5.0
eb4a59a06b3948e851a7d7a830bcbc42,BA,2,2,64.00,44.00,32.0,1,2,0,0.0,3.0
be7a093e5b4d147b36b72bb1f9e415e5,PR,1,1,60.90,22.36,60.9,1,1,0,0.0,5.0
7816cd9c5b1238e320545f5bf7eb80e8,SP,1,1,489.00,22.76,489.0,1,1,0,0.0,4.0
9e17b9d64683aebcbb9ee362d06463b4,SP,2,3,98.70,37.97,32.9,2,2,0,0.0,1.0
e0487761face83d64fcada2408959a36,SP,2,2,49.25,14.87,24.625,2,2,0,0.0,4.5
f3055483058c84d75ca2a3314fb4deef,BA,1,1,67.50,35.79,67.5,1,1,0,0.0,1.0
fedaedd3ca31d56ab33e92035e4b361c,RJ,1,1,39.90,10.96,39.9,1,1,0,0.0,4.0
d4f91e8be86b38da2ee35bc489645a9d,SP,1,1,49.99,11.17,49.99,1,1,0,0.0,5.0
7d81e74a4755b552267cd5e081563028,SP,1,1,32.50,7.49,32.5,1,1,0,0.0,4.0
79b93a308a97792cf53ac75f46da00b5,RJ,1,1,99.90,16.14,99.9,1,1,0,0.0,5.0
e908c0f3646e8b60375734a350d95d71,SP,1,1,2951.00,58.53,2951.0,1,1,0,0.0,4.0
b57e8460909fa137df7951b4a3b5ea84,RS,1,2,198.00,84.14,99.0,2,1,0,0.0,2.0
a1bea9970d8f65b240555f99c2214f7f,PR,1,1,75.00,27.48,75.0,1,1,0,0.0,3.0
dbc51f5e45d654ecc16cb68e6817ecea,SP,1,1,199.99,18.14,199.99,1,1,0,0.0,4.0
dd7ddc04e1b6c2c614352b383efe2d36,SP,122,143,9178.51,2893.49,64.18538461538462,41,122,19,0.1557377049180328,3.8512396694214877
7a67c85e85bb2ce8582c35f2203ad736,SP,1160,1171,141745.53,20902.85,121.04656703672075,149,1160,68,0.05862068965517241,4.244155844155844
0887a9f087bcd5d9f6642b52f897fc6c,SP,12,12,1642.00,220.35,136.83333333333334,3,12,1,0.08333333333333333,4.416666666666667
855668e0971d4dfd7bef1b6a4133b41b,SP,312,327,32208.16,7797.20,98.49590214067278,73,312,42,0.1346153846153846,3.779935275080906
0dd184061fb0eaa7ca37932c68ab91c5,SP,161,193,18446.92,5319.50,95.579896373057,11,161,19,0.11801242236024845,4.03125
7139dc5186aa238b006e066d8fbab2e4,SP,22,24,1712.00,535.93,71.33333333333333,11,22,3,0.13636363636363635,4.0
bf84056e679dbe9c69929847a40e338f,SP,36,40,2024.04,453.28,50.601,3,36,3,0.08333333333333333,3.75
4e06067cc08b3f41d837768d392c3ee3,MG,31,46,941.72,572.53,20.472173913043477,28,31,1,0.03225806451612903,4.129032258064516
f8201cab383e484733266d1906e2fdfa,SC,10,10,889.00,255.83,88.9,4,10,2,0.2,4.1
522620dcb18a6b31cd7bdf73665113a9,PR,174,180,57168.49,4661.32,317.6027222222222,39,174,18,0.10344827586206896,3.888235294117647
8ed8ea9a57c862f2c18c2fe41f601d56,SC,19,19,3831.90,731.07,201.67894736842106,2,19,0,0.0,4.473684210526316
e88c9b79e592e370d6bd852eeefbf057,PR,8,9,251.87,142.11,27.985555555555557,7,8,0,0.0,4.75
ca3bd7cd9f149df75950150d010fe4a2,SP,71,138,9731.85,3439.52,70.52065217391305,51,71,3,0.04225352112676056,3.9577464788732395
37be5a7c751166fbc5f8ccba4119e043,SP,272,281,55350.55,6083.33,196.9770462633452,9,272,7,0.025735294117647058,4.3003663003663
e24fc9fcd865784fb25705606fe3dfe7,SP,52,56,12936.00,1030.71,231.0,22,52,4,0.07692307692307693,4.173076923076923
59b22a78efb79a4797979612b885db36,MG,125,133,27184.50,4897.57,204.39473684210526,67,125,16,0.128,3.9838709677419355
562fc2f2c2863ab7e79a9e4388a58a14,SP,260,270,8814.20,4305.14,32.645185185185184,36,260,9,0.03461538461538462,4.217054263565892
da7039f29f90ce5b4846ffc0fcc93beb,SP,17,18,1259.10,244.45,69.95,7,17,1,0.058823529411764705,4.529411764705882
2b1a40c1daabc6ca280c4b815c101841,MG,23,35,12732.60,1902.28,363.7885714285714,20,23,1,0.043478260869565216,3.6956521739130435
87e24fc7052259b1f7f607d61c10d8be,SP,8,8,7473.49,236.37,934.18625,7,8,1,0.125,3.5
282f23a9769b2690c5dda22e316f9941,MG,99,110,6505.08,1881.88,59.13709090909091,41,99,5,0.050505050505050504,4.333333333333333
1bb2bdb95f4841f1bba2c0d2cd83d3c9,SP,81,85,5002.71,1146.56,58.855411764705885,23,81,6,0.07407407407407407,4.6419753086419755
f46490624488d3ff7ce78613913a7711,SP,83,91,5802.85,1747.82,63.76758241758242,35,83,10,0.12048192771084337,3.6626506024096384
59fb871bf6f4522a87ba567b42dafecf,SP,126,128,21708.57,2046.19,169.598203125,23,126,8,0.06349206349206349,4.238095238095238
1838dd9b8977065acf51d95e0053ea7a,MG,64,67,2820.30,1255.58,42.09402985074627,14,64,3,0.046875,4.265625
080199a181c46c657dc5aa235411be3b,SP,79,83,14504.20,1040.68,174.74939759036144,40,79,2,0.02531645569620253,4.615384615384615
17f51e7198701186712e53a39c564617,SP,56,61,48019.00,9793.43,787.1967213114754,27,56,5,0.08928571428571429,4.339285714285714
1996942dc085d7773ba77a529b163cd0,SP,10,10,2943.51,239.92,294.351,8,10,0,0.0,3.9
7357b52d27cbaa90f81a96cbc1279396,MG,12,12,1328.02,217.81,110.66833333333334,3,12,1,0.08333333333333333,4.333333333333333
b2a6d334e2833acea353624840e25a0e,SP,25,26,1650.98,387.61,63.49923076923077,6,25,0,0.0,4.48
83e197e95a1bbabc8c75e883ed016c47,RJ,47,55,6693.69,986.37,121.70345454545455,19,47,1,0.02127659574468085,4.808510638297872
8ae520247981aa06bc94abddf5f46d34,SC,65,65,16320.99,1445.35,251.09215384615385,50,65,1,0.015384615384615385,4.446153846153846
9de4643a8dbde634fe55621059d92273,SC,72,81,17560.34,1722.07,216.79432098765432,5,72,3,0.041666666666666664,4.527777777777778
2d2c62bef4c8ba0dd74e0e228e808539,SP,16,16,3749.00,481.48,234.3125,9,16,2,0.125,4.125
31561f325664a8a7aba4c8d0c3a9b3db,SP,36,38,2702.19,627.17,71.11026315789474,25,36,1,0.027777777777777776,4.638888888888889
02dcd3e8e25bee036e32512bcf175493,MG,14,17,1491.90,312.17,87.75882352941177,7,14,4,0.2857142857142857,3.6666666666666665
2dd1fb6f0e42a2243b8a01e40cd41216,PR,4,5,845.89,96.84,169.178,4,4,0,0.0,3.0
8d46553a36e68f95350a200c12f8f2e2,SP,13,16,746.60,223.00,46.6625,9,13,0,0.0,3.230769230769231
440dd6ab244315c632130ecfb63827b1,SP,94,95,13696.90,2096.31,144.1778947368421,28,94,12,0.1276595744680851,3.849462365591398
aced59e9b31ef866a94f9e7f29d8d418,SP,61,67,7268.50,1047.30,108.48507462686567,19,61,5,0.08196721311475409,4.419354838709677
cb8bcce248bb1fb274ba762d8b971456,MG,68,69,9402.20,1232.82,136.26376811594204,5,68,1,0.014705882352941176,4.25
eb9267cccc90f1b49c8d2f9887c7dd97,PE,1,1,319.90,26.37,319.9,1,1,0,0.0,5.0
7178f9f4dd81dcef02f62acdf8151e01,SC,203,216,37070.40,4408.52,171.62222222222223,57,203,10,0.04926108374384237,4.044334975369458
cb32766839f443db85c82a43c4a6c19e,SP,2,2,234.00,31.51,117.0,2,2,0,0.0,3.0
282c7480173bb9c01dd41cc739fec010,SP,5,8,4274.20,192.11,534.275,4,5,1,0.2,4.0
3be634553519fb6536a03e1358e9fdc7,SP,83,99,5370.95,1855.70,54.252020202020205,39,83,7,0.08433734939759036,3.9523809523809526
5b925e1d006e9476d738aa200751b73b,SP,63,63,7748.50,1053.34,122.9920634920635,8,63,4,0.06349206349206349,4.606060606060606
aa1eb17b9fdf6dfd546e25c45c7b9235,SP,3,4,117.99,36.27,29.4975,2,3,0,0.0,4.666666666666667
2953ce3a88f5e3c3b696d77fc9e4c8eb,SP,14,15,470.00,161.32,31.333333333333332,7,14,3,0.21428571428571427,4.642857142857143
1dd33b8119b3cb1056ed5dc88cd0aaf4,SP,8,8,1513.00,128.74,189.125,2,8,1,0.125,3.75
d93919c944be9cff128f6c9cb899eacb,SP,33,33,2666.70,957.31,80.80909090909091,6,33,6,0.18181818181818182,4.0
615005a3ef192c00c6f0e977cee3d2bc,SP,10,11,286.50,155.64,26.045454545454547,2,10,2,0.2,3.8
cda598c48d7c614bc1cad7d8ff6f0010,SP,17,18,1118.60,301.60,62.144444444444446,4,17,0,0.0,4.0588235294117645
6d988d6174a2c27441597174f8905515,PR,19,23,371.73,365.47,16.16217391304348,6,19,2,0.10526315789473684,4.105263157894737
d13e50eaa47b4cbe9eb81465865d8cfc,SP,67,69,7155.05,857.79,103.6963768115942,7,67,14,0.208955223880597,4.82089552238806
ede0c03645598cdfc63ca8237acbe73d,SP,46,50,2518.37,751.50,50.3674,24,46,15,0.32608695652173914,3.522727272727273
3f3486b61f45078d4f31ee5e43d8c5bb,SP,40,40,3829.73,896.84,95.74325,12,40,6,0.15,4.325
2cb6eb1b7185064167657fa09f541105,MG,6,7,1217.90,164.78,173.9857142857143,6,6,0,0.0,4.142857142857143
9add47bf45ce8e8c7db6b9cf670b1e09,PR,43,45,4829.24,1158.04,107.31644444444444,12,43,1,0.023255813953488372,4.166666666666667
b55638ad525e906c698fa2ce742c1742,SC,11,12,1094.80,290.87,91.23333333333333,6,11,2,0.18181818181818182,4.181818181818182
52f976b17ea7f2f087f56dcc419328f6,PR,6,6,7630.00,862.65,1271.6666666666667,5,6,0,0.0,3.6666666666666665
c847e075301870dd144a116762eaff9a,MG,42,43,15348.70,1112.08,356.946511627907,5,42,4,0.09523809523809523,4.170731707317073
a7ecf689b40a44361e259b28939023e4,ES,1,1,389.00,21.91,389.0,1,1,0,0.0,5.0
0c7f30ae9b147eca07affbef92832a6a,PR,5,5,479.50,87.61,95.9,4,5,0,0.0,5.0
c35affa65afd250151285c5917fc1c8a,SP,9,9,5279.91,714.01,586.6566666666666,9,9,1,0.1111111111111111,4.0
2e13c71026e1a39ba5cc1b86dcb679aa,SP,24,28,3793.00,517.21,135.46428571428572,9,24,2,0.08333333333333333,4.375
a36ac007a4d18f865c8d32c3b2402c2d,SP,9,9,1359.78,177.19,151.08666666666667,3,9,0,0.0,2.5555555555555554
788f22bafdd7ab0e1e79f19db72f16a4,SP,2,2,125.80,26.24,62.9,2,2,0,0.0,4.5
38102b031c2a15e54623d711bfc753d3,CE,9,11,457.00,352.41,41.54545454545455,5,9,0,0.0,3.6666666666666665
5cbbd5a299cab112b7bf23862255e43e,PR,36,38,2726.06,659.15,71.73842105263158,22,36,0,0.0,4.277777777777778
e7d5b006eb624f13074497221eb37807,SP,28,63,3478.93,741.49,55.221111111111114,8,28,2,0.07142857142857142,3.9285714285714284
96804ea39d96eb908e7c3afdb671bb9e,MG,38,40,3610.70,755.06,90.2675,5,38,1,0.02631578947368421,4.052631578947368
c8467937e403e76a8ee9f0ab13f6f5ef,MG,30,33,1853.79,588.95,56.17545454545454,6,30,4,0.13333333333333333,4.071428571428571
8bb48dc19fccaa8613b6229bf7f452a2,SP,82,95,4190.72,1857.40,44.112842105263155,47,82,2,0.024390243902439025,4.421686746987952
49e7217cfe4e427191c378ec626d8737,MG,13,14,3002.70,375.61,214.47857142857143,9,13,0,0.0,3.8461538461538463
d3f39f05462b79a4562d35893a28f159,SP,34,38,2411.30,557.47,63.455263157894734,6,34,4,0.11764705882352941,3.6470588235294117
c5f7e746b7e6d07def6c0dae9903279b,PR,10,11,1429.00,229.92,129.9090909090909,5,10,0,0.0,4.4
1976a05ecf2996d6ffb7b5430e635fe7,SP,8,9,1796.20,394.46,199.57777777777778,4,8,2,0.25,3.875
26d6bbee02420494d471c9f6436929c0,PR,12,13,434.51,247.19,33.423846153846156,10,12,0,0.0,4.666666666666667
1430239a858e7682bbc43b20758af153,SP,18,23,660.79,268.75,28.73,10,18,0,0.0,4.111111111111111
e70053bf73d1b5863932e53a9fa47496,SP,7,7,4025.00,133.58,575.0,7,7,0,0.0,4.285714285714286
3338e7a0710a195872be80e0d2423867,SP,1,1,45.00,20.43,45.0,1,1,0,0.0,1.0
5882820ef11c4c068eea0677a7a879b4,RS,14,14,9925.50,739.31,708.9642857142857,6,14,1,0.07142857142857142,4.153846153846154
edd066cd02126d7800f9b66e980e9931,DF,6,6,987.70,186.23,164.61666666666667,6,6,1,0.16666666666666666,5.0
f92d8c817434bd2d84d4e9c61322b7fa,SP,5,5,174.84,50.77,34.968,3,5,1,0.2,4.6
d1ef48b38baca7e831711c4a0aeb398f,PR,29,35,1469.12,675.57,41.97485714285714,18,29,3,0.10344827586206896,4.448275862068965
d93844a9c55ba7ce353388bcf849ea56,PR,12,14,2708.50,521.02,193.46428571428572,12,12,1,0.08333333333333333,4.25
519a7aa428f18d125a283cf8c014fdd6,SC,3,3,79.70,73.10,26.566666666666666,1,3,0,0.0,4.0
768a86e36ad6aae3d03ee3c6433d61df,SP,17,17,587.46,180.24,34.55647058823529,8,17,3,0.17647058823529413,4.647058823529412
05feb94f19d094d4b0f9281f0b1d4c99,SP,6,6,9353.00,697.04,1558.8333333333333,2,6,0,0.0,4.5
70126eecc6aa1274392a1743866e9678,SP,3,3,97.40,47.34,32.46666666666667,2,3,0,0.0,5.0
6d22a1fcebb6dd08c9cd90b92a93e8d0,SC,12,13,723.70,222.73,55.66923076923077,9,12,0,0.0,4.25
abc015ebac1d283a323ca9db35ede4b9,SP,12,13,1106.80,222.85,85.13846153846154,8,12,0,0.0,4.416666666666667
28d162ab86bb49d719c32f0ee6186eaa,SP,1,1,109.99,17.21,109.99,1,1,0,0.0,4.0
31ae0774c17fabd06ff707cc5bde005f,SP,11,11,6719.85,850.82,610.8954545454545,9,11,1,0.09090909090909091,4.0
6aa3928696eab49a19a466e665a649fd,RJ,18,22,2075.00,335.68,94.31818181818181,12,18,1,0.05555555555555555,4.611111111111111
0417b067eeab773d2f7061a726dc477f,SC,13,13,1859.18,642.57,143.01384615384615,11,13,4,0.3076923076923077,3.923076923076923
c0e6839516f5398edc34adf5f1d53d1a,SP,3,3,432.92,87.92,144.30666666666667,2,3,0,0.0,2.6666666666666665
f5f2ab9bdb6b30c14c61be68c5ed37da,SP,18,18,2134.68,339.87,118.59333333333333,14,18,2,0.1111111111111111,4.277777777777778
f9f68daa2af419d38f745478bcb3da1a,SP,2,2,22.40,28.96,11.2,1,2,0,0.0,3.0
e5475dcab1e07b63d7f6e902d8f5eda8,SP,19,19,2192.00,251.22,115.36842105263158,10,19,1,0.05263157894736842,4.105263157894737
93b9a99027bd8bd6af682aff18dd19bf,SP,20,21,1953.00,467.11,93.0,15,20,0,0.0,4.052631578947368
07d75e33f2750d97d467fb57e4dfdd8a,SP,2,2,722.40,37.19,361.2,2,2,0,0.0,2.5
1354d51653f645349064725ed204e85e,SP,18,20,2410.00,284.72,120.5,13,18,1,0.05555555555555555,3.789473684210526
f18112da765e0971ca5d510dec322bdd,SC,2,2,327.80,82.95,163.9,2,2,0,0.0,4.0
6e13dd869aa7185f601c941423abcc8f,SP,5,6,522.00,76.08,87.0,2,5,0,0.0,4.8
7994081388d55b9cf976c050653dd359,SP,2,6,1020.00,89.65,170.0,2,2,0,0.0,3.0
35857757f553273b1056c1cabdace7fb,SP,6,6,454.60,118.74,75.76666666666667,6,6,2,0.3333333333333333,4.0
cfd7ddab722b902f7ac5b5f3ba6d723d,MG,12,13,3385.03,673.08,260.3869230769231,8,12,0,0.0,4.75
bd0a1b0aadca9a83d9304f7e8ff5fbd5,SP,4,4,150.60,54.59,37.65,4,4,0,0.0,4.5
fac35d150712afb921ec59ac5f39bb11,MG,5,6,696.00,104.64,116.0,2,5,0,0.0,4.4
a5bff0f43eb51f0cad7c37fac7244c8a,SP,4,5,445.00,96.27,89.0,2,4,0,0.0,4.75
747c1cdcd1737dcfbd1547f6eb6f2cf3,SP,2,2,193.10,29.27,96.55,2,2,0,0.0,2.5
3a1a1fec38dd360f15fc912e821e169d,SP,15,15,2007.38,371.25,133.82533333333333,12,15,4,0.26666666666666666,3.8666666666666667
f918546be4bec7104d117789ba758b2b,SP,20,23,1483.00,347.15,64.47826086956522,3,20,4,0.2,3.85
2addf05f476d0637864454e93ba673d5,DF,12,12,4552.00,325.64,379.3333333333333,8,12,0,0.0,5.0
b5e3e38609125694d2ea2417522a60b7,SC,16,17,995.04,301.14,58.53176470588235,10,16,4,0.25,4.3125
5b33b527da3c5b969cc99dc435cad09a,PR,16,17,1872.79,365.55,110.16411764705883,7,16,1,0.0625,4.125
bf961104a38e01b9062ee026bb657dee,SP,4,4,585.56,79.90,146.39,1,4,0,0.0,4.5
c3f5668699a1b04c0fa61ecea1e2bff6,PR,3,3,407.81,107.12,135.93666666666667,3,3,0,0.0,5.0
5f0057b677eb963672bf05dfa3f16c34,SP,5,5,312.88,67.01,62.576,5,5,0,0.0,4.2
28fb0829fd777877cdc350d25cb5bd5b,SP,4,4,499.60,69.66,124.9,2,4,0,0.0,3.75
1967a9e2ad6f51802b093147d861df58,SP,2,2,380.00,45.76,190.0,1,2,0,0.0,1.0
e1bed63d68ac36fe1f3061befe196af5,SP,1,1,199.00,18.00,199.0,1,1,0,0.0,5.0
98e164d549402270247f3c96a1a158ef,SP,2,2,162.70,24.72,81.35,2,2,0,0.0,2.5
b8d890108a7a80e4f5d59eea9f362438,PR,2,3,89.70,34.59,29.9,2,2,1,0.5,3.5
c878515173c84a492ebe50d6b493230b,PR,9,10,1118.84,189.20,111.884,6,9,2,0.2222222222222222,4.111111111111111
63ffcb71394dd8ea3872ed9ffda17c74,RJ,17,17,399.00,264.72,23.470588235294116,5,17,1,0.058823529411764705,3.176470588235294
980640c45d7a4635885491d077167e4d,SP,14,14,1004.29,242.37,71.735,12,14,1,0.07142857142857142,4.642857142857143
1782ce2db72c3dda627d5e7c898104e1,SP,9,10,2010.80,207.37,201.08,7,9,1,0.1111111111111111,4.333333333333333
5b581417df4480f632484ba681e53944,SC,12,13,1790.60,585.70,137.73846153846154,9,12,3,0.25,3.5
1992f8fb6b19fcccd97ca819811e7267,SP,1,1,28.80,11.22,28.8,1,1,0,0.0,1.0
58e4b302b54937e55a678c4d15111da4,PR,3,3,279.79,49.06,93.26333333333334,3,3,0,0.0,2.3333333333333335
b3b17aab11f273023a5f22ca52e1eb70,PR,7,13,6850.00,475.35,526.9230769230769,7,7,1,0.14285714285714285,4.857142857142857
4a1917ef994878940e1fb03eeb787ad7,DF,2,3,768.00,78.62,256.0,2,2,0,0.0,3.0
f1c1ac3f3efc07e659c035008e615e66,SP,4,14,2561.96,302.82,182.99714285714285,4,4,0,0.0,3.75
5d043cd5512d4bd2f88e5ccdd5736c38,SP,1,1,650.00,64.91,650.0,1,1,0,0.0,2.0
70c4eedec9cb4a85cda2f3f9673557b4,SP,2,2,479.80,32.75,239.9,1,2,0,0.0,5.0
b8630e1121437d41cb08e3c749c2c2e2,RJ,12,12,6988.00,346.10,582.3333333333334,6,12,2,0.16666666666666666,4.333333333333333
ade45994b717ccee333492330fbf037b,PR,10,10,7196.00,283.63,719.6,6,10,0,0.0,4.5
dbbcfe2c8d026742134ac3e28ccde274,PR,4,4,308.59,54.38,77.1475,4,4,0,0.0,4.2
3faf68a3b0af94b10bac70d86077be49,SP,7,7,1322.93,119.16,188.99,3,7,0,0.0,4.571428571428571
a23266650e7c84bb93fbbba502137478,RS,11,16,1512.40,279.04,94.525,8,11,0,0.0,3.8181818181818183
ba89796db68db180bd389de96b2ff3b6,SP,2,2,309.80,43.46,154.9,2,2,0,0.0,5.0
458c6fa920810ce2492da71bc26d9eec,SP,2,2,756.76,105.61,378.38,1,2,0,0.0,2.5
c1849d4d32d7a6cecd5aa471809d3135,SP,3,3,388.98,41.73,129.66,3,3,0,0.0,4.333333333333333
1f7fd2a6fcd5a6fa5d8a4dabc72aaae0,RS,3,3,531.80,100.88,177.26666666666668,2,3,0,0.0,5.0
2d20f1cd18725c91147da0791d498022,PR,1,1,99.80,19.89,99.8,1,1,0,0.0,5.0
6e2d3e2dc84fb30f6078f39dd3bddd6f,PR,1,1,219.00,16.28,219.0,1,1,0,0.0,1.0
fc908879b9ca1bd65419e54e50432d38,SP,4,4,119.20,52.68,29.8,2,4,0,0.0,5.0
866558b3bccef2dbc6d29a2b5995016f,PR,5,6,1519.40,351.35,253.23333333333332,4,5,0,0.0,4.8
c8c1bea22194a4eefa2dc9a9fa89f536,SC,7,13,1266.00,292.73,97.38461538461539,3,7,0,0.0,5.0
64cc804291f90c81f02bfc2bb58ff55a,PR,2,2,517.60,46.54,258.8,2,2,0,0.0,5.0
65c255b299faf2d12050937cc219c46c,SP,2,2,88.20,21.88,44.1,1,2,0,0.0,4.5
cbbd5ae8f53de5f5097cd8217b529e24,SP,2,2,351.80,70.45,175.9,1,2,0,0.0,2.5
6e1862e15f33d9994bc25922a85e1efc,SP,8,14,732.49,147.47,52.32071428571429,7,8,0,0.0,4.428571428571429
042573af89b6d931f672efaf789d8358,SP,3,3,413.48,65.09,137.82666666666665,3,3,1,0.3333333333333333,3.6666666666666665
5145090ab595c0d0b8557199f5701fbf,PR,4,4,1459.60,197.85,364.9,4,4,0,0.0,4.25
26f6b7ab07be3e9e69ce82a6552efc19,RJ,2,2,54.80,25.95,27.4,2,2,1,0.5,3.0
41e0fa5761c886a630994a55c12087e7,SP,5,5,423.60,68.31,84.72,2,5,0,0.0,5.0
968ee78631915a63fef426d6733d7422,RS,2,2,450.00,71.67,225.0,1,2,0,0.0,3.0
9da1ca0bef29ee170e541927a5aeabdc,SP,6,6,1484.40,127.63,247.4,2,6,2,0.3333333333333333,3.0
c1dde11f12d05c478f5de2d7319ad3b2,SP,1,1,12.50,7.39,12.5,1,1,0,0.0,1.0
4b98b0428fc1932cc2514ef9ce2505e6,SP,2,2,327.63,35.80,163.815,2,2,1,0.5,2.3333333333333335
5e106d93b717c2682b9383da480364a1,PR,1,1,445.90,21.71,445.9,1,1,0,0.0,5.0
e5def42655b7490edac5a56fe8e9e603,SP,1,1,129.90,11.52,129.9,1,1,0,0.0,5.0
3ef37b7ca6dd2b80bd8af81a62504996,SP,2,2,700.00,40.97,350.0,2,2,0,0.0,4.5
918f6fbcf3ab724d805867303e593a1b,SP,2,3,79.70,32.88,26.566666666666666,2,2,0,0.0,4.0
48e954b2da4f6a750c844173b347ed40,RS,2,6,397.80,159.01,66.3,2,2,0,0.0,4.5
e88165a185134e13fdfc85d4fa654db8,SP,2,2,108.00,41.22,54.0,2,2,1,0.5,3.0
20611af7866c6068fd5ae1f9dbe15c92,SP,2,2,219.80,114.50,109.9,2,2,0,0.0,4.5
c2bda99904207edd1834f03e0022b007,SP,2,2,79.80,21.88,39.9,1,2,0,0.0,2.5
e0482f2c769468c3bbcd8a01e09d98c5,SP,1,1,189.00,45.40,189.0,1,1,0,0.0,4.0
186cdd1b2df32caa72cfb410bba768d3,SC,6,6,1341.45,268.28,223.575,6,6,0,0.0,5.0
63272377184e969942f7fff221be858d,SP,2,2,149.70,66.53,74.85,2,2,0,0.0,5.0
f682e0f848abafc6f41e0d4e868c66ef,SP,2,2,269.98,34.02,134.99,2,2,1,0.5,3.5
bbd3acfe6de99892e73940d3fdceaf68,SP,2,2,69.00,24.55,34.5,2,2,0,0.0,3.0
c76d418370990614e89e956c7a7567d9,SP,2,2,305.24,64.53,152.62,1,2,0,0.0,3.5
dedcab67899479e4ea5dcc4eba47f587,SC,2,2,84.00,21.64,42.0,1,2,0,0.0,4.5
7e3dde9ffba72d5340f9aaf09b4424be,PR,1,1,220.00,22.03,220.0,1,1,0,0.0,1.0
b2bdc5e7940a7d7ca8c4a37953b27a42,SP,1,1,250.00,62.49,250.0,1,1,0,0.0,4.5
880eda903e719a5f179f7e9fceb3a69d,SP,1,1,249.00,42.72,249.0,1,1,0,0.0,1.0
c18309219e789960add0b2255ca4b091,RJ,1,1,9.90,14.10,9.9,1,1,0,0.0,5.0
f410c8873029fcc3809b9df6d0b28914,SP,2,2,289.80,37.30,144.9,2,2,0,0.0,5.0
62de60d81c55c29d76a6bce418b31cef,SP,1,1,103.00,23.87,103.0,1,1,0,0.0,4.0
804287717b9156fb7a787acd9af4fac1,PR,1,1,18.80,15.10,18.8,1,1,0,0.0,5.0
65a7c0788e4d632ccb5e1b594b87f0bb,SP,3,9,266.70,117.42,29.633333333333333,6,3,0,0.0,4.5
dde698c6d0bd24834c586e5111c2bba7,RJ,1,1,155.90,19.19,155.9,1,1,0,0.0,5.0
d7827b2af99326a03b0ed9c7a24db0d3,SP,1,1,1455.00,101.70,1455.0,1,1,0,0.0,5.0
9140ef75cc8211c4035935e80e567204,PR,1,1,49.90,22.28,49.9,1,1,0,0.0,5.0
93bef6edaa84956e8e575016449b6351,SP,1,1,115.00,14.56,115.0,1,1,0,0.0,5.0
8def3db7f272735afb2ecd03aeca09a7,RJ,2,2,196.00,33.64,98.0,1,2,0,0.0,5.0
615c3462099ffa940d37b17dfda19594,RJ,2,2,229.00,32.05,114.5,2,2,0,0.0,5.0
376d67b61dce0c990155286e7ae486a4,SP,1,1,94.00,17.91,94.0,1,1,0,0.0,4.0
f26d70155c2b6326fcfa1780c8c684e4,SC,1,1,202.89,16.17,202.89,1,1,0,0.0,5.0
70ee69419916dc13e3aed619061f996c,SP,1,1,45.00,8.72,45.0,1,1,0,0.0,3.0
740205fedfe4e90ca6857bc77db0f2b4,SP,1,1,229.90,21.93,229.9,1,1,0,0.0,5.0
57a834594e1e9e9219603bfec184eadc,RS,1,1,139.00,27.05,139.0,1,1,0,0.0,5.0
6ebf4eceee4dd9847201c82e77ef8123,RJ,1,1,59.90,22.13,59.9,1,1,0,0.0,5.0
a13aaf2d2886ab9fb30fb9a920160b8f,SC,4,4,1011.52,74.31,252.88,1,4,1,0.25,4.5
8936ba0de1073ee888cb3185ae5dc661,SP,1,1,389.99,22.22,389.99,1,1,0,0.0,5.0
e5545d4d4473876ea78c5bcebca365c3,SP,1,1,44.50,12.97,44.5,1,1,0,0.0,5.0
62d977e2b2aee830de3e039a28490d12,PR,2,2,399.80,32.32,199.9,1,2,0,0.0,1.0
e174dc2de86d60fee178170a154c05e7,SP,1,1,19.80,14.10,19.8,1,1,0,0.0,1.0
685b870da5b52a710782c9c0fefbeb5b,SP,2,2,627.00,43.98,313.5,2,2,2,1.0,2.0
e64ddbe1cbcf4f2fc3092b7c481f3f9d,SP,1,1,20.90,7.39,20.9,1,1,0,0.0,5.0
8b181ee5518df84f18f4e1a43fe07923,SP,1,1,27.90,27.08,27.9,1,1,0,0.0,5.0
3820c6537b3853be1a0687d5a60807ec,SP,1,1,25.00,10.96,25.0,1,1,0,0.0,
20f0aeea30bc3b8c4420be8ced4226c0,SP,1,1,14.90,14.52,14.9,1,1,1,1.0,
9d7a1d34a5052409006425275ba1c2b4,SP,13,16,1054.82,277.05,65.92625,12,13,1,0.07692307692307693,4.384615384615385
5996cddab893a4652a15592fb58ab8db,SP,1,1,810.00,70.75,810.0,1,1,0,0.0,5.0
6c7d50c24b3ccd2fd83b44d8bb34e073,SP,114,128,8699.34,2770.85,67.96359375,12,114,2,0.017543859649122806,4.389380530973451
8e6cc767478edae941d9bd9eb778d77a,MG,106,114,6830.58,2284.83,59.91736842105263,61,106,8,0.07547169811320754,3.943396226415094
ef506c96320abeedfb894c34db06f478,SP,324,340,9771.43,5197.00,28.7395,116,324,27,0.08333333333333333,3.9316770186335406
7586919161935337bf6b6d7ff5779648,RJ,11,18,1664.71,330.22,92.48388888888888,8,11,2,0.18181818181818182,3.8181818181818183
e5a3438891c0bfdb9394643f95273d8e,SP,224,255,7738.35,3374.27,30.346470588235295,185,224,40,0.17857142857142858,3.9107142857142856
7008613ea464bad5cb9b83456e1e6a8f,SC,127,156,7777.00,3083.05,49.8525641025641,19,127,6,0.047244094488188976,4.261904761904762
5b67882648febfb6e1225e6ad7164f6b,PR,27,30,6813.48,618.94,227.116,24,27,1,0.037037037037037035,4.0
de23c3b98a88888289c6f5cc1209054a,SP,164,181,26399.67,2682.14,145.85453038674032,93,164,16,0.0975609756097561,4.2560975609756095
634964b17796e64304cadf1ad3050fb7,RJ,268,326,39465.10,5955.43,121.05858895705522,28,268,27,0.10074626865671642,4.037453183520599
7901646fdd36a55f564ffaf2dbccaaf7,RJ,22,27,11857.08,621.75,439.1511111111111,12,22,3,0.13636363636363635,4.5
94e93ce877be27a515118dbfd2c2be41,SP,30,35,5674.57,868.15,162.13057142857141,18,30,0,0.0,3.9310344827586206
edb1ef5e36e0c8cd84eb3c9b003e486d,RJ,166,175,79284.55,3905.10,453.0545714285714,55,166,13,0.0783132530120482,4.421686746987952
f7ccf836d21b2fb1de37564105216cc1,SP,70,74,2787.40,1123.04,37.667567567567566,23,70,7,0.1,3.8088235294117645
b4f8921fcc4ff77b66bea6dda43dcd51,RS,18,20,11395.05,1468.36,569.7525,16,18,1,0.05555555555555555,4.555555555555555
897060da8b9a21f655304d50fd935913,SP,317,430,23023.92,6863.55,53.544,106,317,36,0.11356466876971609,3.6246056782334386
abcd2cb37d46c2c8fb1bf071c859fc5b,MT,45,52,4880.22,1320.40,93.85038461538461,32,45,2,0.044444444444444446,4.2444444444444445
bd4889b5e9133b35b66e42a8665cea5c,SP,36,42,6271.90,984.64,149.33095238095237,16,36,0,0.0,4.4
8cc6a0e5738e61a87b03c78b2ba9db4b,MG,24,26,13312.40,525.82,512.0153846153846,14,24,2,0.08333333333333333,4.333333333333333
f4a04f7be452aa3bb31760bf00055dd0,SP,18,18,1312.10,241.85,72.89444444444445,8,18,1,0.05555555555555555,4.666666666666667
ac3508719a1d8f5b7614b798f70af136,RS,103,104,12775.84,3016.39,122.84461538461538,48,103,3,0.02912621359223301,4.603960396039604
4200ddf1967c5e41e48db62bc6d4b5ac,SP,22,42,734.80,487.93,17.495238095238093,25,22,1,0.045454545454545456,4.2631578947368425
784ba75dd9d20200c4caed3d7a77141a,SP,21,24,8295.13,629.82,345.6304166666667,11,21,2,0.09523809523809523,3.8636363636363638
d17f467e4bf608a510c20d82f4ba3b6b,RS,12,12,3021.66,534.89,251.805,11,12,2,0.16666666666666666,4.0
1336efc61c316ddf92c899eb817f7cae,SP,74,85,4837.31,1517.98,56.90952941176471,50,74,7,0.0945945945945946,4.0
d1b65fc7debc3361ea86b5f14c68d2e2,SP,40,41,11703.07,1438.73,285.44073170731707,30,40,2,0.05,4.55
c3aad7dc65449ae90a5e9c3c6c1e78e0,SP,6,6,510.00,130.36,85.0,5,6,0,0.0,4.666666666666667
994f04b3718c2bab35c2adfa8afecd2a,SP,49,57,3445.70,775.51,60.45087719298245,26,49,4,0.08163265306122448,4.244897959183674
9b013e03b2ab786505a1d3b5c0756754,SP,174,225,9027.40,2604.21,40.12177777777778,57,174,10,0.05747126436781609,4.15606936416185
b8578d2d823bd8e251f6fdd02b40902d,SC,9,9,1255.60,244.00,139.51111111111112,6,9,0,0.0,4.444444444444445
0432ead42b6c8a0bdf68154add917fdf,SP,85,90,7792.10,1207.52,86.57888888888888,56,85,3,0.03529411764705882,4.458823529411765
7b0df942f46435babab05d49b744b2c4,SP,32,32,22600.63,672.15,706.2696875,16,32,3,0.09375,4.387096774193548
5b85809efd0d0e4dea1a9544e1280ed9,SP,12,14,1804.60,292.76,128.9,8,12,0,0.0,4.25
002100f778ceb8431b7a1020ff7ab48f,SP,51,55,1234.50,793.66,22.445454545454545,24,51,9,0.17647058823529413,3.9038461538461537
e2c92f9c1c7746d899d18f2e158bbff7,SP,14,14,1894.70,391.91,135.3357142857143,8,14,0,0.0,4.071428571428571
7bac63f6603d382cc8d0832eb6c100a8,SP,19,19,7751.95,362.65,407.9973684210526,11,19,3,0.15789473684210525,4.0
6750d71153f00fc58829af2a8ef1bcf1,RJ,6,6,3514.00,112.50,585.6666666666666,6,6,0,0.0,4.285714285714286
730937bf88cb151eb2eb849f642fc213,SP,22,26,2821.20,455.97,108.50769230769231,5,22,1,0.045454545454545456,4.409090909090909
ed46f1eb4a638113deb2a1137b5f22e9,SC,4,4,3470.00,216.68,867.5,3,4,0,0.0,4.0
2e3be8a987a30d7544dbbda6861cc14e,MG,18,19,4430.84,346.71,233.2021052631579,16,18,1,0.05555555555555555,3.1666666666666665
71039d19d4303bf9054d69e9a9236699,SP,35,38,3537.20,621.45,93.08421052631579,26,35,8,0.22857142857142856,3.8
f5f1f2c5f923f36ad79ea1d07185ddc9,SP,12,13,1912.15,203.68,147.08846153846153,6,12,1,0.08333333333333333,3.25
744dac408745240a2c2528fb1b6028f3,PR,79,84,22490.60,1894.42,267.7452380952381,75,79,1,0.012658227848101266,4.569620253164557
0ed6ce5d87fd9c69eaacaeb778d67235,SP,43,43,2141.42,687.83,49.80046511627907,26,43,6,0.13953488372093023,4.404761904761905
01bcc9d254a0143f0ce9791b960b2a47,GO,11,11,1521.21,277.66,138.29181818181817,3,11,0,0.0,4.4
7681ef142fd2c19048da7430856b5588,SP,59,77,31941.81,2916.12,414.8287012987013,24,59,8,0.13559322033898305,4.186440677966102
817f85dbb65aa3e70831d90fe75cdf89,SP,11,11,1552.27,231.62,141.11545454545455,6,11,0,0.0,4.545454545454546
15aac934c58d886785ac1b17953ea898,ES,25,26,4353.90,665.70,167.4576923076923,20,25,3,0.12,4.24
1d4587203296c8f4ad134dc286fa6db0,SP,42,43,2323.30,704.24,54.03023255813954,30,42,2,0.047619047619047616,4.285714285714286
9b00ed88b7fdb95d6ff76e27c1b52d16,SP,47,51,1627.88,575.48,31.91921568627451,19,47,3,0.06382978723404255,4.468085106382978
dfa0c4c6229ab200a4a1336b4d7128ff,SC,77,86,4777.10,1767.11,55.54767441860465,35,77,3,0.03896103896103896,4.0
a5a1bfcf728ab0e19182959cf0771ee4,SP,21,24,1812.96,347.89,75.54,6,21,2,0.09523809523809523,4.333333333333333
b1aaae6b66ad3c40f54b389d7ea4bee0,SP,15,17,1176.50,392.74,69.20588235294117,15,15,0,0.0,4.4
0daf5180aa44356f60f8effa533b55a2,GO,2,2,144.80,38.83,72.4,2,2,1,0.5,5.0
0951a6e282947e09cd47969f4ed0b47f,SP,7,7,492.30,88.02,70.32857142857142,2,7,0,0.0,4.857142857142857
e63e8bfa530fb16910dd6956e592bb81,SP,42,43,1311.70,667.47,30.504651162790697,12,42,2,0.047619047619047616,4.255813953488372
71271995e85f5b8530be99ed54a91b89,RS,8,8,776.00,120.83,97.0,1,8,1,0.125,2.5
91f848e9f4be368f4318775aac733370,SP,63,73,5932.60,1235.56,81.26849315068493,10,63,2,0.031746031746031744,4.290322580645161
2646baaf662d4d92ac48f047e35db92d,SP,15,18,1263.05,286.34,70.16944444444445,10,15,2,0.13333333333333333,4.466666666666667
8fdca8e349553f99bc738833a62c8802,SP,22,29,989.34,380.88,34.115172413793104,4,22,1,0.045454545454545456,4.190476190476191
60562ab00b8054280520d390c8c0045c,SP,17,17,2943.00,304.09,173.11764705882354,5,17,0,0.0,4.764705882352941
5d3bb11474a06bdc23fb9e89f1164ee0,SP,31,32,3654.60,524.22,114.20625,10,31,1,0.03225806451612903,3.903225806451613
05ff92fedb5be47920fea08e501238b9,RS,59,62,21992.78,1815.39,354.72225806451615,16,59,3,0.05084745762711865,4.19672131147541
26562f211dd1364af2a8596dc945e8ae,SP,2,2,99.00,16.11,49.5,2,2,0,0.0,5.0
402916f742e5c740cc751493d9cf5053,MG,9,10,1252.00,226.43,125.2,5,9,0,0.0,4.666666666666667
ba6b68b55fe8704377a7d43c8e5c0185,MG,5,5,739.77,92.45,147.954,3,5,0,0.0,4.2
26e2c91ef821e1ff8985f408788fe35b,SP,12,14,1649.40,274.47,117.81428571428572,10,12,5,0.4166666666666667,3.0
48efc9d94a9834137efd9ea76b065a38,PR,33,34,345.60,320.40,10.16470588235294,17,33,0,0.0,5.0
226b05fe067266c59c15dae208213d06,PR,10,11,1056.90,188.68,96.08181818181818,8,10,0,0.0,4.5
891071be6ba827b591264c90c2ae8a63,SP,92,98,4177.28,1277.07,42.62530612244898,31,92,15,0.16304347826086957,3.78494623655914
de0c78824586e9a5f5f04fd84e25df39,SP,14,16,2489.30,208.53,155.58125,4,14,0,0.0,4.642857142857143
5def4c3732941a971cba8fdee992ede1,SP,5,6,134.80,66.24,22.466666666666665,5,5,0,0.0,4.6
06bb3a2fe5e7b7a845b13e8fb91bd944,MG,17,18,1536.19,326.14,85.34388888888888,14,17,0,0.0,4.588235294117647
89bc797e2e29667aa035d4368f9b7f92,SP,17,20,407.30,252.15,20.365,12,17,3,0.17647058823529413,3.7058823529411766
cc3d14116804f7209f3884f6367f1152,PR,27,30,5477.80,582.79,182.59333333333333,4,27,1,0.037037037037037035,4.62962962962963
014c0679dd340a0e338872e7ec85666a,MG,14,15,7058.00,628.31,470.53333333333336,10,14,2,0.14285714285714285,3.857142857142857
534a01cc6df1e034e05c32028a291fa2,SP,5,5,235.59,59.86,47.118,4,5,0,0.0,4.4
028872bfa080090a9d0abd4f1af168f8,MG,1,3,70.50,47.37,23.5,1,1,0,0.0,5.0
30a81d8cf85fb2ada1b1b094c9583a95,SP,17,20,1245.42,168.10,62.271,7,17,0,0.0,4.823529411764706
b26741d31a563d769b4af0465ab20c56,SC,2,2,648.00,47.03,324.0,2,2,0,0.0,4.0
c12b92bf1c350f3e6bf88d3596219c86,SP,17,17,4808.78,444.06,282.8694117647059,9,17,1,0.058823529411764705,3.8823529411764706
83a75eea11694e36e56dd0cb2240229a,SP,3,3,487.00,42.47,162.33333333333334,1,3,0,0.0,5.0
e73bf2cea7fe4b0b4d287a7568ed1099,SC,4,5,737.70,100.13,147.54,4,4,0,0.0,5.0
7daca0837f033a41a6f3428c18657533,SP,7,7,1228.98,168.16,175.56857142857143,4,7,2,0.2857142857142857,3.5714285714285716
f680f85bee2d253556ac91be391d2c82,SP,45,54,5183.92,893.42,95.99851851851852,10,45,1,0.022222222222222223,4.333333333333333
818d28f936e791926d33bcb6ee94ef79,SP,5,5,139.50,77.20,27.9,5,5,0,0.0,4.0
baa49d93c8c8841e27400a300f5d74b2,SC,6,6,246.40,88.02,41.06666666666667,3,6,1,0.16666666666666666,4.5
f9ec7093df3a7b346b7bcf7864069ca3,SP,9,9,519.20,118.93,57.68888888888889,9,9,1,0.1111111111111111,4.777777777777778
152ee17e4c8aaf53dac99f3462e4999b,SC,6,6,308.96,95.97,51.49333333333333,3,6,0,0.0,4.333333333333333
6d2f2e3b539480db1e0842b3a4e32e6e,SP,3,6,305.96,168.30,50.99333333333333,2,3,0,0.0,3.6666666666666665
df0f42bc4c2142eacf0eaf2cffd0cfbb,SC,14,16,1654.00,292.45,103.375,2,14,0,0.0,4.142857142857143
8603f0038fe0e52fedd3382d266723de,SC,10,10,2355.00,490.12,235.5,9,10,0,0.0,4.4
4b1eaadf791bdbbad8c4a35b65236d52,SP,8,8,1849.79,113.03,231.22375,5,8,1,0.125,2.0
e8a85b5f3df47be0984c55fd4064dbb4,DF,8,14,743.00,222.99,53.07142857142857,6,8,1,0.125,4.5
e4ebd3f87bf70440014f07ddda7fbe03,SP,7,7,671.50,115.76,95.92857142857143,4,7,1,0.14285714285714285,4.571428571428571
cac63f48c38cd7d002a7e846dcd99a23,SP,10,10,874.00,140.62,87.4,7,10,0,0.0,4.818181818181818
5e49e3a44bdeb5aab2684258bbd4f525,SC,3,3,507.00,52.77,169.0,2,3,1,0.3333333333333333,4.666666666666667
f326006815956455b2859abd58fe7e39,SP,9,30,3147.16,666.02,104.90533333333333,6,9,0,0.0,4.666666666666667
1771297ac436903d1dd6b0e9279aa505,SP,28,36,2881.27,585.16,80.03527777777778,9,28,1,0.03571428571428571,4.62962962962963
8060d731897e33b5c5ae575ce1e209e1,SP,5,5,199.50,91.45,39.9,1,5,0,0.0,4.8
52b53f7061969fe471d119b6195da864,SP,1,1,90.00,8.37,90.0,1,1,0,0.0,5.0
512d298ac2a96d1931b6bd30aa21f61d,RJ,11,12,7401.94,321.93,616.8283333333334,8,11,0,0.0,4.2727272727272725
b5d034ac251546e25afe9067f05c1539,SP,1,1,69.90,15.37,69.9,1,1,0,0.0,5.0
4ef4c39cf3c24f326434cf0b2e48046a,SP,8,9,891.00,126.17,99.0,2,8,1,0.125,3.375
1961c3e1272bfeceb05d0b78b5bbfdaf,SP,3,4,896.00,49.43,224.0,2,3,0,0.0,3.3333333333333335
7a2d2949aea47fab95fd98d6c9f618b1,PR,11,12,1638.99,211.24,136.5825,5,11,0,0.0,4.2727272727272725
165b1235e9e9942cb5fae67103576fb0,SP,11,16,2085.15,404.65,130.321875,9,11,1,0.09090909090909091,4.363636363636363
ddd51ae8cda92f3995a51fc0f0f3eec7,RJ,8,25,842.70,276.92,33.708,6,8,0,0.0,4.625
fce62094ffe6a4009188ec44e681dfdd,SP,4,11,2969.70,482.93,269.9727272727273,3,4,1,0.25,4.0
36890be00bbfc1cdb9a4a38a6af05a69,SP,13,13,1361.30,239.58,104.71538461538462,5,13,3,0.23076923076923078,4.230769230769231
52831e5990d0771cb4951d6f12928167,SP,1,1,65.00,13.12,65.0,1,1,0,0.0,3.0
2bd05d410a8fd26dc4184a15f4f2f588,MG,6,7,1316.73,198.54,188.1042857142857,6,6,0,0.0,5.0
49cdc90518a4f82676b38b3c1aa43ff6,SP,5,5,1539.50,82.61,307.9,5,5,0,0.0,3.8
22c32ec35d0116ef02c281798a25bf8b,PR,4,6,119.58,90.43,19.93,2,4,0,0.0,3.75
7d294cf9a6a69dc6a0c3e540fff0e039,SC,5,5,257.25,194.13,51.45,1,5,0,0.0,4.4
8c3b533c63cca56240f94f1e3a6b18ef,MG,5,8,3312.16,989.61,414.02,4,5,2,0.4,1.5
139157dd4daa45c25b0807ffff348363,SP,1,1,29.90,7.78,29.9,1,1,0,0.0,4.0
6f1a1263039c76e68f40a8e536b1da6a,SP,4,7,256.39,100.45,36.62714285714286,1,4,1,0.25,1.5
f88adb15807168d3c43d71021090ce4a,SP,3,3,488.80,52.26,162.93333333333334,2,3,0,0.0,3.3333333333333335
da3fede3469bf49b7293ce3fc45b294d,SP,1,1,44.90,12.79,44.9,1,1,0,0.0,5.0
f25e239052084705e17a982bc600ab2a,SP,8,8,7380.00,405.48,922.5,8,8,0,0.0,4.25
89757206b887aed36f3e18d858460fea,SP,2,2,120.50,55.64,60.25,2,2,0,0.0,5.0
f35b3c613c4f7b2275f4185d0a3c59ec,SP,9,9,4047.25,167.04,449.69444444444446,8,9,2,0.2222222222222222,4.555555555555555
03bd479e1d9484cdb14104d3023f7321,MG,3,3,359.70,57.72,119.9,3,3,1,0.3333333333333333,4.333333333333333
79a679c36c08d606b3fd47ead9de109b,SP,3,7,935.00,137.22,133.57142857142858,2,3,1,0.3333333333333333,2.0
e5d4b2b0c3bca22085f7a19a28de0c42,SC,4,4,205.80,63.76,51.45,4,4,1,0.25,4.5
a478c7961d6a992065b24e63b366f90b,SC,8,9,1281.50,170.06,142.38888888888889,5,8,0,0.0,4.875
e4253cef933647000a82ff39c67b7bde,SP,2,2,68.00,40.73,34.0,2,2,0,0.0,2.0
6c9875b2f94ba781186f0c1aed8d1687,SP,2,4,25.00,38.05,6.25,2,2,0,0.0,5.0
412a4720f3e9431b4afa1476a1acddbe,SP,21,22,2058.10,511.06,93.55,8,21,1,0.047619047619047616,4.238095238095238
5194c22ed1f616ec0c0f33c571542879,MG,4,4,245.60,80.85,61.4,3,4,0,0.0,4.25
4867209cb29b56b92893d7bde3ce8012,SP,1,1,150.00,19.15,150.0,1,1,0,0.0,4.0
8fec2e460530482132c436cfb5439925,SP,3,5,468.46,80.15,93.692,3,3,1,0.3333333333333333,4.333333333333333
7354220fb240bde543b3c40c060d41e7,DF,7,7,672.00,165.13,96.0,6,7,0,0.0,4.571428571428571
28ea411b354f14b1a494be4e79f0ce02,SP,6,6,820.00,76.93,136.66666666666666,6,6,1,0.16666666666666666,4.666666666666667
b7e1750c1157341d2abd0251e07c186b,SP,3,4,159.60,60.96,39.9,4,3,0,0.0,4.333333333333333
51f108f62cb87d61918159902c8f8583,PR,3,3,303.73,75.03,101.24333333333334,2,3,0,0.0,4.333333333333333
7b8e8ec35bad4b0ef7e3963650b0a87b,SC,5,5,2244.28,372.02,448.856,3,5,1,0.2,4.8
762fafdaa57a532ee0119731697579dd,SP,5,5,206.70,54.17,41.34,4,5,0,0.0,5.0
0692610d8abe24f287e9fae90ea0bbee,SP,4,4,173.99,31.73,43.4975,3,4,1,0.25,4.0
f0ec78809fe0bc3edb11c9fe5b97b059,SP,2,2,62.60,23.66,31.3,2,2,0,0.0,4.0
34a557286ead8fe75c989e0afcf7d98c,SP,4,4,414.90,58.56,103.725,2,4,0,0.0,4.75
a0a14e50070f3225b3eabba5b85da517,PR,4,4,176.20,72.44,44.05,1,4,0,0.0,4.5
4c60877808f4318ef1107fbeb8f89afa,SP,2,2,118.00,32.63,59.0,2,2,0,0.0,4.0
910a922b426b7ff95eaee129ad6c0e1f,SP,2,2,119.80,31.16,59.9,1,2,0,0.0,5.0
01ed254b9ff8407dfb9d99ba1e17d923,SP,5,5,1465.99,67.72,293.198,2,5,0,0.0,5.0
091065b789659bc3cd9af9cb3a6253ff,RS,2,2,1359.00,85.37,679.5,1,2,0,0.0,3.5
4eeb99008a0f59d2c7759c59f9a346eb,SP,2,2,1282.00,38.95,641.0,2,2,0,0.0,4.5
1d0646a72178a6fb37ee8082140e06ec,SC,2,2,61.00,36.62,30.5,2,2,0,0.0,5.0
778323240ce2830d68aab11794e00bfb,SP,3,3,189.98,52.45,63.32666666666667,2,3,0,0.0,4.333333333333333
365e4bce19bda0082c3d15d83fdb8bcd,SP,6,7,796.40,98.62,113.77142857142857,6,6,0,0.0,4.666666666666667
2b3b9ce054da76a7428df143a567b156,SP,5,6,301.00,62.28,50.166666666666664,3,5,0,0.0,3.6
c611f4ce9ce875bcc063fa97fd4d7d12,SP,1,1,319.00,13.25,319.0,1,1,1,1.0,4.0
13511db12ac61e2f89c53b72a944a60b,RS,6,6,798.00,265.97,133.0,4,6,1,0.16666666666666666,3.5
6a3139c7bf09ece22a4713d956acbe5e,SP,1,1,61.90,14.74,61.9,1,1,0,0.0,5.0
a56e351445e5863fc8960640ba9190c7,SC,3,4,760.92,65.06,190.23,2,3,1,0.3333333333333333,4.333333333333333
78ba5933c21686d1c2f64669c8c459e7,SP,2,2,191.80,20.77,95.9,2,2,0,0.0,4.333333333333333
99cd94252748d2bdde08e17858233602,SP,2,2,159.80,21.52,79.9,1,2,0,0.0,4.5
55c26bcb609f480eb7868594245febb5,SP,6,6,664.40,161.83,110.73333333333333,4,6,0,0.0,4.0
ec8463980a4e0ea9f8517aea1ed0c419,SC,2,8,239.20,118.76,29.9,1,2,1,0.5,5.0
c398bc00a606d33758afd91f4e64fd15,RJ,2,2,150.00,15.50,75.0,1,2,0,0.0,4.5
0015a82c2db000af6aaaf3ae2ecb0532,SP,3,3,2685.00,63.06,895.0,1,3,0,0.0,3.6666666666666665
8de8fe3af4449ed695d2434c933ed73e,SP,1,1,2090.00,65.35,2090.0,1,1,0,0.0,5.0
1a6245add4353f18ed55138808906979,SP,1,1,30.00,9.34,30.0,1,1,0,0.0,3.0
a99504ac23ed125aaf5302af6cc30af9,SP,1,1,978.00,47.24,978.0,1,1,0,0.0,5.0
2c538755f1ca9540af144f266e70df6c,MG,1,1,334.99,24.92,334.99,1,1,0,0.0,5.0
fa7ad8ae9bcb2c4493fdf38e96b1d74f,SP,1,2,88.00,23.70,44.0,1,1,0,0.0,1.0
50a7e551a7b3f8d37cd6e32d8bfbe5ea,SP,1,1,140.00,27.96,140.0,1,1,0,0.0,5.0
a45765f8afb1e594b22bf9e974b46765,SP,1,1,79.99,8.93,79.99,1,1,0,0.0,4.0
c026ef0d72e9132d9fa112308090c8dc,RJ,1,1,520.00,37.72,520.0,1,1,0,0.0,4.0
1d953075c2f0dd990bacf27b83b330f1,MG,1,1,59.00,19.32,59.0,1,1,0,0.0,5.0
42d4b7e70819438f5ada61c965e92d7e,GO,1,3,49.60,51.18,16.533333333333335,2,1,0,0.0,1.0
de09d00cfc265b8804c7df34075a68fa,SP,3,3,784.00,43.97,261.3333333333333,3,3,0,0.0,3.3333333333333335
4003520d80d0bad1d5623f7aa3c63cda,RJ,1,1,70.00,16.74,70.0,1,1,0,0.0,1.0
7ad41305e96a6cab8294cd65891e9a86,SP,2,2,180.00,57.60,90.0,2,2,0,0.0,5.0
aadfe0417e61315688b6bd7043361e25,GO,1,1,289.90,14.28,289.9,1,1,0,0.0,4.0
455f46ef09a9e45667e2981df84b5cc2,SP,2,2,59.80,31.18,29.9,1,2,0,0.0,2.5
b19c48688808720822399ffa9f2dbe2f,SP,1,1,959.99,24.82,959.99,1,1,0,0.0,5.0
9ef932e837d8b7f392c0bfee9d359dc2,SP,1,1,59.90,19.66,59.9,1,1,1,1.0,3.0
3d3ccf2b2f8134b10dce9dd446f0e075,SP,3,3,608.60,141.93,202.86666666666667,3,3,1,0.3333333333333333,3.3333333333333335
b76f4d90e85657a240495c876313adc5,SP,1,1,299.00,19.30,299.0,1,1,0,0.0,5.0
e64882b4ef12aee8d0faca4db5b681f4,GO,1,2,230.00,43.22,115.0,1,1,0,0.0,4.0
7a704e63bb29c446869efde5d57524c8,PR,1,1,94.49,15.41,94.49,1,1,0,0.0,5.0
85e7c62c1d6ea078c3897424f867a7c8,SC,2,2,60.00,27.70,30.0,2,2,0,0.0,4.5
698624c6632eeba1774924dbea24c700,SP,1,1,19.90,15.23,19.9,1,1,0,0.0,5.0
cd52a8efd71af3336b14b5039b951cc1,SP,3,3,170.80,59.74,56.93333333333333,1,3,0,0.0,2.3333333333333335
398cb257329ef7af7f1943a8974a3cbc,BA,1,1,145.90,15.47,145.9,1,1,0,0.0,5.0
ac137bac82ffa8548e62bd9d01d2a14f,SP,1,1,49.60,9.34,49.6,1,1,0,0.0,1.0
97e50a621f8e801f4baf69e08687c192,SP,1,1,89.90,7.88,89.9,1,1,0,0.0,5.0
e595809a6c31ec4314fd06ef198c244d,SC,1,1,39.00,18.23,39.0,1,1,0,0.0,5.0
ae9690c6e8fee182c28c9ff8e11ca52c,SP,1,1,47.40,12.41,47.4,1,1,0,0.0,5.0
e732329483fd5f27367dd997b47f598a,SC,1,1,109.90,34.57,109.9,1,1,0,0.0,5.0
be67f78487e2cecb0d55bc769709e4f5,MG,1,1,102.00,23.64,102.0,1,1,0,0.0,5.0
fe9d9cf8631285d5982c6e2cf27fb114,MG,1,1,69.90,23.64,69.9,1,1,0,0.0,4.0
aec99834ab5d38ead22766ada8497e87,PR,1,1,459.00,17.51,459.0,1,1,0,0.0,5.0
19d62d484cba71963c93f0f00ab42013,SC,1,1,139.90,22.69,139.9,1,1,0,0.0,4.0
9bf11dfc0bec77e5a23028043c3c5a8f,MG,1,1,115.00,17.06,115.0,1,1,1,1.0,1.0
cb810bd318f51b3dc3c753944d61a1fa,RJ,1,1,1750.00,39.02,1750.0,1,1,0,0.0,4.0
749e7cdabbaf72f16677859e27874ba5,SP,1,1,41.90,19.84,41.9,1,1,0,0.0,1.0
48436dade18ac8b2bce089ec2a041202,SP,138,151,12271.71,2911.93,81.26960264900663,23,138,10,0.07246376811594203,4.0144927536231885
16090f2ca825584b5a147ab24aa30c86,SP,402,410,25716.44,5456.67,62.7230243902439,37,402,43,0.10696517412935323,4.06
9c0e69c7bf2619675bbadf47b43f655a,SP,157,206,33702.78,2900.18,163.60572815533982,69,157,16,0.10191082802547771,4.050314465408805
3340ef1913fb70d28420f6ceb685c339,PR,32,42,6731.15,750.40,160.2654761904762,15,32,3,0.09375,4.375
3d871de0142ce09b7081e2b9d1733cb1,SP,1080,1147,94914.20,22433.51,82.74995640802092,202,1080,63,0.058333333333333334,4.153271028037383
7202e2ba20579a9bd1acb29e61fe71f6,SP,53,55,12750.50,1165.66,231.8272727272727,19,53,3,0.05660377358490566,3.8653846153846154
4e922959ae960d389249c378d1c939f5,SP,420,454,46030.37,7274.38,101.38848017621146,136,420,44,0.10476190476190476,3.9542168674698797
729b2d09b2a0bdab221076327f13d050,SP,49,61,1822.11,946.55,29.87065573770492,21,49,4,0.08163265306122448,4.489795918367347
8b28d096634035667e8263d57ba3368c,SP,143,155,9375.70,2591.45,60.4883870967742,49,143,16,0.11188811188811189,3.971631205673759
56e361f411e38dcef17cdc2a3d99628b,SP,5,10,1298.00,1857.76,129.8,4,5,1,0.2,4.0
e9779976487b77c6d4ac45f75ec7afe9,SP,657,750,43162.95,10139.71,57.5506,133,657,47,0.0715372907153729,4.217125382262997
2138ccb85b11a4ec1e37afbd1c8eda1f,SP,396,429,12357.03,6069.22,28.804265734265734,160,396,21,0.05303030303030303,3.941919191919192
ad420dd0c4f92f8af951ac24b86d0cf5,MG,42,46,4705.29,913.11,102.28891304347826,23,42,3,0.07142857142857142,4.125
0c8380b62e38e8a1e6adbeba7eb9688c,MG,182,220,17348.79,4107.04,78.85813636363636,93,182,10,0.054945054945054944,4.049450549450549
47efca563408aae19bb7206c2d969ea9,PI,12,12,2522.00,443.32,210.16666666666666,5,12,0,0.0,4.083333333333333
a5259c149128e82c9d6d46e0c1c812bb,RO,8,8,1182.26,438.87,147.7825,7,8,0,0.0,3.875
6b536a23086fba0d58c08d68814397f6,RJ,19,23,2068.80,369.17,89.94782608695652,5,19,1,0.05263157894736842,3.9473684210526314
8a87611c08849ffeeccab52aa798b6c7,PR,13,14,2369.80,485.32,169.27142857142857,7,13,0,0.0,2.769230769230769
79ebd9a61bac3eaf882805ed4ecfa12a,PR,136,143,15092.79,4012.35,105.54398601398601,115,136,8,0.058823529411764705,4.043478260869565
2dee2ce60de9709b1a24083217181a1f,MT,54,55,7784.50,2060.06,141.53636363636363,8,54,1,0.018518518518518517,4.425925925925926
ad273c9eb54ecb4532de4bf75bae9e4e,PR,10,11,645.00,184.75,58.63636363636363,8,10,0,0.0,4.1
3c03b12bab54d8b37d79d914bfdb1aa0,RJ,37,43,4236.34,683.43,98.51953488372094,12,37,6,0.16216216216216217,3.8333333333333335
fdb9095204a334cd8872252ffec6f2db,SP,46,61,8156.00,1133.37,133.70491803278688,14,46,3,0.06521739130434782,4.170212765957447
b4ffb71f0cb1b1c3d63fad021ecf93e1,SP,144,165,6656.09,2519.98,40.339939393939396,97,144,3,0.020833333333333332,4.226666666666667
a7f13822ceb966b076af67121f87b063,SP,75,86,12477.64,3117.48,145.0888372093023,32,75,5,0.06666666666666667,3.3378378378378377
2a261b5b644fa05f4f2700eb93544f2c,SP,51,82,5355.00,2041.73,65.3048780487805,21,51,10,0.19607843137254902,3.826923076923077
6a8a889bde935bafa76d7848782dfaf9,SP,26,30,860.82,367.80,28.694,6,26,2,0.07692307692307693,4.038461538461538
1f9ab4708f3056ede07124aad39a2554,SP,78,79,13602.73,2440.78,172.18645569620253,5,78,4,0.05128205128205128,4.077922077922078
9a03a4e9eb0b947652fae4f6121a3f5e,SP,7,7,1497.00,185.22,213.85714285714286,4,7,1,0.14285714285714285,3.857142857142857
b561927807645834b59ef0d16ba55a24,SP,85,95,4501.99,1305.04,47.38936842105263,42,85,12,0.1411764705882353,4.341176470588235
d57e18d5f73c7ccb7f7339b61166898d,SP,61,63,3187.70,923.49,50.5984126984127,25,61,2,0.03278688524590164,4.426229508196721
acadd4d36859671cb635527c6c977533,SP,12,12,2381.00,265.94,198.41666666666666,9,12,2,0.16666666666666666,4.25
dbb9b48c841a0e39e21f98e1a6b2ec3e,SP,108,118,7186.85,1581.41,60.90550847457627,55,108,4,0.037037037037037035,4.268518518518518
eeb6de78f79159600292e314a77cbd18,SC,83,84,43739.84,3055.44,520.712380952381,46,83,3,0.03614457831325301,4.445783132530121
2cb98e27ce1c18abdb42209b34c382a7,SP,1,1,62.49,57.21,62.49,1,1,0,0.0,4.0
5058e8c1e82653974541e83690655b4a,SP,63,78,10022.82,3055.11,128.49769230769232,31,63,8,0.12698412698412698,3.2419354838709675
eddd1991bd6d9309995a480c39b95137,PR,3,3,866.00,132.41,288.6666666666667,2,3,0,0.0,2.6666666666666665
3d621842b2ed28e2b474132480edac3c,SP,10,10,928.91,151.79,92.891,5,10,0,0.0,3.9
00ee68308b45bc5e2660cd833c3f81cc,SP,135,172,20260.00,3180.66,117.79069767441861,23,135,12,0.08888888888888889,4.303703703703704
acb6c2ca5c82411c1fdb88d5fd5eb95e,SP,10,11,413.88,161.61,37.625454545454545,5,10,0,0.0,3.9
11eac105f3f90a9b87b19c89d91e24f3,SP,5,5,802.89,124.94,160.578,4,5,0,0.0,3.6
b37c4c02bda3161a7546a4e6d222d5b2,SP,4,15,24075.00,412.60,1605.0,3,4,1,0.25,2.25
ed4acab38528488b65a9a9c603ff024a,SP,32,40,12759.45,610.31,318.98625,30,32,1,0.03125,3.71875
66fd84ee7528c0c0de85d0f44a73d5ab,RS,11,21,1438.11,453.19,68.48142857142857,9,11,1,0.09090909090909091,3.3636363636363638
52d76513f0c4d97f3b99570e2c94ee31,RS,19,28,8153.10,889.26,291.1821428571429,15,19,1,0.05263157894736842,4.055555555555555
066a6914e1ebf3ea95a216c73a986b91,PR,68,74,9410.38,1705.57,127.1672972972973,44,68,2,0.029411764705882353,4.08955223880597
7c5b05cbdb5542049f38d90d7815b97d,SP,22,24,1038.96,306.50,43.29,10,22,1,0.045454545454545456,4.363636363636363
655220df33262c7e0c4949a147366f94,SP,13,15,2245.00,681.53,149.66666666666666,3,13,2,0.15384615384615385,4.076923076923077
8daab2245ebdc277c51098d01c5ad8ef,SP,16,16,1604.59,284.05,100.286875,4,16,1,0.0625,4.625
6c177e38df6d3f34182b1f1d427231bf,PR,55,56,8341.89,1034.64,148.96232142857144,20,55,2,0.03636363636363636,4.036363636363636
5ab05b6d86d417796c69ffd6774ec832,SP,10,12,1886.10,256.75,157.175,2,10,1,0.1,3.8
49067458c68f7701fd334ce326accbe0,MG,17,37,1047.65,573.85,28.314864864864866,15,17,1,0.058823529411764705,3.4444444444444446
ca77545ca4d2dfd1431bf61334e2fa3c,PR,6,10,760.00,213.71,76.0,2,6,0,0.0,4.666666666666667
6e4a902d1054e4e17aa6eab87fac1c75,SP,7,8,586.57,109.13,73.32125,4,7,2,0.2857142857142857,4.142857142857143
f789d2c4f2c2eb38fc4373e7a4b35264,MG,44,49,4864.24,869.00,99.27020408163266,28,44,2,0.045454545454545456,4.159090909090909
9aa388272ee334b6ae07bc73706e254a,MG,6,7,678.00,183.46,96.85714285714286,2,6,0,0.0,4.333333333333333
985c92cc412091f8529c12d7f23d3fef,MG,12,12,1368.50,238.13,114.04166666666667,9,12,1,0.08333333333333333,4.75
0a85ebe4e328db81ac9109781205e2f7,SP,12,12,667.90,137.75,55.65833333333333,8,12,1,0.08333333333333333,4.583333333333333
33a17d60c64393351ebf1ef860f4e0f2,RS,43,47,8152.48,1279.38,173.45702127659575,11,43,1,0.023255813953488372,4.627906976744186
ff69aa92bb6b1bf9b8b7a51c2ed9cf8b,SP,20,20,21940.80,1754.40,1097.04,13,20,5,0.25,3.65
6288c69c4ce638e59925e59193f98b16,SP,22,22,4506.28,306.20,204.8309090909091,7,22,1,0.045454545454545456,3.9545454545454546
bf00385a5f7fc1ef39a13c2e9ee50a5f,SP,29,29,870.30,342.73,30.010344827586206,18,29,0,0.0,4.310344827586207
dc317f341ab0e22f39acbd9dbf9b4a1f,RS,55,58,18988.40,3581.73,327.3862068965517,7,55,3,0.05454545454545454,4.1454545454545455
d5b9a084373da994a6e37f732169a853,SP,7,7,1769.00,176.29,252.71428571428572,5,7,2,0.2857142857142857,3.5714285714285716
c013e57c075a06e5b5c48ee03c525719,SP,42,45,1971.55,857.11,43.812222222222225,13,42,3,0.07142857142857142,4.238095238095238
e21a1e8be4715b0fcfd5385643bc49c4,SC,21,24,703.60,472.29,29.316666666666666,14,21,0,0.0,3.6666666666666665
55f7a3319d80f7fdf078b8f03e6725fe,SP,22,22,3013.78,406.67,136.99,4,22,2,0.09090909090909091,3.772727272727273
679769a98cfcc6da877c8486ff1c13f3,MG,21,21,7029.00,438.39,334.7142857142857,2,21,0,0.0,4.571428571428571
67883baaae6134ee81b271a542613728,SP,19,19,8167.90,328.12,429.88947368421054,16,19,3,0.15789473684210525,4.105263157894737
dfc475d54e1b6dbeeb7d7d9bdaa63827,PR,19,21,1793.76,434.31,85.41714285714286,5,19,1,0.05263157894736842,4.315789473684211
039e6ad9dae79614493083e241147386,SP,5,5,12925.00,348.42,2585.0,4,5,1,0.2,4.0
0eaa7e33d73809f1f925f7d07c506cbd,SP,15,15,1552.00,194.90,103.46666666666667,12,15,0,0.0,4.714285714285714
391bbd13b6452244774beff1824006ed,SP,2,2,127.80,35.40,63.9,1,2,1,0.5,1.0
9a1aea68d3efa00862ec88c0768037d0,SP,7,8,1309.20,192.51,163.65,3,7,0,0.0,4.428571428571429
a4bd6e9adf39b63f43dc545d3ca1f53d,RJ,4,5,1848.59,112.38,369.718,4,4,0,0.0,4.5
7cf4ea70955b00d6b3c22542598e2715,SP,1,1,189.90,14.91,189.9,1,1,0,0.0,5.0
293dee954235e4e4e43f129313625ebe,DF,8,8,1778.92,240.30,222.365,6,8,0,0.0,5.0
20b54c376b794ed028df09a3cd88e8dc,SP,11,11,1342.95,163.60,122.08636363636364,8,11,2,0.18181818181818182,3.0
5f1dc28029d2c244352a68107ec2b542,SP,62,78,2807.30,996.16,35.991025641025644,36,62,4,0.06451612903225806,4.426229508196721
bccf933e006e9b94a6184af782963e77,SP,45,46,4162.74,884.47,90.49434782608695,22,45,1,0.022222222222222223,4.5227272727272725
1a932caad4f9d804097d7f8e615baed1,SP,20,30,4661.00,1040.45,155.36666666666667,4,20,4,0.2,3.9
525e75a6fb1454a2325ab1734bcec221,SP,10,11,657.07,120.00,59.733636363636364,3,10,0,0.0,3.6
5343d0649eca2a983820bfe93fc4d17e,SP,71,111,10000.64,2392.59,90.09585585585586,48,71,7,0.09859154929577464,3.8285714285714287
95b293867b5862941c9cd74f756a3c68,SP,9,9,648.10,98.12,72.0111111111111,5,9,4,0.4444444444444444,3.5555555555555554
87b740daf17b5d1be335a64164ec6842,SP,13,13,14699.87,1482.51,1130.7592307692307,9,13,1,0.07692307692307693,3.3076923076923075
1eade46fba20122dc4aefb379f8c636b,SP,58,75,3635.37,1038.34,48.4716,8,58,8,0.13793103448275862,4.431034482758621
bcf5566870987da7bc811fbc8c5b9fd9,SP,1,4,96.00,31.12,24.0,1,1,0,0.0,1.0
cd3d09fbe6e3e9ff0c0ac0c300e93ae7,SP,12,12,651.04,229.19,54.25333333333333,11,12,1,0.08333333333333333,4.166666666666667
17eea220a40cc0d2c0c5346379682398,SP,4,4,1414.98,98.01,353.745,3,4,2,0.5,3.75
079d295dcbf06ee8bb1b65ba964eb2b6,SP,5,10,349.30,190.79,34.93,3,5,0,0.0,4.6
b5bb2b985208834bd5bd86c7a402bbad,RS,2,2,621.06,38.66,310.53,1,2,0,0.0,5.0
32fdd5d44ecb43dfd6a24b9369eca144,MG,8,8,479.20,138.68,59.9,5,8,0,0.0,4.375
55dedd83e501d8248880557d9073cbfd,RJ,8,9,1055.30,110.79,117.25555555555556,8,8,0,0.0,4.875
a63bfbaa882c8f4542891b4e2246cc7f,RJ,7,7,6772.00,264.19,967.4285714285714,5,7,1,0.14285714285714285,4.428571428571429
723cd880edaacdb998898b67c8f9da30,SP,11,12,2136.53,413.10,178.04416666666665,8,11,1,0.09090909090909091,4.090909090909091
984c273121e743dd14767befe6cb17f5,SP,1,1,259.60,21.31,259.6,1,1,1,1.0,1.0
9449f25aeaf531019b76999ea49a6949,RJ,10,10,2046.45,179.39,204.645,9,10,2,0.2,4.0
5a425cc503b39b262a847fd6212bf53b,PR,15,15,1360.59,269.51,90.706,9,15,1,0.06666666666666667,4.214285714285714
f7df46c1e0ec44eed5c6726478da4a17,RS,3,3,429.70,57.74,143.23333333333332,2,3,0,0.0,1.0
f3c38ab652836d21de61fb8314b69182,SP,15,15,1581.00,247.59,105.4,11,15,1,0.06666666666666667,4.266666666666667
50770d25768b0486d89be26afca3108f,SP,6,6,171.77,76.09,28.628333333333334,5,6,1,0.16666666666666666,4.0
6ec1a01e866584bb679eb9b098345919,SP,31,32,4248.91,814.85,132.7784375,17,31,6,0.1935483870967742,4.133333333333334
d8dd176509baa37f359644d082bf7f7b,SP,2,2,198.00,31.90,99.0,1,2,2,1.0,1.5
e81e1f9c3e762e620f3fb60a51499e16,SC,17,18,4465.99,513.50,248.11055555555555,7,17,1,0.058823529411764705,4.0
499ec63c58e51296c9cf57edcfe1c8a8,SP,5,5,365.00,47.93,73.0,1,5,0,0.0,4.8
ea3ebea5317b0efbc663ecc8ce5e9bc2,SC,3,3,299.70,57.65,99.9,3,3,0,0.0,4.0
9e7c5f4d7770eab65738cca38f9efccf,SP,2,2,184.80,38.08,92.4,2,2,0,0.0,3.5
f4db9b37944bcb8873e6b456ee190bbf,SP,21,22,3409.78,500.16,154.99,8,21,2,0.09523809523809523,4.571428571428571
bd4ff04377f974574f7f0bf9d6ce7dde,SP,4,4,164.96,50.14,41.24,3,4,1,0.25,3.5
d2f3e277560ed4c6361284429b00f037,SP,7,7,320.55,134.11,45.792857142857144,7,7,0,0.0,4.714285714285714
aac51c486b672a9850d59f3e84b1cf88,SP,10,13,728.28,131.29,56.02153846153846,6,10,0,0.0,4.8
35ef5aa32949680f627efec3c23e705c,SC,4,5,361.60,156.81,72.32,3,4,0,0.0,3.75
3442033154be05bac582e173ef54fd12,SP,1,1,161.00,8.39,161.0,1,1,0,0.0,5.0
9fc70243fb26800cba56e8f014797004,MG,6,7,466.60,104.70,66.65714285714286,2,6,0,0.0,4.5
bafc5aa11e413978be29040f51342e70,MG,9,9,1679.55,149.92,186.61666666666667,6,9,1,0.1111111111111111,3.7777777777777777
bdf0d02d36a1d839d0c39c4a887cdd49,SP,5,7,120.00,95.95,17.142857142857142,2,5,0,0.0,5.0
61f159ef6da2d441951d2c0efa719362,ES,3,3,154.97,61.01,51.656666666666666,3,3,0,0.0,1.0
6b9b80d53ba3676eafe60268a810b5a1,SP,10,10,882.70,172.96,88.27,3,10,0,0.0,3.9
2305ab43e846518f58dd9d59f3f54e96,SP,3,3,788.89,42.37,262.9633333333333,3,3,0,0.0,3.6666666666666665
8a43128d7f9a3db592b866e6861a6cce,SP,3,4,990.60,67.89,247.65,3,3,0,0.0,2.3333333333333335
297d5eccd19fa9a83b2630071ff105e4,PR,8,8,834.97,141.76,104.37125,3,8,0,0.0,5.0
dd8a29ce82d5c705ba932d81494600a5,SP,2,2,205.75,27.50,102.875,2,2,0,0.0,3.5
1ca4bdb0cd7fc48e949bac066188ed26,MG,4,4,1520.00,443.08,380.0,1,4,1,0.25,4.5
1352e06ae67b410cdae0b2a22361167b,RJ,4,4,696.00,69.22,174.0,2,4,2,0.5,2.3333333333333335
b5dd7151a92ccaaa282cbe9681a05f44,SP,1,1,85.00,18.70,85.0,1,1,0,0.0,5.0
101a3a003516bc11253298b2fad3cb65,SP,5,6,450.00,74.00,75.0,2,5,0,0.0,4.8
7e79d65b5c6f1f544b7daea036acf720,SP,4,4,517.80,62.09,129.45,2,4,0,0.0,4.5
40ec8ab6cdafbcc4f544da38c67da39a,PR,2,2,117.80,39.20,58.9,1,2,0,0.0,5.0
12a8eb0f8d1cd3270695bf2a99f55966,SP,2,2,397.00,39.67,198.5,2,2,1,0.5,3.5
fec6912baad85d41729669edd6b4d3b8,SP,1,1,210.00,51.97,210.0,1,1,0,0.0,1.0
c200c73f9d7e5a08ca439d6a0803da7c,PR,1,2,40.00,28.20,20.0,1,1,0,0.0,1.0
dd4d95ba2d15c071e6c695e2ef6ce169,ES,4,4,1748.00,214.41,437.0,2,4,2,0.5,4.25
88cd3681e0a2ba85e190f7d817629c4c,SC,1,1,180.00,19.36,180.0,1,1,0,0.0,4.0
54583ab379489add547fe47b628db589,SP,10,10,2240.00,151.08,224.0,6,10,0,0.0,4.8
b56828a9f9027f3c918c04ca720d9e3c,SP,3,3,360.00,111.61,120.0,2,3,1,0.3333333333333333,2.6666666666666665
52a52b9f656520e99716f5bc40f661c8,SP,7,8,783.10,148.12,97.8875,6,7,0,0.0,4.0
2039c5e51785b5dde7cf93ccb3b7be2c,SP,1,1,159.90,13.78,159.9,1,1,0,0.0,5.0
160851d3ece7aa1a510f8d1a4bb8a8af,SP,2,2,102.05,39.10,51.025,2,2,0,0.0,5.0
2f73e04d12cdf0c945ded66bb3fcf6c7,ES,3,3,1359.00,101.85,453.0,3,3,0,0.0,3.3333333333333335
7994b065a7ffb14e71c6312cf87b9de2,ES,5,7,453.00,144.34,64.71428571428571,5,5,0,0.0,5.0
aa8af66c623d7d544dfe4bb85b5ebe3b,MG,1,1,99.00,15.57,99.0,1,1,0,0.0,5.0
2d2322d842118867781fc737e96d59a1,SP,8,10,176.40,104.97,17.64,5,8,1,0.125,4.875
38874e327ce94d11390b96eb42d61928,SP,6,6,3779.94,378.49,629.99,2,6,1,0.16666666666666666,4.0
2f1e7b90e01d9f086cbcb301c0c3d406,SC,1,1,59.00,12.66,59.0,1,1,0,0.0,5.0
a7a9b880c49781da66651ccf4ba9ac38,SP,3,4,307.60,65.47,76.9,4,3,0,0.0,3.6666666666666665
4450bd8327d471c4a11a83d1445b1b62,SP,1,1,199.00,15.56,199.0,1,1,0,0.0,5.0
6bb62a4912377c7bfe7cb17b406bc7e6,SP,4,6,739.52,105.87,123.25333333333333,5,4,0,0.0,4.25
20fd2d2080ed85fa67fad3fcbb2c1813,PR,1,1,85.90,19.57,85.9,1,1,0,0.0,1.0
578fa3a9cb6b6dceab39231ad59cdaca,CE,3,3,150.00,37.20,50.0,2,3,1,0.3333333333333333,3.6666666666666665
8ccf3cf69651cc1d8a02c8bfaf3b8568,SP,2,2,250.00,38.63,125.0,1,2,1,0.5,3.5
9cea4682e16655f7da87f406902e989e,PR,4,9,87.76,131.47,9.751111111111111,2,4,0,0.0,4.0
6187a137b2af59dfdbad8d9f8c373c14,SP,2,2,74.80,30.22,37.4,1,2,0,0.0,3.0
d297f1055de2956aedfd3b04113dce3e,SP,1,1,54.30,7.64,54.3,1,1,0,0.0,4.0
fcba71d4d5db057f43249145e4eb1e27,SP,3,3,494.55,53.72,164.85,3,3,0,0.0,4.666666666666667
a69aa24cec11168e7e39a3fbc727e925,SP,3,3,105.97,34.32,35.32333333333333,2,3,0,0.0,5.0
010543a62bd80aa422851e79a3bc7540,SP,2,2,1416.00,31.95,708.0,1,2,0,0.0,4.5
a72f15980dc3e9bfd1a49ac9b2f3af65,SP,1,1,89.90,18.73,89.9,1,1,0,0.0,4.0
1fe61aa5494bd3ae92a2c13e067c810f,SC,1,2,537.76,100.82,268.88,1,1,0,0.0,4.0
e0a3c37054ade6478d923a6efc10f308,SC,2,2,219.80,35.18,109.9,2,2,0,0.0,5.0
bee36b4f9a2b9fdcaff6ec05df202ed0,SP,2,2,33.80,19.68,16.9,1,2,0,0.0,3.0
9f56a7a649097b166d8ed286ad86a15c,RJ,2,2,27.98,23.04,13.99,2,2,0,0.0,1.0
a663d9c3797e90eac99ff60939416a56,SP,1,1,235.00,14.08,235.0,1,1,0,0.0,5.0
87d73636a3acf123e842bb890a4db036,SP,1,1,269.90,43.71,269.9,1,1,0,0.0,5.0
94231344608e603693b0a8891143f65d,SP,3,3,722.00,102.18,240.66666666666666,3,3,0,0.0,4.0
0f80a40c312b2472dca482cf50f5186f,SP,1,1,129.90,20.10,129.9,1,1,0,0.0,3.0
2e2f44824ab87a0cb961f68bf4073e7f,PR,1,1,48.00,17.93,48.0,1,1,0,0.0,2.0
ad14615bdd492b01b0d97922e87cb87f,SC,1,1,8.25,10.96,8.25,1,1,0,0.0,5.0
7dc9a3355bae96dd82008b313d3a456c,MG,1,1,899.00,50.62,899.0,1,1,0,0.0,5.0
b7ba853e9551f4558440881fd3e5c815,RS,2,2,376.80,37.99,188.4,2,2,0,0.0,1.0
1cbdc7cf130a41fd13a3c2a7d2fcfda7,MG,2,2,165.80,59.81,82.9,1,2,0,0.0,5.0
712efd3b68f9686dc856b84abd0f21ae,PR,1,1,139.00,17.16,139.0,1,1,0,0.0,4.0
1b4b28463457a256e9a784ebe2a8f630,SP,1,1,699.42,15.92,699.42,1,1,1,1.0,1.0
d9b00a97818674c7f8d8b1ef0e689679,PR,1,1,69.90,9.18,69.9,1,1,0,0.0,3.0
a35ef466c6fd6d052f5d241240d3c5e2,RS,3,3,569.90,79.65,189.96666666666667,3,3,0,0.0,4.666666666666667
dd5450b022b2d00a2145a66331e1aef6,SC,1,1,59.00,22.34,59.0,1,1,0,0.0,5.0
59de1d4c8c057c2a53acd4ca66531af2,PR,1,1,135.00,21.75,135.0,1,1,0,0.0,5.0
e72b4feb7abe210c52aa667abc25a3a2,SP,1,2,38.20,17.44,19.1,1,1,0,0.0,5.0
d63c73efd41eb002280e7ec831424edb,SP,2,2,5598.00,168.59,2799.0,2,2,0,0.0,4.0
d85efbc8eff2b7adf524e2820569adc8,SP,1,1,55.00,8.29,55.0,1,1,0,0.0,5.0
1e47d8b6546eb3a77b1acddcc9406242,SP,1,1,149.90,16.81,149.9,1,1,0,0.0,1.0
1f7dfad2cb384ea4d2d7e1ffbd78c407,SP,1,1,49.00,8.29,49.0,1,1,0,0.0,1.0
82921991ff5b557b045605b8bbf08d49,SP,1,1,18.90,18.23,18.9,1,1,0,0.0,5.0
880ce4951cf857ab1d9e0b75c1d856f4,MG,1,1,178.90,18.82,178.9,1,1,0,0.0,5.0
686886775c8f6b1191c7b953fb52708c,SP,1,1,189.00,13.62,189.0,1,1,0,0.0,5.0
7a188843479798ca813108fa7b959286,SP,1,3,149.70,26.16,49.9,1,1,0,0.0,1.0
