order_id,customer_id,order_status,order_purchase_timestamp,order_approved_at,order_delivered_carrier_date,order_delivered_customer_date,order_estimated_delivery_date
2e7a8482f6fb09756ca50c10d7bfc047,08c5351a6aca1c1589a38f244edeee9d,shipped,2016-09-04 21:15:19,2016-10-07 13:18:03,2016-10-18 13:14:51,,2016-10-20 00:00:00
e5fa5a7210941f7d56d0208e4e071d35,683c54fc24d40ee9f8a6fc179fd9856c,canceled,2016-09-05 00:15:34,2016-10-07 13:17:15,,,2016-10-28 00:00:00
809a282bbd5dbcabb6f2f724fca862ec,622e13439d6b5a0b486c435618b2679e,canceled,2016-09-13 15:24:19,2016-10-07 13:16:46,,,2016-09-30 00:00:00
bfbd0f9bdef84302105ad712db648a6c,86dc2ffce2dfff336de2f386a786e574,delivered,2016-09-15 12:16:38,2016-09-15 12:16:38,2016-11-07 17:11:53,2016-11-09 07:47:38,2016-10-04 00:00:00
71303d7e93b399f5bcd537d124c0bcfa,b106b360fe2ef8849fbbd056f777b4d5,canceled,2016-10-02 22:07:52,2016-10-06 15:50:56,,,2016-10-25 00:00:00
3b697a20d9e427646d92567910af6d57,355077684019f7f60a031656bd7262b8,delivered,2016-10-03 09:44:50,2016-10-06 15:50:54,2016-10-23 14:02:13,2016-10-26 14:02:13,2016-10-27 00:00:00
be5bc2f0da14d8071e2d45451ad119d9,7ec40b22510fdbea1b08921dd39e63d8,delivered,2016-10-03 16:56:50,2016-10-06 16:03:44,2016-10-21 16:33:46,2016-10-27 18:19:38,2016-11-07 00:00:00
65d1e226dfaeb8cdc42f665422522d14,70fc57eeae292675927697fe03ad3ff5,canceled,2016-10-03 21:01:41,2016-10-04 10:18:57,2016-10-25 12:14:28,2016-11-08 10:58:34,2016-11-25 00:00:00
a41c8759fbe7aab36ea07e038b2d4465,6f989332712d3222b6571b1cf5b835ce,delivered,2016-10-03 21:13:36,2016-10-05 03:11:49,2016-10-25 11:57:59,2016-11-03 10:58:07,2016-11-29 00:00:00
d207cc272675637bfed0062edffd0818,b8cf418e97ae795672d326288dfab7a7,delivered,2016-10-03 22:06:03,2016-10-04 10:28:07,2016-10-21 14:23:37,2016-10-31 11:07:42,2016-11-23 00:00:00
cd3b8574c82b42fc8129f6d502690c3e,7812fcebfc5e8065d31e1bb5f0017dae,delivered,2016-10-03 22:31:31,2016-10-04 10:19:23,2016-10-08 10:34:01,2016-10-14 16:08:00,2016-11-23 00:00:00
ae8a60e4b03c5a4ba9ca0672c164b181,e6f959bf384d1d53b6d68826699bba12,delivered,2016-10-03 22:44:10,2016-10-04 10:28:25,2016-10-30 14:22:04,2016-11-03 14:04:50,2016-12-01 00:00:00
ef1b29b591d31d57c0d7337460dd83c9,dc607dc98d6a11d5d04d9f2a70aa6c34,delivered,2016-10-03 22:51:30,2016-10-04 10:28:19,2016-10-21 14:23:36,2016-11-01 15:14:45,2016-11-25 00:00:00
0a0837a5eee9e7a9ce2b1fa831944d27,4f3f778022aefa22b9f9e52d2c47edf3,delivered,2016-10-04 09:06:10,2016-10-06 11:43:20,2016-10-15 10:33:08,2016-10-22 14:51:18,2016-11-24 00:00:00
1ff217aa612f6cd7c4255c9bfe931c8b,b3a9bf200375f53cc5c6991919c356fd,delivered,2016-10-04 09:16:33,2016-10-04 09:43:32,2016-10-21 16:33:45,2016-10-24 16:33:45,2016-11-24 00:00:00
ed8c7b1b3eb256c70ce0c74231e1da88,da0ba2a9935bca5b4610b0e3bca9d3b4,delivered,2016-10-04 09:59:03,2016-10-04 10:25:46,2016-11-11 15:29:14,2016-11-18 08:51:07,2016-11-24 00:00:00
1aecadf4362edaca7fa033e882076c8d,e81a9f176936e3124dfd90c483bf3289,canceled,2016-10-04 10:05:45,2016-10-04 10:26:40,,,2016-11-24 00:00:00
c3d9e402b6a0fbe2a5f7fc5b41117c38,5720a15d022c09d2634c71c80c8d4102,delivered,2016-10-04 10:16:04,2016-10-04 10:45:33,2016-10-28 15:34:00,2016-11-08 10:41:54,2016-12-08 00:00:00
46046adea0e222a29259bad3d922fee8,e9722ab28655e07763e0ca2751c61c90,delivered,2016-10-04 10:41:17,2016-10-04 11:06:07,2016-10-21 16:29:32,2016-10-24 16:29:32,2016-11-28 00:00:00
80606b26965c5ed21e85a085e0667b63,9e241a9965210ac822859a94c0f33162,delivered,2016-10-04 11:03:14,2016-10-06 07:46:47,2016-11-17 11:21:15,2016-11-17 19:14:41,2016-12-08 00:00:00
620b0acb9258b51defbc51804c5298d5,9012f48ac2c416c82819101da4e4b75e,canceled,2016-10-04 11:44:01,2016-10-05 08:45:09,,,2016-12-06 00:00:00
79ffdd52a918bbe867895a4b183d6457,f9808148a262b51d20e2d777eee6676c,delivered,2016-10-04 12:06:11,2016-10-04 12:25:20,2016-10-25 14:16:48,2016-10-26 16:41:21,2016-11-24 00:00:00
c4b41c36dd589e901f6879f25a74ec1d,4bb880cac21c7a9e1371ab1ebd601706,delivered,2016-10-04 12:53:17,2016-10-04 13:26:11,2016-11-07 16:21:26,2016-11-09 13:37:38,2016-11-24 00:00:00
dd359d3c294458c6d642b2eea9212bf5,5c58d1ea5a893380ecdd96dd6dfd5ec5,invoiced,2016-10-04 13:02:10,2016-10-05 03:08:27,,,2016-11-24 00:00:00
36989eb07a0de2d3d3129eea35553875,aadd27185177fc7ac9b364898ac09343,delivered,2016-10-04 13:11:29,2016-10-04 13:46:31,2016-10-08 13:46:32,2016-10-11 13:46:32,2016-12-06 00:00:00
3f72d2b757e725cd48a4726f831c7789,e0de521fbb397bd7e83d079fe66357b5,delivered,2016-10-04 13:15:46,2016-10-04 13:47:04,2016-10-10 16:45:50,2016-10-17 11:25:59,2016-11-28 00:00:00
f3f12fc90564a9b036680a887cd64668,3c521eac04e2dca4702dcc69789618c2,delivered,2016-10-04 13:15:52,2016-10-04 13:47:06,2016-10-30 13:37:48,2016-11-01 18:07:25,2016-11-24 00:00:00
5b1376fe61863fe3508011db309e35fe,b9c504b633cd3d85d4128856a67209c2,delivered,2016-10-04 13:16:57,2016-10-05 03:11:34,2016-10-14 23:20:15,2016-10-17 20:24:25,2016-12-08 00:00:00
63638a6806d67773f3adba8534553fff,16e14c1e6e050fe6730c961ff638ca23,delivered,2016-10-04 13:22:56,2016-10-04 13:47:45,2016-11-17 15:53:01,2016-11-25 13:17:37,2016-11-28 00:00:00
fbbc9a4fa88f1ccd651790df665b3e57,eba930c3950c6964961c7c72f7f6a461,delivered,2016-10-04 13:30:13,2016-10-05 02:45:16,2016-10-09 02:45:17,2016-10-28 17:05:47,2016-12-02 00:00:00
711b9be9c346d9ecdb9d38a5e1e7e39b,81e4aed5ab4253757305267b80712689,invoiced,2016-10-04 13:38:37,2016-10-04 14:08:38,,,2016-11-24 00:00:00
4d66b3a9d12facad48a3b23cc9fe7898,bd6048a0960b15881f1ae5dca277fb52,delivered,2016-10-04 13:40:43,2016-10-04 14:09:08,2016-10-15 10:33:12,2016-10-17 19:41:12,2016-11-28 00:00:00
22613579f7d11cc59c4347526fc3c79e,53cc5d344077104b59d4f6836a90eb0b,delivered,2016-10-04 13:45:08,2016-10-04 14:27:49,2016-10-15 10:12:47,2016-10-18 22:35:47,2016-11-28 00:00:00
7033745709b7cf1bac7d2533663592de,7f0ca17bb33b230b47459437cf0682c7,delivered,2016-10-04 14:13:22,2016-10-04 14:46:48,2016-10-08 14:46:49,2016-10-11 14:46:49,2016-11-30 00:00:00
35d3a51724a47ef1d0b89911e39cc4ff,27ab53f26192510ff85872aeb3759dcc,delivered,2016-10-04 14:23:50,2016-10-05 02:44:29,2016-10-14 02:44:30,2016-10-26 15:03:52,2016-12-20 00:00:00
356b492aba2d1a7da886e54e0b6212b7,68c74d748a55f9d29e6698f4b01a0df7,delivered,2016-10-04 14:44:33,2016-10-06 16:05:43,2016-10-30 14:23:50,2016-10-31 14:23:50,2016-11-28 00:00:00
60762802b48bb6d256d55b013d115013,01be2c0c2d55c597b5ec011e26e4b0d1,delivered,2016-10-04 14:49:13,2016-10-06 16:03:34,2016-10-30 10:04:46,2016-10-31 23:13:42,2016-11-24 00:00:00
bfd31c6f76ff82a41e7beb05565aec4d,6c65055adfbc0007dbb4c5a22ea5ba8c,canceled,2016-10-04 14:51:15,2016-10-06 15:56:40,,,2016-12-14 00:00:00
5cb8558cbb7c0c2f00f43468579d3e3c,2ff5a6455514da421bd25d6e4ceb1d12,shipped,2016-10-04 15:02:37,2016-10-05 03:10:59,2016-10-15 10:14:10,,2016-12-02 00:00:00
51725d3e4bdfc97e28b40543310da8a3,a0f95ab56c6d3a5ba0036b7fdfeda07f,delivered,2016-10-04 15:02:53,2016-10-05 17:06:51,2016-10-09 17:06:52,2016-10-26 13:21:41,2016-11-28 00:00:00
83812118bb682267a9880ea1b261ac4b,6b4acd0818e5852c5271cb061ccbb493,delivered,2016-10-04 15:07:21,2016-10-07 10:12:10,2016-10-11 10:12:10,2016-10-31 21:57:07,2016-12-08 00:00:00
a041155864e5141116458291313b35c2,8fbab2ff4df1a7cc9531b14a686bb3ce,delivered,2016-10-04 15:10:15,2016-10-06 15:56:27,2016-10-10 15:56:28,2016-10-13 15:56:28,2016-11-24 00:00:00
de1404a068c6c8c909897886a314bad7,5116eacd8d620b734c26a0f04e19b60a,delivered,2016-10-04 15:12:18,2016-10-06 16:05:04,2016-10-18 16:13:50,2016-10-24 20:35:44,2016-12-16 00:00:00
985db56d4cabd2577d0960194dd2cd5a,93b0959b3704e65ceaf6cd4bcdfea834,delivered,2016-10-04 15:35:35,2016-10-06 15:57:13,2016-10-21 16:33:54,2016-10-28 15:03:48,2016-11-30 00:00:00
98974b076b01553d49ee6467905675a7,dc7cdb748679fb6f280f66d7582c5e59,delivered,2016-10-04 15:44:44,2016-10-06 15:57:59,2016-11-11 15:29:15,2016-11-17 08:38:57,2016-11-24 00:00:00
39d0be719247e3b3a38846ba810197ea,0f51eea87ae9e277d0f099d51637772d,delivered,2016-10-04 16:02:18,2016-10-06 15:58:44,2016-10-21 16:18:29,2016-11-07 16:55:57,2016-12-12 00:00:00
d2292ff2201e74c5db154d1b7ae68cbb,53a400fdb22676639e4cbf33197e2a6e,delivered,2016-10-04 16:05:29,2016-10-06 15:59:12,2016-10-21 14:23:38,2016-11-03 10:08:51,2016-11-24 00:00:00
50013835d7b14aefb452825864d3e414,66ab9fd5f2a463fcfa0995c05f46680c,delivered,2016-10-04 16:08:52,2016-10-06 15:53:12,2016-10-21 14:38:42,2016-10-21 16:19:17,2016-11-24 00:00:00
a6475bb7a50387e3c665534e15bd40ac,442d66f0d96f656096dd70f1b0391e40,invoiced,2016-10-04 16:28:25,2016-10-05 02:46:17,,,2016-11-28 00:00:00
6eb51c1c9c69f78ea9fd4665fb98b7d2,7235fa173d845addc1fab54a111725f4,delivered,2016-10-04 16:40:07,2016-10-06 15:56:10,2016-10-10 15:56:11,2016-10-13 15:56:11,2016-11-24 00:00:00
cb29497c3782a76b57327c055d58b0e0,663c23427108785957931a3ac88f6085,delivered,2016-10-04 16:41:59,2016-10-06 15:55:55,2016-10-24 07:05:30,2016-10-29 12:53:41,2016-11-28 00:00:00
6b3ee7697a02619a0ace2b3f0aa46bde,21a6abdf0197fbe57451bd0a1d3c59a2,delivered,2016-10-04 17:08:39,2016-10-06 15:46:02,2016-11-07 16:53:44,2016-11-21 10:38:51,2016-11-24 00:00:00
5204d67853f827d1ee32810bf8f2d6c2,3dc7eb6da6c008460353d9a171e8fe6d,delivered,2016-10-04 17:25:09,2016-10-06 15:45:42,2016-10-10 15:45:44,2016-10-13 15:45:44,2016-11-28 00:00:00
ae0913baa54f18027667d8049c36fde2,c6045ecabc5f74048d727035f82c3826,delivered,2016-10-04 18:02:37,2016-10-06 02:46:32,2016-10-21 16:33:37,2016-10-31 13:17:48,2016-11-30 00:00:00
b0cfee6ce5503781be6004e0e31e4309,9e18a290b9d17b14fe33b68a0ea2bfeb,delivered,2016-10-04 18:07:24,2016-10-06 15:43:50,2016-11-21 09:33:44,2016-11-29 15:23:44,2016-11-28 00:00:00
95e01270fcbae9863423400103359279,7a692b1ff18c8c21156b886e02e80040,delivered,2016-10-04 18:52:56,2016-10-06 15:51:42,2016-11-01 07:27:42,2016-11-04 17:54:00,2016-11-24 00:00:00
03128233e78ed8ade6738f2043f4cf8d,da1c9a7e7fa9de1d48ecd6d6e027313e,delivered,2016-10-04 19:01:13,2016-10-06 15:43:49,2016-10-30 10:41:08,2016-10-31 17:06:03,2016-11-28 00:00:00
90aea7c4e52538a18cb9bbfd16f09185,85f0e92957e9fb9c5f72ba5378f492a0,delivered,2016-10-04 19:25:29,2016-10-06 15:51:51,2016-11-10 13:58:50,2016-11-17 13:07:53,2016-11-28 00:00:00
d1eb8e4e276a4eea13a5c462c0765e60,9031f9dcde5860b34e6c65ac5c796d30,delivered,2016-10-04 19:30:28,2016-10-06 03:10:33,2016-10-10 03:10:34,2016-10-13 03:10:34,2016-12-06 00:00:00
ddaec6fff982b13e7e048b627a11d6da,68f4ad79cc0c2ad06e19088f5c00e9fa,canceled,2016-10-04 19:41:32,,,,2016-11-16 00:00:00
6e0d2539e48e84296bae6290de41058c,1fc56719b52f82c03caddc5faf531fbb,delivered,2016-10-04 19:41:52,2016-10-06 15:51:37,2016-11-10 16:47:52,2016-11-17 09:23:50,2016-11-30 00:00:00
966f96af9d189dc428ff04ebbca821b8,90e1931af4fb878dbe45c79e6e458015,canceled,2016-10-04 20:41:45,2016-10-06 15:57:38,,,2016-11-24 00:00:00
893dc49276696129a9bf6f2a9fe23e57,483da61b9de320d057934319d30504b5,delivered,2016-10-04 20:41:55,2016-10-06 15:45:18,2016-10-31 14:38:06,2016-11-03 15:17:39,2016-11-28 00:00:00
bb9fd560a08ca7403789dedaca85da14,fa56d5dbed23c641e19a12b6d7392833,delivered,2016-10-04 21:25:32,2016-10-06 15:46:29,2016-10-27 19:02:09,2016-11-05 11:04:57,2016-11-28 00:00:00
8d47519f5c9c42540b37bd3db0492878,5dd777a48c8124ad7284bf0ae14057e9,delivered,2016-10-04 21:32:35,2016-10-06 15:45:52,2016-10-30 13:25:25,2016-11-07 15:11:47,2016-11-30 00:00:00
88130f20a472f28fcca9dd5d50358820,8eff66e5b7c425dfbbe9a2cbf0f3883f,delivered,2016-10-04 21:35:54,2016-10-06 15:44:28,2016-10-15 10:29:52,2016-10-18 22:57:42,2016-11-28 00:00:00
5cc475c7c03290048eb2e742cd64cb5e,75e8f990b9e289013b1d092614b52487,delivered,2016-10-04 21:54:52,2016-10-05 03:10:31,2016-12-06 17:24:00,2016-12-12 20:31:54,2016-11-24 00:00:00
cfdc6f2061897ed3b3f1a9ac3437c6f9,1365d1374ca6c72869ff0c56963f176c,delivered,2016-10-04 22:03:46,2016-10-06 15:44:09,2016-10-10 15:44:09,2016-10-17 15:36:53,2016-11-28 00:00:00
d2d67121a09535b3a7b6a000e58d8625,a17dc8aaea9743dbccaca067b5ac3b43,delivered,2016-10-04 22:15:11,2016-10-06 16:00:41,2016-10-10 16:00:43,2016-10-13 16:00:43,2016-11-24 00:00:00
8b388d845a3e8700444b971fa2bef902,00474d2582fd72663036795b7ab8cfc1,delivered,2016-10-04 22:33:44,2016-10-06 03:10:59,2016-10-28 13:28:35,2016-11-08 14:03:58,2016-12-06 00:00:00
a9fc3ae13c740ad46532fd50b61c69d5,04a043776b45158df5f274435321c199,delivered,2016-10-04 22:43:33,2016-10-06 15:44:56,2016-10-10 15:44:57,2016-10-13 15:44:57,2016-11-28 00:00:00
dd11631d8b02780b78bd97ec44a1ca8c,a05daaa7b79d7053da895ee3b342cf2d,delivered,2016-10-04 23:08:08,2016-10-06 15:50:14,2016-10-31 14:38:06,2016-11-04 12:45:51,2016-11-28 00:00:00
1c4deb98d216d2fda120204a5fcfb57d,76329463ae17ce6629dd04e014aa72e4,delivered,2016-10-04 23:26:51,2016-10-06 15:51:36,2016-10-30 10:47:42,2016-10-31 21:49:01,2016-11-30 00:00:00
a8c3f65a43b2e956cbfca10db4300853,c2c97a4df7be5639a8976ed8b8516e81,delivered,2016-10-04 23:39:01,2016-10-06 15:46:26,2016-10-15 12:39:45,2016-10-20 19:14:53,2016-11-24 00:00:00
f001655c8c646cd1b5185bbc2e7534f3,ce210e14256d0dea4b6b487c2ed032d0,delivered,2016-10-04 23:45:54,2016-10-07 16:37:42,2016-10-21 16:25:22,2016-10-24 16:25:22,2016-11-28 00:00:00
bcbc0973414b1dd97555e6f8e9713cfa,3f6f000d5b0a959f38481fad4ab7cac2,delivered,2016-10-04 23:59:01,2016-10-05 03:45:41,2016-10-09 03:45:42,2016-10-16 10:41:50,2016-11-28 00:00:00
7a7d2c889e27d93b2005462a8788e168,88927ff4f54b497957d9947e926ec6fe,delivered,2016-10-05 00:32:31,2016-10-06 15:57:05,2016-10-30 14:03:48,2016-10-31 14:03:48,2016-11-25 00:00:00
a68ce1686d536ca72bd2dadc4b8671e5,d7bed5fac093a4136216072abaf599d5,shipped,2016-10-05 01:47:40,2016-10-07 03:11:22,2016-11-07 16:37:37,,2016-12-01 00:00:00
cbbb524a0e1646aa6cf7a3c0bbe517ad,dacb079d55ffb1d3955c5d923df3ebb7,delivered,2016-10-05 07:31:49,2016-10-06 02:46:24,2016-10-10 02:46:24,2016-10-16 14:36:00,2016-12-07 00:00:00
18dad78c0f87f4c45ef196daeaa3ffbb,e4780f4524969db38b49dd1c82e03fcc,delivered,2016-10-05 08:01:47,2016-10-06 15:55:39,2016-10-15 10:31:16,2016-10-17 16:47:46,2016-11-29 00:00:00
b2f92b2f7047cd8b35580d629d7b3bfb,1cbeb91a58bd89ee2df1bc32f3311209,delivered,2016-10-05 08:04:21,2016-10-06 15:57:10,2016-11-11 07:31:31,2016-11-17 16:23:47,2016-11-25 00:00:00
34c718970b33419ed6d537a90366231b,ac68706c6f747bf0f7e7986a7ba40155,delivered,2016-10-05 08:41:18,2016-10-06 15:44:00,2016-10-24 16:33:49,2016-10-31 21:41:26,2016-11-29 00:00:00
0c7fc95baa5e16992ed412ccea7f28b3,a25c191eb1025845e8e9d1d806fa2605,delivered,2016-10-05 08:46:55,2016-10-07 03:10:06,2016-10-11 03:10:07,2016-10-14 03:10:07,2016-12-01 00:00:00
86df4a2f1f5cd47ee3f5bf1781240d1a,b0db02848249cbe57e7e5732976ced8e,delivered,2016-10-05 09:19:46,2016-10-06 15:58:45,2016-10-10 15:58:46,2016-10-26 10:38:43,2016-11-29 00:00:00
acf83f0e8fb878cb25197344426ed10b,46fc16f07712c5cdcdd55911a3297e16,delivered,2016-10-05 09:46:43,2016-10-07 02:49:21,2016-10-11 02:49:22,2016-10-14 02:49:22,2016-12-09 00:00:00
c46b48abd599551232324a6e9077bf19,f760b83264231599706a6e4df91fd137,delivered,2016-10-05 11:01:40,2016-10-06 15:49:47,2016-10-10 15:49:48,2016-10-13 15:49:48,2016-12-05 00:00:00
e2eaf909eb6ba881117aa407992a5ffb,4aa9a7eb520f8efdf80da20ba889f190,delivered,2016-10-05 11:05:52,2016-10-07 02:49:09,2016-11-01 07:13:36,2016-11-14 15:03:36,2016-11-25 00:00:00
92b44b87f1f7670b8911c5f0e642435e,e561a3f61440b031d3be286a696d06eb,delivered,2016-10-05 11:08:46,2016-10-06 07:45:47,2016-10-10 07:45:48,2016-10-13 07:45:48,2016-11-25 00:00:00
92d731517f17c26f16182d45498c4c3d,95c44daefa7bfb91c6bb0665a0cd22fc,canceled,2016-10-05 11:23:13,,,,2016-11-14 00:00:00
98750f114ae6088d04ea0d3cfe3f137f,01fc05160cf790b9ed54ec795ff07688,delivered,2016-10-05 11:44:41,2016-10-06 03:07:51,2016-10-10 03:07:51,2016-10-28 12:23:43,2016-11-29 00:00:00
97d2f8fe76f2f253b8291e17b5383884,5458c93e0db88f9b885bc7dbc3bfa2a3,shipped,2016-10-05 11:54:15,2016-10-06 15:51:26,2016-11-14 09:28:51,,2016-12-07 00:00:00
31b0dd6152d2e471443debf037ae171d,031f08a1ebdcfb5e706831bf64de3860,delivered,2016-10-05 12:32:55,2016-10-06 16:03:45,2016-10-10 16:03:46,2016-10-13 16:03:46,2016-11-23 00:00:00
cac247cece621e1bc64748d44331d22d,a39a11e156aa248ef573dbb7c65580d2,delivered,2016-10-05 12:34:04,2016-10-06 15:49:11,2016-10-30 15:24:49,2016-11-04 14:31:26,2016-12-07 00:00:00
ad1aeeb1a99c9f021e38a49865bb812c,6deeb4ffef6cf320ef5a642302f04104,delivered,2016-10-05 12:41:38,2016-10-07 02:49:06,2016-10-21 16:23:50,2016-10-26 13:31:53,2016-12-09 00:00:00
3b2ca3293a7ce539ea2379d704fa37ce,06a70917afd2dcd59396e1eac836c646,delivered,2016-10-05 12:44:09,2016-10-06 15:47:17,2016-11-17 11:54:02,2016-11-17 19:53:49,2016-11-25 00:00:00
dc5f6cd4492bbffe5bcda9b87856c9a5,2ebf822bbf33241c7bffb42235519f92,delivered,2016-10-05 13:12:43,2016-10-06 15:47:29,2016-10-21 16:34:58,2016-10-27 12:33:29,2016-11-29 00:00:00
e04f1da1f48bf2bbffcf57b9824f76e1,0d00d77134cae4c58695086ad8d85100,invoiced,2016-10-05 13:22:20,2016-10-06 15:51:38,,,2016-11-29 00:00:00
dc18a044b56ed174037ca164cdf2e921,4a06381959b6670756de02e07b83815f,unavailable,2016-10-05 14:16:28,2016-10-06 15:56:49,,,2016-11-29 00:00:00
3f913d30288c117e41ffe5cc74743dc9,7aae6b74d7e0a2a11051bf8a16e16021,shipped,2016-10-05 14:36:55,2016-10-06 15:53:06,2016-10-15 12:24:42,,2016-11-29 00:00:00
59e7ca596664da0a459a145eb95cc9c5,c851e38392f26d6a33bfe6f717c0fba8,delivered,2016-10-05 14:40:44,2016-10-06 16:02:26,2016-10-21 16:20:49,2016-10-24 16:20:49,2016-11-25 00:00:00
719628a909505f12f342015fd53a8d43,5bef68c4d2d04c09aee2195ff540f131,delivered,2016-10-05 14:49:49,2016-10-06 15:52:44,2016-10-15 12:39:19,2016-10-18 19:17:36,2016-11-25 00:00:00
ac2b7c522d811acba0aa270ed3e112e4,ef21aebbb093a6db29ccc6aa0b89c347,delivered,2016-10-05 15:08:00,2016-10-06 15:44:26,2016-10-10 15:44:27,2016-10-13 15:44:27,2016-11-29 00:00:00
03ffce741877a000ca0fb3520673d4c4,e937151346d1bec664f5b80cd798bdd2,delivered,2016-10-05 15:17:57,2016-10-06 16:02:36,2016-10-15 12:39:28,2016-10-25 20:28:33,2016-12-09 00:00:00
cda873529ca7ab71f677d5ec11a40304,76c74aaff2f3f7355f46d9818ad092b8,shipped,2016-10-05 16:57:30,2016-10-06 15:52:49,2016-11-14 11:14:39,,2016-12-01 00:00:00
2d9e3c3c7f0f3ba8a8fa3db2f1211ceb,6b79d5d9914b88e0e05a19e76dfe926b,delivered,2016-10-05 17:09:07,2016-10-06 15:50:35,2016-10-31 14:36:53,2016-11-07 13:55:07,2016-11-29 00:00:00
cb2b577a4ebd84bf84ff3990084d490f,ebd67b458c0b8b23fa5d869779adc761,delivered,2016-10-05 17:11:49,2016-10-06 15:54:57,2016-10-30 15:14:54,2016-10-31 21:41:43,2016-11-29 00:00:00
ca3b8093576a51bea61c9782c7771f62,4ab07666a1b8ff428bda51600a94f753,delivered,2016-10-05 17:14:27,2016-10-06 16:02:42,2016-10-21 16:33:31,2016-10-24 16:33:31,2016-11-25 00:00:00
8729a8f7c27d03afe731463091711489,11ec73ddb032be97ae8f0219cce6cfa3,delivered,2016-10-05 17:16:17,2016-10-06 15:52:09,2016-10-30 14:02:20,2016-11-01 18:18:59,2016-12-01 00:00:00
2fd1c83dd4714cf3cf796fffb6c8de62,7f51c513004ef3f35e834c142f286778,unavailable,2016-10-05 17:21:29,2016-10-06 15:55:40,,,2016-11-29 00:00:00
1612081119e8f23745698ad3367cc14b,20d32833d8983a835cafcd54099631a0,unavailable,2016-10-05 18:06:48,2017-04-11 15:17:38,,,2016-11-17 00:00:00
14b01335f19b97fce1437168032ae388,10d74e1a3adaeada0d8da4a2b2891cc3,delivered,2016-10-05 19:09:33,2016-10-06 15:59:18,2016-10-15 12:26:22,2016-10-18 20:37:33,2016-11-29 00:00:00
cf47ad2fb60cae3f74b943646f685c94,053716fea805d6b29d6f8b6113fefe4d,delivered,2016-10-05 20:09:05,2016-10-06 15:44:36,2016-10-15 12:40:42,2016-10-24 18:11:32,2016-12-09 00:00:00
f7886facb594e65f0c41cdbb0583b560,a6d276e9c75cfeb2db5ddec9add0565e,delivered,2016-10-05 20:20:57,2016-10-07 02:48:30,2016-10-14 23:21:18,2016-10-20 18:14:50,2016-11-29 00:00:00
5da2004d85f2828349d887c989da2adc,95f592086150f0c95d3082aea047b816,delivered,2016-10-05 20:20:59,2016-10-07 02:48:26,2016-11-21 10:23:41,2016-11-26 08:16:49,2016-11-29 00:00:00
389815397a4bcdf3dcf64b90c25b3140,3a47005be3c2748d25859444f49b0048,delivered,2016-10-05 20:36:39,2016-10-06 16:02:59,2016-10-10 16:03:01,2016-10-16 17:51:52,2016-11-29 00:00:00
2ce9683175cdab7d1c95bcbb3e36f478,b2d7ae0415dbbca535b5f7b38056dd1f,invoiced,2016-10-05 21:03:33,2016-10-06 07:46:39,,,2016-11-25 00:00:00
64f5569ef96004a1e1137bdf28fd4c45,abd49ba4cf56e622b951f281361f56ad,delivered,2016-10-05 21:10:56,2016-10-06 15:59:50,2016-10-30 13:27:40,2016-10-31 13:27:40,2016-11-29 00:00:00
b330d4bdde86ff11a726ee57dd2a7d75,dfac72372f9e21b7edd69eddd81c7b63,delivered,2016-10-05 22:24:40,2016-10-06 16:06:05,2016-10-14 18:31:23,2016-10-17 19:31:23,2016-11-25 00:00:00
85841af0d94e5d0cd3a9c0e42e565b74,603dd05a409bcfe63ca922996c72bdfb,delivered,2016-10-05 22:39:46,2016-10-06 16:03:32,2016-10-10 16:03:33,2016-10-13 16:03:33,2016-11-25 00:00:00
d3c8851a6651eeff2f73b0e011ac45d0,957f8e082185574de25992dc659ebbc0,processing,2016-10-05 22:44:13,2016-10-06 15:51:05,,,2016-12-09 00:00:00
799dc0fd216e2a8e571a2684ddb6f940,f3fecb293f31350518ee2ac197202282,canceled,2016-10-05 22:49:57,2016-10-06 15:54:47,,,2016-12-23 00:00:00
27c7c6aa7b6f3de99d2a3a64674d296f,f7b55e33b283db33596d6be05d796448,delivered,2016-10-05 22:53:45,2016-10-06 16:03:31,2016-10-15 10:12:45,2016-10-18 20:14:38,2016-12-01 00:00:00
7a36fa82d4bcff7d936c10be470b9c8e,bfebb91e718433a55143ee450423c983,delivered,2016-10-05 23:14:34,2016-10-07 03:12:09,2016-10-14 23:21:27,2016-10-19 20:57:33,2016-12-05 00:00:00
62246c16a32a0866943f17d7b42db940,6443519fe0538b895632d5d7817aaff3,delivered,2016-10-06 00:06:17,2016-10-06 15:58:16,2016-10-21 16:30:18,2016-10-31 09:45:54,2016-12-02 00:00:00
f69ae31bce06a78d626762b53067c7e0,08c95eb831d93a76079d7e24a117db29,invoiced,2016-10-06 00:12:47,2016-10-06 16:03:56,,,2016-12-02 00:00:00
2e32dea8a4d1ae5499a67674b387bc6a,7fd973e7865ee210512c6222d387e7aa,delivered,2016-10-06 02:53:39,2016-10-06 15:53:39,2016-10-21 16:32:48,2016-10-27 14:02:34,2016-11-28 00:00:00
d0fc18b01244d3a08b0fd12deede8201,da70cbcb5012f2055b4f2c90d28725fc,delivered,2016-10-06 07:08:15,2016-10-07 03:09:23,2016-10-21 16:18:05,2016-10-31 11:27:54,2016-11-30 00:00:00
1970f2fb4b83ff962a75b064abc37f4c,45b5b5e9424ca746ad6a3161de453e00,delivered,2016-10-06 07:53:10,2016-10-07 02:47:36,2016-10-21 16:32:32,2016-10-28 10:24:36,2016-11-30 00:00:00
2631dba338efbcea9c3ace77ce210c01,8e941206a8be5ff6eff0de04fa1629e5,delivered,2016-10-06 08:28:19,2016-10-06 15:49:04,2016-11-30 10:53:48,2016-12-15 13:35:55,2017-01-09 00:00:00
f781dacd75aa73166785a35929546894,6fa16a8d44a2d9a89710e9758688c7f2,delivered,2016-10-06 08:58:04,2016-10-06 16:08:04,2016-10-28 14:12:59,2016-11-08 13:08:37,2016-11-28 00:00:00
ab8e5f9b860cd703f5f647200c2c7b58,ddd605e2739b3dfa7ad248ba164ff869,delivered,2016-10-06 09:07:52,2016-10-06 15:53:38,2016-10-21 14:23:38,2016-10-31 21:42:17,2016-12-02 00:00:00
a241bea87dcdd0160ca94ebdba5bdbb9,b031d0752ca02dd1a780af8278140571,delivered,2016-10-06 09:22:35,2016-10-06 16:03:06,2016-10-10 16:03:06,2016-10-13 16:03:06,2016-11-28 00:00:00
f205336be829af209878b6339cf02c7e,bea482168e59ee99ecadacecb808d058,delivered,2016-10-06 09:59:13,2016-10-06 15:56:43,2016-10-21 11:36:05,2016-10-27 17:55:56,2016-11-30 00:00:00
1c4cafd25254eee31c8c9b8c141fb10a,b03bfe9da81252f5e3b39196ba3518c0,delivered,2016-10-06 10:12:12,2016-10-06 16:01:15,2016-10-21 16:38:22,2016-10-27 11:43:40,2016-12-06 00:00:00
7cb5aaf8b7b7b439174c2e4efdf4c7a3,c54f3adc4e82b43d49101975a9bedb2c,delivered,2016-10-06 10:13:53,2016-10-06 16:07:50,2016-10-30 14:58:48,2016-11-07 13:14:44,2016-11-30 00:00:00
05bfcf9e287cad216cadb8a850f8db5c,51cc1e38d0489d588d7a687da73b2458,delivered,2016-10-06 10:47:15,2016-10-06 16:05:51,2016-10-30 10:54:35,2016-11-07 11:18:58,2016-11-30 00:00:00
1b2d622f7ebb8e65f7de3e389f052540,0dc0162bbe9965694a426d8c6f1a56fb,delivered,2016-10-06 11:05:43,2016-10-06 15:51:13,2016-10-10 15:51:13,2016-10-27 08:14:36,2016-11-28 00:00:00
59fa27082bb77c5dbd8a6568f3b34380,1013b3cb87e89aa951b7f556f8c26d33,delivered,2016-10-06 11:32:00,2016-10-06 16:05:17,2016-10-30 14:37:41,2016-11-01 15:04:41,2016-11-28 00:00:00
f31853a4f30d4851c847e4494663e749,ed7a6b3de20e5e5593996b3605307300,delivered,2016-10-06 12:21:47,2016-10-06 14:21:55,2016-10-15 12:52:21,2016-10-24 20:55:37,2016-11-30 00:00:00
dc91dbf7defabdf37c52672a989bad1b,63b1c99583effeec017dd7546c6a97ae,delivered,2016-10-06 12:22:07,2016-10-06 16:00:13,2016-10-26 11:49:34,2016-10-27 05:38:36,2016-12-02 00:00:00
35b8e54d765e6b217e2dc5ab34f6b323,1aaa5eaa9dd9bafb385aadc1930ef8e4,invoiced,2016-10-06 12:23:07,2016-10-07 03:10:10,,,2016-11-30 00:00:00
b8b9d7046c083150cb5360b83a8ebb51,ec271753df25bad1135a375ed6d7f113,delivered,2016-10-06 12:51:54,2016-10-06 16:05:19,2016-10-15 12:24:17,2016-10-18 13:24:17,2016-11-28 00:00:00
d743f434cc2921729af830ce00d474b3,407136bd5649e73981dce394b201897d,delivered,2016-10-06 13:02:32,2016-10-06 16:00:00,2016-10-15 12:24:13,2016-10-24 18:13:49,2016-11-30 00:00:00
aef214f769de82d355c5d2ab49e15891,d83a72326816260884edd05238aaa508,invoiced,2016-10-06 13:07:13,2016-10-06 16:03:13,,,2016-12-02 00:00:00
9aa3197e4887919fde0307fc23601d7a,31a4ecf0bd3ea9436b7132bac1a1bdb3,delivered,2016-10-06 13:16:56,2016-10-06 16:06:59,2016-10-14 18:08:17,2016-10-17 19:08:17,2016-11-28 00:00:00
c549f0d88f33bfe43351b893f1fb55ac,ea26950075411d4c3569a71853ee7388,canceled,2016-10-06 13:21:05,,,,2016-11-16 00:00:00
dbbbc904081f8e928028432e2e3d7686,1d34ed25963d5aae4cf3d7f3a4cda173,canceled,2016-10-06 13:24:15,2016-10-07 10:16:33,,,2016-12-14 00:00:00
54bb06e1ca86bd99ee2a8d6288bf4ede,98bfbf477ed9f40a0264f5e527a446be,unavailable,2016-10-06 13:38:39,2016-10-06 14:22:19,,,2016-12-12 00:00:00
11837ac14fcdfb163c0b78d91be89498,96fc2a988f8ec40a078ab92f1623bdd4,delivered,2016-10-06 13:39:20,2016-10-06 14:22:12,2016-11-01 14:32:03,2016-11-16 10:54:00,2016-12-02 00:00:00
60856ac7677a70cd87ad25d9b34d051b,bf3143805b420affe47047794eae0872,invoiced,2016-10-06 14:36:59,2016-10-06 15:41:47,,,2016-11-28 00:00:00
262118ce178bb3e4590a3adcf6d62e6b,2a69da30b726b7f3db7f1059af5d4304,delivered,2016-10-06 14:59:56,2016-10-07 12:13:49,2016-11-17 08:27:59,2016-11-17 16:23:46,2016-11-30 00:00:00
b1d88d1e4179448cac98b8d433e23316,65d08e2bfce2c91a832885c4995025de,delivered,2016-10-06 15:14:09,2016-10-07 03:14:14,2016-10-26 11:51:17,2016-10-27 12:27:36,2016-12-02 00:00:00
10d1e90a86d2be981a52b6a927c97dc5,6b3ed42b480bc5831a094f35dc11b668,delivered,2016-10-06 15:19:40,2016-10-07 10:11:30,2016-10-26 14:11:25,2016-11-07 16:26:10,2016-12-12 00:00:00
4eca6c2d172953276c75dd0e1bedce25,8f3419df1806ae4718c94209d5fed4ea,delivered,2016-10-06 16:13:30,2016-10-06 16:51:46,2016-10-10 16:51:46,2016-10-13 16:51:46,2016-11-28 00:00:00
b7026ba7432929d99880463305b8ce98,dd0cb909d16aa0eecf68d37defbb7f7f,delivered,2016-10-06 16:17:56,2016-10-06 16:52:11,2016-11-04 16:33:54,2016-11-10 15:14:34,2016-12-06 00:00:00
edb2a55c055efbb898171ec9fd840ab9,193fc54759c7948c87e0795ada003c69,invoiced,2016-10-06 16:34:16,2016-10-06 17:11:59,,,2016-11-28 00:00:00
ed90ba41c41da31da8e891ff43a584d1,51d9009f107df3256dcb608b5cb40a7c,delivered,2016-10-06 16:43:26,2016-10-07 15:59:09,2016-10-11 15:59:10,2016-10-14 15:59:10,2016-11-28 00:00:00
7d0eb8de17d494f4151e4470cd1b0605,80a9f7586c30dab1b6cf315b01f20174,delivered,2016-10-06 17:10:05,2016-10-06 17:53:05,2016-10-14 18:29:03,2016-10-17 19:29:03,2016-11-28 00:00:00
2276cb38c742033aac3f4a4d67b57ab3,39ecef3d8a542ee6b91e7bfd7e9a6b87,delivered,2016-10-06 17:42:49,2016-10-06 18:11:59,2016-10-30 11:38:48,2016-10-31 11:38:48,2016-11-30 00:00:00
1add1aa4c6e709fd74a4eb691a9fc6bc,076a5ddb5b1240c532093a399dcb47f5,delivered,2016-10-06 17:45:30,2016-10-07 08:29:50,2016-10-11 08:29:50,2016-10-14 08:29:50,2016-12-06 00:00:00
ac00d3859c095d282f6bef69e0ed1b38,503d0a7d55227b38ccce96ec23251f5a,delivered,2016-10-06 18:03:01,2016-10-06 18:32:03,2016-10-14 18:00:00,2016-10-15 18:32:03,2016-12-20 00:00:00
509a52223ecac6d67fb765b3b37c6974,efc07f50d0a9346ec00e1c37b5b10748,delivered,2016-10-06 18:11:11,2016-10-06 18:50:35,2016-10-21 16:23:01,2016-10-26 12:21:06,2016-12-08 00:00:00
0e556f5eafbf3eb399290101b183b10e,198b639c2da0e7f71ae2b720ad67f47d,delivered,2016-10-06 18:50:25,2016-10-06 19:31:39,2016-10-10 19:31:39,2016-10-13 19:31:39,2016-12-02 00:00:00
3d58fd1ee438a43f2a826dda6b013519,96c492da7645ca77d09a59b20d415cfe,delivered,2016-10-06 19:33:34,2016-10-07 10:13:16,2016-10-21 16:21:57,2016-10-24 16:21:57,2016-12-06 00:00:00
d2945e686c883978378a10e49be7fb24,73cb441c896a460a30affe43bff3df82,delivered,2016-10-06 19:38:12,2016-10-07 10:11:09,2016-10-14 23:21:11,2016-10-18 18:34:50,2016-11-28 00:00:00
323dad8c483c7f8b818a825d257f4aa0,021833e9737a1145b5a6e3053f0f4329,delivered,2016-10-06 20:05:04,2016-10-07 10:16:03,2016-10-11 10:16:04,2016-10-14 10:16:04,2016-11-28 00:00:00
e2144124f98f3bf46939bc5183104041,bd0342f59a3b8ddc416bd048b2b5d0fb,delivered,2016-10-06 20:06:26,2016-10-08 11:00:24,2016-10-12 11:00:25,2016-10-15 11:00:25,2016-11-28 00:00:00
6ece326e25f193d084e3dc092bbdd93b,3f63878c497f2703038d3eb23f8516b0,delivered,2016-10-06 20:15:20,2016-10-06 20:50:33,2016-10-21 16:17:54,2016-10-24 16:17:54,2016-11-30 00:00:00
9bd5312d12f48b04a460f702baff3d8c,4d145fd1d3245cbb3697dd41b4bcf19b,canceled,2016-10-06 20:43:30,,,,2016-11-16 00:00:00
0d9664d8da1dc4337269071b39e19423,64c17343b6c53ee761fd232e84384848,delivered,2016-10-06 22:00:27,2016-10-06 22:37:21,2016-10-10 22:37:21,2016-10-27 13:36:27,2016-11-30 00:00:00
1a2b0033f0b7a3116f00594ec5524344,e76d70baaf2e6bf919577966bdc5ce8f,delivered,2016-10-06 22:23:25,2016-10-06 22:58:22,2016-10-17 23:58:23,2016-10-20 23:58:23,2016-12-20 00:00:00
517e0a52c193102990befc46a5c5245a,a998e828a104504f72ceb338f92043b6,delivered,2016-10-06 22:34:03,2016-10-06 23:11:27,2016-10-15 12:24:09,2016-10-18 20:23:49,2016-11-28 00:00:00
ce9840efc17fbec501472f7c784be1bf,950c3e2b1eab245ac9e26cf96a1c6a23,delivered,2016-10-06 23:21:10,2016-10-06 23:53:18,2016-10-21 16:25:50,2016-10-24 16:25:50,2016-11-30 00:00:00
4dd47e84e6b8ff4a63d0b8425e6d788e,96bbcbc8372c86da857d842dfda6bd72,unavailable,2016-10-06 23:49:18,2016-10-07 01:09:08,,,2016-11-24 00:00:00
5cd498954e2b37d71b315166809b4bd7,ff1a56726b7ea149c7423865609cc0c8,delivered,2016-10-07 00:54:40,2016-10-08 03:56:15,2016-10-25 11:35:52,2016-10-27 17:32:07,2016-12-01 00:00:00
05c7d88e9c05e1fa1428f1ff2dcc29da,98661b627038780e9e655a56ebc23dc6,delivered,2016-10-07 02:41:42,2016-10-07 03:15:06,2016-10-30 13:18:00,2016-11-03 09:13:52,2016-11-29 00:00:00
835bf4777ad72891587719f1098e3528,dbfc2fb6a9424037815a3a887c10be61,delivered,2016-10-07 08:28:29,2016-10-07 09:09:12,2016-10-11 09:09:13,2016-10-14 09:09:13,2016-11-29 00:00:00
e90f9a57c17a06b37c5830a2ab1bd209,edf0b9f3196ff6f4702be2d540f684d4,delivered,2016-10-07 08:28:42,2016-10-08 04:17:21,2016-10-12 04:17:21,2016-10-15 04:17:21,2016-12-07 00:00:00
eb45ce36240dbf895bef98be0d1a85d3,80a46d4f35bf6a44fb4194ff13d945c9,invoiced,2016-10-07 08:49:03,2016-10-08 09:30:22,,,2016-12-09 00:00:00
8e7ef380ad5ae407dffbe2f0826cae73,924743e5e7df4683b9f051c4b9961e9e,delivered,2016-10-07 09:33:06,2016-10-11 05:02:41,2016-10-15 05:02:45,2016-10-18 06:02:45,2016-12-01 00:00:00
9315757eaf0e782619bed131508dbddb,93d8e0590f3a63f34c9506149982618b,delivered,2016-10-07 09:41:02,2016-10-07 10:44:54,2016-11-03 08:37:50,2016-11-07 08:45:43,2016-11-29 00:00:00
76458889992169d3135b264dc13aec67,999196dca58a3db3d966d8f148532010,delivered,2016-10-07 10:05:16,2016-10-07 11:24:43,2016-10-26 11:43:06,2016-10-20 18:03:17,2016-11-29 00:00:00
5fe46d14177744ae2180101ce19bb414,8dcc5cd0569e6c1cfd0444e4a26419d4,delivered,2016-10-07 10:06:58,2016-10-07 11:39:34,2016-10-15 10:32:35,2016-11-01 16:37:59,2016-12-09 00:00:00
7ac6f4778cd283c6b76c66fe1e0d4431,ed8be358abd6a8b37ba8cc9d485e7bbb,delivered,2016-10-07 10:11:42,2016-10-07 11:22:48,2016-10-15 12:38:53,2016-10-18 17:21:51,2016-12-05 00:00:00
676157c2d1075c88ea0009f8d7d2d389,f6d0beda15d742eb9351737ba24ec199,delivered,2016-10-07 10:18:50,2016-10-07 11:55:27,2016-10-21 12:25:59,2016-11-09 11:51:28,2016-12-13 00:00:00
f688669f48063536e082bb32d634cd46,691d28310063e5b36b732b117f2bcfc0,delivered,2016-10-07 10:28:56,2016-10-11 04:56:13,2016-10-21 18:02:40,2016-10-20 20:33:27,2016-11-29 00:00:00
1dd1d53c1ea5df0ef093bf150807315f,9cf0657bb79b3c818fd37100f4526d8d,delivered,2016-10-07 10:44:21,2016-10-11 04:56:51,2016-10-30 12:13:44,2016-10-31 12:13:44,2016-12-01 00:00:00
5c973d2b4652e1dec15353b59339f3b4,8a863458d761a9b40faba0ea98094eb9,delivered,2016-10-07 10:45:48,2016-10-07 12:13:51,2016-10-11 12:13:52,2016-10-14 12:13:52,2016-11-25 00:00:00
7d7bf3ee337c36ce012762da5f28f53a,75435919ec1c2171f20033e15cbaf004,invoiced,2016-10-07 10:46:03,2016-10-07 12:14:45,,,2016-12-01 00:00:00
02190241f7190a1f3c7e0df95a749c6a,55c9044401ffab0c717f24405e2e042f,delivered,2016-10-07 10:52:22,2016-10-08 04:44:22,2016-10-21 12:47:02,2016-10-27 09:37:52,2016-11-29 00:00:00
640aef9709beda161ca0b5af58ac437c,cf10056dcb7d1fb5322dd86d12936557,delivered,2016-10-07 10:57:46,2016-10-11 05:03:01,2016-10-21 10:28:24,2016-10-27 12:41:31,2016-12-01 00:00:00
f7310018040436b01ab03f81b301b5de,efec125e0fd56164c37c9f1e1c804cd7,delivered,2016-10-07 11:20:34,2016-10-07 12:14:56,2016-10-11 12:14:57,2016-10-14 12:14:57,2016-11-29 00:00:00
a8846701b9f3e21e64c9062ed3f4dfd7,814d58f5b1b9829ab9a1d690b13dba62,delivered,2016-10-07 11:33:35,2016-10-07 12:15:23,2016-10-11 12:15:24,2016-10-14 12:15:24,2016-12-05 00:00:00
6ef172eee30cfbfa01516ce2eb2ee68f,506a9747164ba320cf874723aad41c23,delivered,2016-10-07 11:37:12,2016-10-08 03:51:24,2016-10-12 03:51:25,2016-10-15 03:51:25,2016-11-29 00:00:00
06d7e8a85f5cfef576c5303ed7d7f2e5,57108de6e1cf238dfd0ed00e3d878096,delivered,2016-10-07 12:06:30,2016-10-07 12:36:07,2016-10-15 12:33:48,2016-10-19 18:51:24,2016-12-01 00:00:00
032cf17f7a713287e46999fddea6051b,7ec44117b7760d297447f1cff2a10967,canceled,2016-10-07 12:21:07,,,,2016-11-17 00:00:00
fd4b04818375a4ba579a80c8d37f1b24,9ebd9edc6854d388eb4a9d1283acdf96,delivered,2016-10-07 14:15:50,2016-10-07 14:31:43,2016-10-15 10:31:37,2016-10-19 00:47:36,2016-12-01 00:00:00
95d31d53ccc53bca2c13fcd535d67526,345243f3e37e32114d9cf17eb7a11c29,delivered,2016-10-07 14:40:45,2016-10-07 14:52:25,2016-10-15 12:33:31,2016-10-18 01:37:54,2016-12-05 00:00:00
98beb6d036255a151fd6d5000ad66da8,cb97139155fd2220668ff63d8e970c64,delivered,2016-10-07 14:42:07,2016-10-11 04:56:36,2016-10-15 04:56:37,2016-10-18 05:56:37,2016-12-01 00:00:00
555761ab2426364f42e9e018047df4e0,f5389cd0ee02b3476058b95446ebc174,delivered,2016-10-07 14:42:24,2016-10-07 14:52:04,2016-10-11 14:52:05,2016-10-31 10:44:43,2016-12-05 00:00:00
770d331c84e5b214bd9dc70a10b829d0,6c57e6119369185e575b36712766b0ef,canceled,2016-10-07 14:52:30,2016-10-07 15:07:10,2016-10-11 15:07:11,2016-10-14 15:07:11,2016-11-29 00:00:00
f716dffba1232aaef7c899fb8c14db97,cf5112cc5129776cc69c956dc265a5f7,delivered,2016-10-07 15:12:40,2016-10-07 15:59:25,2016-10-11 15:59:26,2016-10-14 15:59:26,2016-11-25 00:00:00
0efd0bc268d34da3f01f4ff25a6d4335,95446917717bb58d553d107d0f1668f6,shipped,2016-10-07 15:53:31,2016-10-07 16:12:22,2016-10-11 16:12:23,,2016-12-13 00:00:00
96123b9ae5a9cdfd4efe5fe402a94675,7615536f9443d90e9971a9002fd9abf5,delivered,2016-10-07 16:50:52,2016-10-08 04:27:44,2016-10-12 04:27:44,2016-10-27 10:07:30,2016-12-05 00:00:00
c78634fb21ecbb54b2b2498a660082ac,7c72a0cfc64d38509b262a4e85c84d9a,delivered,2016-10-07 16:56:35,2016-10-07 17:32:43,2016-10-21 11:47:21,2016-10-26 15:27:35,2016-11-29 00:00:00
19feb5627c41ea1b36a8e50a469b3644,b8097c8f0c1f58ab56a53812a446a898,delivered,2016-10-07 17:09:56,2016-10-07 17:32:09,2016-10-26 11:42:05,2016-10-20 19:07:54,2016-12-01 00:00:00
50f357099566f1be7abfaf8d9dc5b004,04356ca5b944f7a92d6b103bdb44268a,delivered,2016-10-07 17:13:42,2016-10-07 17:31:48,2016-10-21 16:34:06,2016-10-24 16:34:06,2016-11-29 00:00:00
021d08e4057e5b6414c8d2f69f4f72a0,7470a1ddb5f78a811fbef15b2556781b,delivered,2016-10-07 17:37:49,2016-10-07 18:01:40,2016-10-25 12:05:58,2016-10-30 01:25:57,2016-12-19 00:00:00
1a47da1d66c70489c8e35fe2b5433ab7,3d8e326c3cef3a9bba7ca121baac5fc3,unavailable,2016-10-07 18:16:31,2016-10-07 18:53:48,,,2016-12-07 00:00:00
119d2d80c921d5b4806a1b19b4e8c531,e15daad9efaafb0d4d10043c9ca77e7b,delivered,2016-10-07 19:02:48,2016-10-07 19:29:12,2016-10-11 19:29:13,2016-10-14 19:29:13,2016-12-01 00:00:00
376cc9a8f827d17966ea7c4b182f4426,e9a5cb5d9783e1fc38e23730ff24c51d,delivered,2016-10-07 19:16:49,2016-10-07 19:28:39,2016-10-11 19:28:40,2016-10-14 19:28:40,2016-11-29 00:00:00
063b573b88fc80e516aba87df524f809,285195a5b585842e25bd1ef9015a8413,shipped,2016-10-07 19:17:00,2016-10-07 19:29:20,2016-10-30 10:23:36,,2016-12-01 00:00:00
24523db64c1af3f40f27cb4416fa5ea6,a6070315382f5f1e536be705f64ab209,delivered,2016-10-07 21:19:32,2016-10-07 21:32:41,2016-10-15 12:49:02,2016-10-20 00:47:34,2016-12-01 00:00:00
5bda3e4d7080c484cd646a53165a7892,e4c44f8397c63555e4d0b11f4e7addc5,delivered,2016-10-07 21:30:12,2016-10-07 21:59:02,2016-11-11 09:57:36,2016-11-16 23:47:37,2016-11-29 00:00:00
a909c24a30d5a05204ecb7ef3f11e321,378149ca89a5e5020931071114dd8865,delivered,2016-10-07 21:50:26,2016-10-07 22:15:32,2016-10-11 22:15:33,2016-10-14 22:15:33,2016-12-05 00:00:00
e439ced3d48f1a77f6ecc029cc946a6f,e9c6723e04c4e53e7e9c3afe383f3866,delivered,2016-10-07 22:35:59,2016-10-07 22:59:53,2016-10-15 10:31:09,2016-10-25 21:15:45,2016-12-01 00:00:00
45973912e490866800c0aea8f63099c8,912f108a7026f25f99240a5c4c60e2c3,shipped,2016-10-07 22:45:28,2016-10-07 22:58:37,2016-10-26 13:18:16,,2016-12-01 00:00:00
7254ba1421bac35de5d5da660715bf0e,65e1faa1535d1b4ca089fd7b9e84b5b3,delivered,2016-10-07 22:46:51,2016-10-07 22:59:23,2016-10-26 11:41:50,2016-10-28 12:11:38,2016-12-01 00:00:00
1069874467b6a425853288c450f68fc9,cee53b7d3dd56da687a4fa61c6ce8d32,delivered,2016-10-07 22:51:32,2016-10-07 23:13:46,2016-10-11 23:13:46,2016-10-28 13:51:23,2016-11-29 00:00:00
7559c51df991c6861e6a8be5fb1e3751,494622d8ca78370960fce737e9ad15c9,delivered,2016-10-07 23:18:38,2016-10-11 05:02:26,2016-10-14 18:00:00,2016-10-26 14:47:42,2016-12-01 00:00:00
bc0e0c28cbe995798d3afb7c7c75d269,a9dc96b027d1252bbac0a9b72d837fc6,delivered,2016-10-08 01:28:14,2016-10-08 03:19:09,2016-10-14 17:39:46,2016-10-17 18:39:46,2016-12-02 00:00:00
6335afd8e6b7eb0ebc8bb71ea0008f6f,d96619b47e477e6bcc377bb89f2ddaee,delivered,2016-10-08 02:18:43,2016-10-10 11:03:05,2016-10-14 11:03:07,2016-10-17 12:03:07,2016-11-30 00:00:00
6ad644c08b98d152d28f183097633d41,8b822fa56bbe10f4f14af6500eeed98b,delivered,2016-10-08 04:01:53,2016-10-08 05:07:44,2016-10-15 10:13:50,2016-10-20 21:12:42,2016-11-30 00:00:00
7fd4b0e047195ca197c3660772a8d8c0,fc253202cb10b4a99ac862321a854858,canceled,2016-10-08 07:02:33,2016-10-18 15:19:10,,,2016-11-18 00:00:00
57c0b0276ce0eaf721a4424bf077ce8b,680043a09260a212d1dec021dd1efadc,delivered,2016-10-08 08:05:21,2016-10-08 09:03:40,2016-10-12 09:03:41,2016-11-09 13:41:20,2016-12-14 00:00:00
38c5c2886f2aab75bb1ae3f79a3f300d,6676a459c2b773481c9dacde3c44c680,delivered,2016-10-08 08:25:32,2016-10-08 09:10:46,2016-10-12 09:10:47,2016-10-26 12:05:38,2016-11-30 00:00:00
e4ccaabafa125b3b39a9331b0abced9d,b75d72658f51cfc274b14adf1446590a,delivered,2016-10-08 09:50:08,2016-10-08 10:54:31,2016-10-24 15:18:48,2016-10-25 15:18:48,2016-11-30 00:00:00
84d8cb80e8228cbea6d970499c3ce3c3,2bea781be88980e68fb5bbac765fccdb,delivered,2016-10-08 09:55:44,2016-10-08 11:04:01,2016-10-26 23:51:13,2016-10-27 23:51:13,2016-11-28 00:00:00
1e8c2b738fde51956f03f1a59bc86003,7df232c2148f611e1be8e3fd383599e0,delivered,2016-10-08 10:07:25,2016-10-08 11:04:57,2016-10-21 09:30:22,2016-11-04 14:32:04,2016-12-14 00:00:00
82e4f033f60598903866557d89c9c042,97f4b6e455ba303fbf1dfea62b8b6f61,delivered,2016-10-08 10:26:41,2016-10-08 11:02:40,2016-10-12 11:02:41,2016-10-28 14:11:26,2016-12-14 00:00:00
5f4c8250b9e6ee47971e0b19da4aa0f2,14a2912b7f370c345cebcda474774f55,delivered,2016-10-08 10:31:00,2016-10-08 11:12:53,2016-11-09 11:34:00,2016-11-18 16:05:46,2016-12-06 00:00:00
e2ea01f68f92f0c55b08ca739af834b6,258c52543b8045fe23644c47a645c9fb,delivered,2016-10-08 10:55:44,2016-10-11 05:02:59,2016-10-25 11:33:52,2016-10-27 10:58:35,2017-01-11 00:00:00
e9555dc20eba7e4e62210df1f438ea00,a69ec5f1dbf0907aecdb6eb748f70036,delivered,2016-10-08 11:33:25,2016-10-08 13:19:54,2016-10-12 13:19:54,2016-10-15 13:19:54,2016-12-06 00:00:00
ed83f6065ae47112c8cfbd22e231b6d8,39f51cf31b3d2266b99005da1b5d5b79,invoiced,2016-10-08 11:47:15,2016-10-08 13:24:51,,,2016-11-30 00:00:00
df30f88407baa98218b16abe7032899a,705ea3eb85deaed8f68356890e5e3c7d,delivered,2016-10-08 11:50:02,2016-10-08 13:22:12,2016-10-12 13:22:13,2016-10-15 13:22:13,2016-12-06 00:00:00
3c3ca08854ca922fe8e9cedfd6841c8a,88c36fbd3df96094f90f0315e1d2dd90,unavailable,2016-10-08 12:13:38,2016-10-08 13:21:35,,,2016-11-30 00:00:00
123e27a1a4d0b2481d8618ac3dff7d4e,1fe4c3902c5bd6510a869b3d4fd3843b,canceled,2016-10-08 12:44:32,2016-10-18 15:19:08,,,2016-11-18 00:00:00
08edff712f0cd04883215bdb5b0d7c7f,230787cbf8da57cbd10d7c223cde6f1f,delivered,2016-10-08 13:54:03,2016-10-08 16:34:43,2016-10-12 16:34:44,2016-10-15 16:34:44,2016-11-30 00:00:00
b582532527260a8be949eac9f4d0ccff,bce63020814afdf2717e3c9b9ff1534e,delivered,2016-10-08 14:31:26,2016-10-11 04:56:46,2016-10-15 12:39:15,2016-10-24 05:05:30,2016-12-14 00:00:00
67418605ab8f9414a2e238bbcdde1312,bbd6d73964cf368d685856fc8cb04534,delivered,2016-10-08 14:48:08,2016-10-08 18:34:07,2016-10-12 18:34:07,2016-10-15 18:34:07,2016-11-30 00:00:00
9d664ec86be69d869bb6870294c4fdd8,0a9ee4d9030acbe428769c79d0c4da69,delivered,2016-10-08 15:02:10,2016-10-08 19:55:50,2016-10-12 19:55:50,2016-10-31 11:35:45,2016-12-12 00:00:00
8c78d01de3a9009e23d6877a7cc9be20,6cd7106899e59a1fbd0622d5f1efedf4,delivered,2016-10-08 15:36:50,2016-10-08 18:13:44,2016-10-26 11:41:53,2016-10-25 17:51:46,2016-11-30 00:00:00
b157079a62d77688a0f66043aa1f0306,7bea2f07ef082a136c0fd7d455c8e142,delivered,2016-10-08 15:42:14,2016-10-08 18:54:23,2016-10-12 18:54:23,2016-10-15 18:54:23,2016-12-02 00:00:00
deb08269080b64b8e69bcd06b808889a,2605d144097120a05a112c61bd1c4397,delivered,2016-10-08 15:47:56,2016-10-11 01:01:29,2016-10-14 18:00:00,2016-10-15 01:01:29,2016-11-30 00:00:00
ed3d575bd3358123b063ee64cdecdef5,7591ab894fb4a47debe5beef968b6804,delivered,2016-10-08 16:02:07,2016-10-08 20:38:25,2016-10-12 20:38:26,2016-10-15 20:38:26,2016-11-30 00:00:00
6b5e619dedba6d4297fb10dd5886912f,9ff88efe6c5c047c8894c5e6c2cd206f,delivered,2016-10-08 17:43:25,2016-10-13 21:09:05,2016-10-17 22:09:06,2016-10-20 22:09:06,2016-11-30 00:00:00
d868cf92a5a1305fc7277c60062e81ac,5f767a0a4e820c2361c11dab364d3f98,delivered,2016-10-08 17:43:26,2016-10-13 21:09:06,2016-10-24 18:23:40,2016-10-26 12:58:25,2016-12-14 00:00:00
bd726a1bcd046edd7019cee8a66245f7,85a0cc8a137bc4c700f160c817467671,delivered,2016-10-08 18:39:08,2016-10-11 11:02:21,2016-10-14 18:00:00,2016-10-15 11:02:24,2016-12-02 00:00:00
c98b0fbac2717f072d5089e8af088304,1c1e931635c21508c29086be9de9aada,delivered,2016-10-08 18:45:34,2016-10-09 13:57:01,2016-10-13 13:57:02,2016-10-16 14:57:02,2016-11-30 00:00:00
fb5114c39f632a52598cf770c6076620,94b216231ec09ee34764a8d456126328,delivered,2016-10-08 20:02:32,2016-10-09 14:35:35,2016-10-15 10:30:50,2016-10-19 17:31:37,2016-12-06 00:00:00
4723d255a158f5b6c5a872264e3529c5,9c44588abb2a5c2b5bbd40184e3ac0b3,delivered,2016-10-08 20:16:05,2016-10-09 14:55:15,2016-10-13 14:55:15,2016-10-16 15:55:15,2016-12-06 00:00:00
8beb59392e21af5eb9547ae1a9938d06,bf609b5741f71697f65ce3852c5d2623,canceled,2016-10-08 20:17:50,2016-10-09 14:34:30,2016-10-14 22:45:26,2016-10-19 18:47:43,2016-11-30 00:00:00
04bc36cd51141e11c2cbbd188b6e47ca,ab421b93f847af0ef7301421bb36da5e,delivered,2016-10-08 20:28:48,2016-10-09 14:35:21,2016-10-13 14:35:21,2016-10-16 15:35:21,2016-12-02 00:00:00
91c96626f9e13b1b71a1f3e7ed52dd7a,45442979a333bc62efccd8a2481481fe,delivered,2016-10-08 21:04:27,2016-10-09 02:33:03,2016-10-13 02:33:03,2016-10-26 14:33:48,2016-12-14 00:00:00
b533dea24ada4dc5c1a9041d25d7c812,3a4ccb2c6fb972d301b8f9edfbf81fbd,delivered,2016-10-08 21:12:48,2016-10-11 04:56:40,2016-10-21 12:37:01,2016-10-28 16:31:34,2016-12-02 00:00:00
1b122a7be89622f672bb41380a83b69f,a22a8f5ed1ba23d4aca05ed33b2917ac,delivered,2016-10-08 21:37:30,2016-10-11 22:02:13,2016-10-14 18:00:00,2016-10-15 22:02:14,2016-11-30 00:00:00
c8258090bca7cc6a62c1e15d7fd995d4,7155051815aa96d970a1a40583f95e8b,delivered,2016-10-08 21:58:32,2016-10-09 23:48:46,2016-11-01 18:15:52,2016-11-08 14:24:44,2016-12-02 00:00:00
c4e980a1d822db426982878b3cfdda6e,88dc22aad9cf20898eb3780977173dc5,invoiced,2016-10-08 22:06:28,2016-10-09 15:15:10,,,2016-12-12 00:00:00
f9c44da06151c190a9a6c9c712873d10,070db51ef1d6a1bd858c21b03de83e66,delivered,2016-10-08 22:11:57,2016-10-11 15:09:06,2016-10-14 18:00:00,2016-10-15 15:09:06,2016-11-30 00:00:00
3d7e8f32f5b59e005ccfc1076b4040b5,7d2c43741147f86f3242da5baacf1da7,delivered,2016-10-08 22:34:11,2016-10-11 05:02:06,2016-10-14 18:00:00,2016-10-15 05:02:06,2016-12-12 00:00:00
8b160e3e272dcca4665850aae31ae6fd,4773a6473ca23c156f7a69ec38d0eb86,delivered,2016-10-08 22:41:36,2016-10-11 11:02:20,2016-10-21 13:58:38,2016-10-26 15:55:42,2016-11-30 00:00:00
99d3df1714b20b9eb9734e731927379a,89c9e4085217b358939bdfb269edc709,delivered,2016-10-08 23:46:06,2016-10-09 15:57:13,2016-10-13 15:57:14,2016-10-16 16:57:14,2016-12-02 00:00:00
dabf2b0e35b423f94618bf965fcb7514,5cdec0bb8cbdf53ffc8fdc212cd247c6,canceled,2016-10-09 00:56:52,2016-10-09 13:36:58,2016-10-13 13:36:59,2016-10-16 14:36:59,2016-11-30 00:00:00
02a0eb7c22b0616c767a45954a2a28f6,43d9a8df81f815755d9a258f2ee3135f,invoiced,2016-10-09 10:34:58,2016-10-10 08:14:52,,,2016-12-12 00:00:00
552e0a8dae101e32155120202f427b71,d1167e026b86aff77a4599738bf972dd,canceled,2016-10-09 11:23:21,2016-10-10 08:35:12,,,2016-12-12 00:00:00
90bd4466c2905d7b5b56370149e62bcc,f11278c6a8edfe30db8bb9506ecbdff2,delivered,2016-10-09 11:33:12,2016-10-10 00:22:44,2016-10-15 10:09:46,2016-10-21 21:17:53,2016-12-06 00:00:00
0a5d7e24850c68bf00d39bd62a9a45ee,cb544b0c548dbf3e9e52914472d56415,delivered,2016-10-09 11:43:43,2016-10-10 00:23:10,2016-10-21 18:02:19,2016-10-28 06:07:44,2016-12-06 00:00:00
2e8e21db96a8ab922e51cd297678c6b2,6a58b195be76f8ad6544e032b6c7316b,delivered,2016-10-09 12:13:58,2016-10-10 01:16:09,2016-10-25 13:54:41,2016-10-28 14:11:47,2016-12-02 00:00:00
56eb381fff8db8d35134693062514084,b102a37db53345d7eb418649b096f8e8,processing,2016-10-09 12:34:53,2016-10-11 05:03:21,,,2016-12-30 00:00:00
4551b488487e6cfa31f9e35073d3c5d4,dfa7df4afe1ba4c38428bd36cd4444c1,canceled,2016-10-09 12:43:21,2016-10-11 17:16:27,,,2016-12-06 00:00:00
89f586f0cbddc6428831c41c8c333c66,abb98ee37acc21973e1d4464133ddb49,delivered,2016-10-09 12:46:25,2016-10-10 01:55:38,2016-10-14 01:55:39,2016-10-17 02:55:39,2016-12-02 00:00:00
b3aa45b7ba0f950a1b163a9f85f613de,ff4dfb2525a749384a0e31d68625443a,delivered,2016-10-09 13:31:57,2016-10-10 03:15:41,2016-10-15 12:41:12,2016-10-19 19:05:42,2016-11-30 00:00:00
0891b66cbcc48cf64f31ae9cae3d08d8,3c0b720f2a9aebf70b250e73ef4fda63,delivered,2016-10-09 13:57:42,2016-10-10 03:55:40,2016-10-21 18:23:02,2016-10-27 12:54:57,2016-11-30 00:00:00
7e2dddf174cc4d2768bf39c43ab2bd7a,accfbaa1f092fdf6db1d8fcdad351b50,delivered,2016-10-09 15:10:41,2016-10-10 05:54:51,2016-11-03 07:43:55,2016-11-10 09:27:42,2016-12-02 00:00:00
2c45c33d2f9cb8ff8b1c86cc28c11c30,de4caa97afa80c8eeac2ff4c8da5b72e,canceled,2016-10-09 15:39:56,2016-10-10 10:40:49,2016-10-14 10:40:50,2016-11-09 14:53:50,2016-12-08 00:00:00
0c22166d9f7e5761e397affa5af438c7,cabe1ec4e4c40db3c14ab19cc09bbd9a,delivered,2016-10-09 22:31:44,2016-10-10 12:02:26,2016-10-14 12:02:28,2016-10-31 15:32:04,2016-12-14 00:00:00
8fe36dfd03ccfe3ed3d492c146705b9d,f18d013a75e175123bdcf626f02f8212,delivered,2016-10-09 22:34:11,2016-10-10 12:02:47,2016-10-15 09:57:52,2016-10-18 18:04:27,2016-11-30 00:00:00
6e5fe7366a2e1bfbf3257dba0af1267f,5263febf1413e9a60ceb7b842008b7ef,delivered,2016-10-09 22:36:25,2016-10-10 12:02:19,2016-10-14 12:02:21,2016-10-17 13:02:21,2016-12-06 00:00:00
2825848807f070485f0f0ef3829758f4,b30a4d09f171b5da553bab49a0a61764,delivered,2016-10-09 22:36:44,2016-10-10 11:03:15,2016-10-14 11:03:19,2016-10-17 12:03:19,2016-11-30 00:00:00
1ebeec1bb9ce388ee2e00d401058ca8b,7d9631fe32b276d4c6aa04ba141a03e8,delivered,2016-10-09 22:36:49,2016-10-11 05:02:15,2016-10-14 18:00:00,2016-10-15 05:02:16,2016-12-02 00:00:00
67adba02e0955286954975ea56f9d17f,aaf6d77cd0756a4e878472c3efc65308,delivered,2016-10-09 22:38:35,2016-10-10 11:02:06,2016-10-25 11:41:49,2016-10-27 17:32:07,2016-12-02 00:00:00
45bff70fb7b99a5a33bc8ccb3786e170,21cf8b03074c935aa1de2d527371916f,delivered,2016-10-09 22:38:37,2016-10-10 12:02:09,2016-10-14 12:02:12,2016-10-17 13:02:12,2016-12-02 00:00:00
25f680bf746bec3df11d48318ff015de,fd997caf29864e0b5e0d328a2d163e3f,delivered,2016-10-09 22:42:35,2016-10-10 11:02:43,2016-10-27 17:11:35,2016-11-01 18:04:41,2016-12-02 00:00:00
8c72f52f7655510c1ec81f3b9019c638,b0cc6834f86d0440c119eb1fcd8413e1,delivered,2016-10-09 22:44:21,2016-10-10 11:03:33,2016-10-14 11:03:34,2016-10-17 12:03:34,2016-12-02 00:00:00
d3a84031db6c5de813d5a3a3489712ca,a5bda6def3f77258ca2027b7d4a384e9,delivered,2016-10-09 23:25:13,2016-10-10 11:03:08,2016-10-14 11:03:10,2016-10-14 11:03:10,2016-11-30 00:00:00
2f9d4ee8ca77fe0951ebfe9064cad953,2d2037b93b52f5a7ac9e286e8bd69d15,delivered,2016-10-09 23:38:19,2016-10-11 12:03:02,2016-10-25 12:11:33,2016-10-29 06:53:49,2016-11-30 00:00:00
0ec61157a488963fe217233f74c52760,01415cfeb907d8ce0e17075b4c097fe9,delivered,2016-10-09 23:50:37,2016-10-10 11:04:05,2016-10-25 13:55:42,2016-10-31 11:54:44,2016-12-02 00:00:00
5c5c9fde60ffb741545cf2608e8c12ca,a5cd42f5d1eecbf955de47ff1245b5d6,delivered,2016-10-09 23:55:30,2016-10-10 11:02:16,2016-10-15 12:38:31,2016-10-19 11:47:52,2016-12-02 00:00:00
4fb7f38042d214ada4d81cc23d228cc8,92da31c4d9d81552801e3c1a6194b796,delivered,2016-10-10 00:01:50,2016-10-11 10:44:13,2016-10-14 18:00:00,2016-11-16 17:17:53,2016-12-14 00:00:00
f9b03f7a6e5788ffb6cb6b4cd0d01892,e94cba4a769c459e51325766ab2ef270,delivered,2016-10-10 02:17:55,2016-10-11 05:02:46,2016-11-07 12:21:47,2016-11-16 14:13:37,2016-12-02 00:00:00
d2266b035a47467c40d174c6f55cf4dd,28fdcbdf2ebc3b9d20d4a810cec6a8b7,delivered,2016-10-10 04:31:17,2016-10-13 07:08:48,2016-10-17 08:08:49,2016-10-20 08:08:49,2016-12-02 00:00:00
d263c89354a73314488491185858af42,6d3e9ccd146cea260421e9a7bae2e63a,delivered,2016-10-10 04:49:29,2016-10-11 05:03:06,2016-10-15 05:03:07,2016-10-18 06:03:07,2016-11-30 00:00:00
d01f0aba52a4d7b2cca8d7623538a434,da41f8be4acae374b2c5bfe8f9659e7e,delivered,2016-10-10 07:03:07,2016-10-10 12:02:02,2016-10-24 17:17:51,2016-11-10 10:59:01,2016-12-12 00:00:00
8213bc96304fc0881189c4525f3002f7,77069f163bef4933c6efeea244b3f606,delivered,2016-10-10 07:53:34,2016-10-10 11:03:35,2016-10-14 11:03:38,2016-10-17 12:03:38,2016-12-02 00:00:00
35d8c6d5e060ad24271ffda186312ef8,38fa25096a695e1972739e2dd6821f83,delivered,2016-10-10 08:36:05,2016-10-11 13:42:49,2016-10-14 18:00:00,2016-10-15 13:42:50,2016-12-02 00:00:00
75fb23d26903b71ce3dd550ae22d2cc1,3c6484a7438cd35dcc54f53f4b945829,delivered,2016-10-10 09:23:48,2016-10-10 12:02:45,2016-10-14 12:02:46,2016-10-17 13:02:46,2016-11-30 00:00:00
5226f1a731e8a1215da5e1bea64e2130,3489fb03bfa99335c385df8b863a701b,canceled,2016-10-10 09:51:13,2016-10-18 15:19:11,,,2016-11-18 00:00:00
42c5091238dc63339c79f5f35f8a5a6b,da231380834f900e3fc3a958a1533a33,invoiced,2016-10-10 09:57:05,2016-10-10 11:04:04,,,2016-12-02 00:00:00
dd845e1cdb19f08d029a727adc9a5a77,01f7b7a4e25cda9ce48c0f7263f7452d,invoiced,2016-10-10 09:59:46,2016-10-10 12:01:59,,,2016-12-06 00:00:00
96caf486ad384c707d860dbb4e519794,b7335be40f14f35559f7222d4875b114,delivered,2016-10-10 10:20:13,2016-10-11 08:57:47,2016-10-15 08:57:48,2016-10-18 09:57:48,2016-12-02 00:00:00
4421f094ff828b78aba6d18db005821d,497444aa14246e71ed88c2c37540ddfb,delivered,2016-10-10 10:22:55,2016-10-10 12:02:33,2016-10-14 12:02:36,2016-11-01 10:28:49,2016-12-08 00:00:00
45ec58d30f2023e4dac16d956a657ddd,62d7df8850fd19bf7a67afca5b7e65bb,delivered,2016-10-10 10:28:51,2016-10-11 05:02:01,2016-10-25 12:09:01,2016-10-27 17:32:07,2016-11-30 00:00:00
1f66f9bfd244a5383aeb00a84ad12a66,b692755548475c6db9d19858c5da06f1,canceled,2016-10-10 10:49:54,2016-10-10 12:01:56,,,2016-12-08 00:00:00
a08d1f4b300c3d7ec52f5f9a74234eca,e2c852f36be265c817eafd880884b206,delivered,2016-10-10 11:08:53,2016-10-10 12:02:42,2016-10-21 16:02:09,2016-10-21 16:25:05,2016-11-30 00:00:00
6460e331ee8f69c01f1423cca48d9991,59b219b2e1d1b20580c3551e07db6648,delivered,2016-10-10 11:17:11,2016-10-11 05:02:23,2016-11-20 09:57:41,2016-11-24 15:44:05,2016-12-02 00:00:00
5f834cc4ee109c58dff88c60b8ba5ecf,1124aa987445b3d3f42412a375522a89,delivered,2016-10-10 11:22:36,2016-10-10 12:03:12,2016-10-21 16:35:18,2016-10-24 16:35:18,2016-12-06 00:00:00
4b038a7f8dfc36755eca741381e379e3,e53edc46664edce7794d86baca23f75b,delivered,2016-10-10 11:39:06,2016-10-10 12:03:31,2016-11-14 12:38:44,2016-11-24 14:55:43,2016-12-08 00:00:00
59f26737bbeea8142a7e982cfce13e7a,e64d63f1e2d292e774d451d7b55f711d,delivered,2016-10-10 12:39:06,2016-10-10 13:01:33,2016-10-14 13:01:34,2016-10-17 14:01:34,2016-12-14 00:00:00
f883e09a1fb01318052c6ab839efb34a,12dca0bf14588cc10f18a9f9abaef604,delivered,2016-10-10 12:54:37,2016-10-12 03:01:46,2016-10-14 18:00:00,2016-10-28 10:27:47,2016-12-12 00:00:00
b88cd65e1d90bf6e185bf9b6f0b614cd,b3d9d64d67b27599d01bb7de17a92ab8,delivered,2016-10-10 12:54:46,2016-10-11 16:13:11,2016-10-15 16:13:12,2016-10-18 17:13:12,2016-11-30 00:00:00
d3f7c0e804b501782903f7af749eb797,303f96887b473d72e34c2d0e492fa43b,delivered,2016-10-10 13:57:41,2016-10-10 14:42:00,2016-10-14 14:42:00,2016-10-17 15:42:00,2016-12-02 00:00:00
d6e32818428593eefe8ffd7e15acb83e,784210ee365c635556aeb69e14e072fc,delivered,2016-10-10 14:02:01,2016-10-12 03:01:36,2016-10-16 04:01:38,2016-10-19 04:01:38,2016-12-16 00:00:00
3e9334d33c1e64167920675211fb1aee,86445cd94757169dd251d4052f7d0544,delivered,2016-10-10 14:20:38,2016-10-10 15:02:14,2016-10-14 15:02:15,2016-10-27 12:38:46,2016-12-06 00:00:00
c776863a93dc0740c6e7d78104b21413,1710b798ebdc5db6665c815b90a64999,delivered,2016-10-10 15:01:27,2016-10-10 15:44:46,2016-11-14 07:41:23,2016-12-14 08:03:48,2016-12-14 00:00:00
0ca768c507d1fc3c61bd950bb1c5231a,b3fb50a69d9de3ee23504d2cd66da13f,delivered,2016-10-10 15:20:14,2016-10-10 16:02:25,2016-10-30 11:23:50,2016-11-07 14:51:45,2016-12-06 00:00:00
b44d71edad65f41824d2e177470ef8f6,ad29d9bb283d87e61e190d40bc7bc15b,delivered,2016-10-10 15:23:51,2016-10-10 16:02:57,2016-10-21 18:02:55,2016-10-24 18:02:55,2016-11-30 00:00:00
2fbb05b3ee700e1897b9fa501e416005,b85708f7ff9d1b6fce163c71086084f9,delivered,2016-10-10 15:37:12,2016-10-10 16:02:39,2016-10-25 11:44:28,2016-10-25 20:11:24,2016-12-16 00:00:00
b19169c7cb8391fb8561e094d61c531a,620732fed5579e0bdfdddee02aad4c54,delivered,2016-10-10 15:49:59,2016-10-10 16:02:54,2016-10-21 18:22:31,2016-10-28 14:43:41,2016-12-02 00:00:00
c4f710df20f7d1500da1aef81a993f65,4b671f05b6eb9dc1d2c1bae9c8c78536,delivered,2016-10-10 15:50:01,2016-10-10 16:02:37,2016-10-18 15:53:51,2016-10-26 16:35:46,2016-12-14 00:00:00
de8f4a82099fe4fa6bcb8952ca51420f,13db9c37d449305364a897e44f479406,delivered,2016-10-10 16:00:30,2016-10-10 16:43:18,2016-10-14 16:43:19,2016-10-17 17:43:19,2016-12-14 00:00:00
12ca240539e7029e0328f0a410c12ad1,0c63b4438ff050942153aaa4c19ad1d3,delivered,2016-10-10 16:00:33,2016-10-10 16:43:18,2016-10-14 16:43:18,2016-10-17 17:43:18,2016-12-02 00:00:00
3379d980824f0aa5dab057f2530759bb,17e6d37366dc8c8865588b0d1740d606,delivered,2016-10-10 16:39:37,2016-10-12 03:01:57,2016-10-16 04:01:59,2016-10-19 04:01:59,2016-12-02 00:00:00
09dd83f72b2516179cd46b81121fad23,d70f382aefc5e3273ba95831d8588930,delivered,2016-10-10 16:55:10,2016-10-12 03:02:04,2016-11-18 12:43:10,2016-11-28 15:38:37,2016-12-12 00:00:00
5a7ae4ca802c14fdff19558a4fee8727,3140c5d46f2d38e4f14a9675359d6a27,invoiced,2016-10-10 17:16:03,2016-10-12 03:01:52,,,2016-12-06 00:00:00
48c43415ea1c4af9afa92542183b6e55,5589151bd114970188a1141fbd5c8d25,delivered,2016-10-10 17:49:21,2016-10-10 18:02:22,2016-10-30 10:37:42,2016-11-01 14:14:46,2016-12-02 00:00:00
b04bd4e0a1a21fef81b1f24f6fb81c08,bbf83aabda305a5ac059e05b342076a0,delivered,2016-10-10 18:05:54,2016-10-11 05:03:09,2016-10-15 05:03:18,2016-10-21 10:31:00,2016-11-30 00:00:00
3d7d60b10ba4b43cf6f6d5df2e933f67,02cb3a8ef6e13d37560379559e2f533d,delivered,2016-10-10 18:09:39,2016-10-10 19:00:39,2016-10-30 14:57:59,2016-10-31 14:57:59,2016-11-30 00:00:00
e5215415bb6f76fe3b7cb68103a0d1c0,b6f6cbfc126f1ae6723fe2f9b3751208,canceled,2016-10-22 08:25:27,,,,2016-10-24 00:00:00
bd50a7fe9fd97ea4b7663031a319e150,0975c3cf2e418ebfa5d1191a2dffd59d,delivered,2016-12-23 23:16:47,2016-12-23 23:31:37,2016-12-27 06:14:27,2016-12-28 15:54:44,2017-01-19 00:00:00
ec7a019261fce44180373d45b442d78f,c24fc5f9a446b4d8262041b9c64de772,delivered,2017-01-05 11:56:06,2017-01-05 12:10:17,2017-01-06 12:43:41,2017-01-11 13:14:05,2017-02-01 00:00:00
b95a0a8bd30aece4e94e81f0591249d8,ff3c6d35b4927c9b965aa6a68dcf56e4,delivered,2017-01-05 12:01:20,2017-01-07 03:35:37,2017-01-11 16:22:53,2017-01-17 15:38:58,2017-02-13 00:00:00
38bcb524e1c38c2c1b60600a80fc8999,d2c63ad286e3ca9dd69218008d61ff81,delivered,2017-01-05 12:06:36,2017-01-07 03:45:22,2017-01-11 15:35:54,2017-01-16 16:05:22,2017-02-13 00:00:00
7a18a504c1a4b32d883e68de2e1a7db0,e6bee29442c761ff0dfb9a4414922a5c,delivered,2017-01-05 12:09:08,2017-01-07 03:44:08,2017-01-11 15:35:53,2017-01-16 15:43:29,2017-02-13 00:00:00
6acecf438369055d9243e121045cca74,42d857e22f61f10476f0cda1aacc018a,delivered,2017-01-05 12:11:23,2017-01-07 03:44:07,2017-01-11 16:22:53,2017-01-17 16:06:30,2017-02-13 00:00:00
34bf4feda1e203af64692d97c6950c39,64b56cb1662271f54a81d96a28741487,delivered,2017-01-05 12:14:58,2017-01-07 03:35:24,2017-01-11 16:09:04,2017-01-16 16:13:55,2017-02-01 00:00:00
40599d3d28b75746952ded75566637b9,efdf4a7c78d7c364046efb69035d1d4f,delivered,2017-01-05 13:01:48,2017-01-07 03:45:49,2017-01-11 16:08:53,2017-01-16 15:43:21,2017-02-13 00:00:00
ce86fa5a5108884726a2244bcae51ae6,8fa33a3159dfc303b8aeccf859b9bee5,delivered,2017-01-05 13:29:03,2017-01-07 03:45:23,2017-01-11 15:35:54,2017-01-16 16:05:21,2017-02-01 00:00:00
7004296aa0256632eaddc171edaf727f,3a7856f2a103364d279de7f72e18b7c4,delivered,2017-01-05 13:31:22,2017-01-07 03:44:29,2017-01-11 15:35:53,2017-01-16 16:05:21,2017-02-01 00:00:00
cce1b8a1c5f8b1d224e19628299c8f54,63433f6eb6f0a79cbb24e940d0ab17ad,delivered,2017-01-05 13:33:45,2017-01-07 03:44:27,2017-01-11 15:35:53,2017-01-17 16:51:39,2017-02-01 00:00:00
f175d67589e059cbbda956f10f0702e6,a4555d257db29ef5f838cec4101c5208,delivered,2017-01-05 13:34:35,2017-01-07 03:45:40,2017-01-11 16:25:57,2017-01-17 15:52:28,2017-02-13 00:00:00
0bda8164c1a12b6a388ebec8559ee287,3f402674c608ea67085eb5e0ec4d96ef,delivered,2017-01-05 13:36:07,2017-01-07 03:45:47,2017-01-11 16:09:00,2017-01-16 17:27:34,2017-02-13 00:00:00
5965b589a33443dd1f820eb7df39762a,e7e6da2ddce69ab0bf01d7ed4dbd0856,delivered,2017-01-05 13:36:41,2017-01-07 03:44:29,2017-01-11 16:08:52,2017-01-16 15:53:34,2017-02-01 00:00:00
db7576b1fe440f4c0a808855aacf0948,fc30386d1f0ca6d7f48845275ac0cd23,delivered,2017-01-05 13:37:27,2017-01-07 03:44:27,2017-01-11 15:37:55,2017-01-16 14:25:01,2017-02-13 00:00:00
1b694ef5b28d3e949a4f0ffeb2c9fcd6,cba12036a88407a37770dc8ab725de77,delivered,2017-01-05 13:43:17,2017-01-07 03:35:38,2017-01-11 16:08:55,2017-01-16 16:54:04,2017-02-13 00:00:00
2f9d791088532b218b41f892cc16073b,937bb74713a47912471275b234236764,delivered,2017-01-05 13:48:48,2017-01-07 03:35:21,2017-01-11 16:08:53,2017-01-17 16:57:46,2017-02-13 00:00:00
3ce4038922670fead496aeae61a8a393,5da810af4515e4470379a90fcf246a15,delivered,2017-01-05 13:52:39,2017-01-07 03:44:23,2017-01-11 15:37:55,2017-01-16 14:04:35,2017-02-13 00:00:00
205d7052a6505124d200f6fea6b423bc,d020d4abe6475a8382f53d763fe24a65,delivered,2017-01-05 13:59:30,2017-01-07 03:44:23,2017-01-11 16:09:00,2017-01-17 17:52:31,2017-02-13 00:00:00
8a784d47854e4cbc5562362393d504db,a969b9f8d923bc7fd97b578f7c499194,delivered,2017-01-05 14:18:03,2017-01-07 03:44:16,2017-01-11 16:08:56,2017-01-17 16:47:45,2017-02-13 00:00:00
9b91ddcbd6cbceb83d4fd2462ca1f95e,6152d0774bbbf74f7140541c0569dafa,delivered,2017-01-05 14:22:02,2017-01-07 03:44:09,2017-01-11 16:25:57,2017-01-16 16:32:52,2017-02-01 00:00:00
ca5a215980675471f0cf8199c041909a,588047d7101d88c333691e47659d7099,delivered,2017-01-05 14:23:54,2017-01-07 03:44:16,2017-01-11 15:37:55,2017-01-17 15:14:20,2017-02-01 00:00:00
d82cef48824870df9946d57e827ed727,500bbe66867d0f0bdb3531af1e052b4b,delivered,2017-01-05 14:33:39,2017-01-07 03:44:20,2017-01-11 16:09:06,2017-01-16 16:44:55,2017-02-13 00:00:00
43d29c6fc78c31c80080d85e5260a9fb,41fdaf0dcabfb53a5556c46cd8cc0a32,delivered,2017-01-05 14:36:18,2017-01-07 03:44:12,2017-01-11 16:25:58,2017-01-16 09:13:47,2017-02-01 00:00:00
f92641ff0446a0e1c57195ebfe76e16a,cd21b89339f05955972dc288787533d3,delivered,2017-01-05 14:42:02,2017-01-07 03:44:08,2017-01-11 16:08:55,2017-01-16 18:15:00,2017-02-13 00:00:00
17fed53ba6dfef9b594ee2268642e2aa,c0352e94059e3e5a714c9ad0c8306a54,delivered,2017-01-05 14:50:54,2017-01-07 03:35:35,2017-01-11 15:59:08,2017-01-16 15:24:03,2017-02-13 00:00:00
464de32dc84484c1d26df3e8e38e708b,27129ce1ebca4ffa23a049c51cc8ec95,delivered,2017-01-05 15:25:04,2017-01-07 03:35:36,2017-01-11 15:59:08,2017-01-17 16:09:40,2017-02-13 00:00:00
747996a66f5aa711deb8ae58f5ae46a0,ed1793d2d1e4175d5846ce7ebb4a01f5,delivered,2017-01-05 15:25:10,2017-01-07 03:44:28,2017-01-11 15:59:08,2017-01-16 15:18:08,2017-02-13 00:00:00
e1fe072ef14b519af1f0a8ed997c1301,758b633d88b82063db189810084f4ea9,delivered,2017-01-05 15:32:59,2017-01-05 16:15:16,2017-01-06 13:45:22,2017-01-12 14:13:19,2017-02-15 00:00:00
c96209cd1d43d071d3bdf48d299b7aa5,06cd112a475fd4d834eff32968147050,delivered,2017-01-05 15:37:58,2017-01-07 03:45:27,2017-01-11 15:47:40,2017-01-16 15:18:08,2017-02-13 00:00:00
09f58c00f941827ab206de7796785e44,7c94da97db6fe83e123f80baab533a97,delivered,2017-01-05 16:05:07,2017-01-07 03:35:34,2017-01-11 15:47:40,2017-01-16 15:43:31,2017-02-13 00:00:00
9021fdebb45ac827a6033d6969d5c2e3,7fdeb74955a334e7a83f3bb365c07727,delivered,2017-01-05 19:52:28,2017-01-07 03:35:30,2017-01-09 16:55:33,2017-01-13 12:27:45,2017-02-07 00:00:00
f2dd5f15184c73c0d45c02941c7c23d1,4b60b3ade055c6ad88a00758c8e8a162,delivered,2017-01-05 22:52:33,2017-01-05 23:05:27,2017-01-06 16:08:45,2017-01-13 17:06:48,2017-02-23 00:00:00
157ec3dc3f38cdbd2706bd216edfe8fb,7dfd10dcc726950fc6171cea83872351,delivered,2017-01-06 13:43:16,2017-01-06 13:55:11,2017-01-09 16:03:33,2017-01-13 10:58:13,2017-02-16 00:00:00
e6db6e9529fecbe14cd05dd349816656,6b3efc29f67766dd725bb29e857614f2,delivered,2017-01-06 21:27:49,2017-01-06 21:35:20,2017-01-09 12:08:34,2017-01-13 13:57:29,2017-02-20 00:00:00
bf44408de1d05eef70fb026ba64a90ea,96054b94409f7712eeffe8edfa6959a6,delivered,2017-01-06 21:30:38,2017-01-10 03:10:35,2017-01-10 11:53:06,2017-01-12 09:43:56,2017-02-14 00:00:00
1b3d11cf9f92c0f7baf627ab059621f8,85ed641fe825f188f1a67b317b5f540c,delivered,2017-01-06 23:31:23,2017-01-06 23:44:08,2017-01-09 09:33:56,2017-01-17 17:27:49,2017-02-16 00:00:00
89898719573722b59b173f76fb213501,d2b141e8cefd8acb97baee4b25b01ea5,delivered,2017-01-07 00:34:47,2017-01-07 00:50:15,2017-01-10 14:52:35,2017-03-06 13:15:00,2017-02-15 00:00:00
4e36d0170c671378f49f701a810360ae,1a690c199a6496cabdbf071e3983ce68,delivered,2017-01-07 13:29:22,2017-01-07 14:00:13,2017-01-09 11:06:24,2017-01-18 12:28:02,2017-03-01 00:00:00
d809ddde66fee6223df16b11231491f9,ec512aec44574fceef73903803b3b382,delivered,2017-01-07 17:20:56,2017-01-07 17:30:21,2017-01-12 10:17:41,2017-01-25 10:14:08,2017-02-17 00:00:00
9a3e437ab219133c20a7033be9087edf,3c03fed2df425b8291c5913c52b51b84,delivered,2017-01-07 20:45:31,2017-01-07 20:55:10,2017-01-10 13:46:14,2017-01-17 11:38:10,2017-02-07 00:00:00
f53b39c6c91ce86717c15d8e4e5da0c2,42d1b4eb863054dcb04a019944ecd2d8,delivered,2017-01-08 09:35:07,2017-01-10 03:10:46,2017-01-10 11:53:06,2017-01-12 09:22:12,2017-02-17 00:00:00
452b706af12e25e6c8c740b4dc493ab0,bfc9371f9268216725254f8567803291,delivered,2017-01-08 09:35:14,2017-01-08 09:45:12,2017-01-09 15:12:35,2017-01-17 13:22:19,2017-02-17 00:00:00
195416246665b8268100ef5fde9722b4,b14e4569fdc3353689f16abb8b57dadc,shipped,2017-01-08 19:27:22,2017-01-08 19:45:02,2017-01-11 09:34:18,,2017-02-22 00:00:00
46936461f0c4e3c80b9289ce5fc1682a,f6295486d5e27c0de0101b3f1b63b6d1,shipped,2017-01-08 19:27:22,2017-01-08 19:45:02,2017-01-11 09:34:18,,2017-02-21 00:00:00
d64aa68e4a96734f280b7ddf0852d511,136f4c1a0629b4ef8681a46dfeeddc2e,delivered,2017-01-08 20:25:12,2017-01-09 20:30:17,2017-01-11 14:22:53,2017-01-17 10:52:10,2017-02-17 00:00:00
76774c936de5cb5a431120fde98e40da,70210c917bc804a1269942a71308a4f7,delivered,2017-01-08 20:57:29,2017-01-08 21:10:16,2017-01-14 08:38:00,2017-01-19 14:06:26,2017-02-16 00:00:00
81e5043198a44ddeb226002ff55d8ad4,ddd15ef77c83eea8c534d2896173a927,delivered,2017-01-09 00:37:18,2017-01-09 00:45:09,2017-01-09 09:10:53,2017-02-24 09:42:38,2017-02-24 00:00:00
9d00e5dd1d0a6dc258a09e9c90854357,6088f7a0127c12595d6335b10bb37a2d,delivered,2017-01-09 14:04:26,2017-01-10 03:35:54,2017-01-11 15:47:40,2017-01-16 17:01:50,2017-02-15 00:00:00
765442de6466c0bb079c22b8b20e0eab,2b3dc71b4cce6a5cb97f6ebf5d6ede5f,delivered,2017-01-09 17:50:06,2017-01-09 18:05:45,2017-01-10 10:53:44,2017-01-13 08:53:45,2017-02-17 00:00:00
b174fa32929e4af3622213e835cfa84a,0b8cca6cd998b579f4a0556a31f388f4,delivered,2017-01-09 21:31:15,2017-01-12 02:55:44,2017-01-16 09:12:32,2017-01-18 17:05:11,2017-02-17 00:00:00
acc3d4031cbd2f28ac6b5b71427a054c,4a929b369cfa8293f0a22f9a65ad4b1d,delivered,2017-01-09 21:40:42,2017-01-09 21:55:11,2017-01-11 12:23:58,2017-03-02 10:57:46,2017-02-07 00:00:00
588454faf6ae4ce8b0f387e19b7115a2,1898e33d23781c0e4574a114fe73c73d,delivered,2017-01-10 13:58:33,2017-01-11 02:10:40,2017-01-12 09:58:14,2017-01-20 16:11:31,2017-02-28 00:00:00
bbcec25aefec973dfa1b9499147fdf76,7cde25498a31a63d00e82b29b929cc49,delivered,2017-01-10 14:08:07,2017-01-12 14:05:18,2017-01-13 11:45:48,2017-01-27 07:27:45,2017-02-22 00:00:00
51b79a492b5e53504ce70340ce111374,c3057d4a0fcd85b33e6a7b59bcd257a0,delivered,2017-01-10 16:31:22,2017-01-12 02:45:30,2017-01-13 08:32:45,2017-01-20 15:44:38,2017-02-20 00:00:00
08d7ec7381dc51d41a0e4d86314b7a98,bf396d21b4ba3214fd7d7a9c10669615,delivered,2017-01-10 17:18:09,2017-01-10 17:30:23,2017-01-16 14:39:40,2017-01-26 13:41:40,2017-02-22 00:00:00
ad818323f40e1a353eb3a3874d138c51,e423929b7362dc59bfc3e9dab3acad7a,delivered,2017-01-10 19:43:30,2017-01-10 19:55:17,2017-01-13 15:54:54,2017-01-20 16:35:05,2017-02-20 00:00:00
0ed46f17da8a1c3bd0ed5fdfc50decc4,87f135f5f28a7056c1076dd8dd122e5f,delivered,2017-01-10 22:23:11,2017-01-10 22:30:24,2017-01-13 09:48:50,2017-01-23 10:12:14,2017-02-24 00:00:00
743cc56ca44d32e3e125c74c98044997,ac4803ab1d19fb7799da3fb6f333d4c7,delivered,2017-01-11 00:13:51,2017-01-11 00:25:47,2017-01-12 11:51:05,2017-01-17 13:03:03,2017-02-21 00:00:00
a01cc79e3afbac4a52ce1d528080e438,f71daf549aff62ad50e839ea1086d9a1,delivered,2017-01-11 10:24:36,2017-01-12 02:45:44,2017-01-16 09:53:31,2017-01-18 11:56:05,2017-02-07 00:00:00
0b1e73fa546894ad7310916b480de067,bc265c24a5a745bff94d62fd5f5db043,delivered,2017-01-11 11:21:23,2017-01-11 11:31:52,2017-01-11 14:07:45,2017-01-16 13:18:49,2017-02-21 00:00:00
811eadaef225935d84d4d3fdcca7ee85,76c0c1cbc865dd70e1225ca35bd5f305,delivered,2017-01-11 11:34:58,2017-01-11 11:45:11,2017-01-11 14:07:44,2017-01-16 13:22:29,2017-02-21 00:00:00
8b94c85a97b61f51a419a57e451d4e3a,54078a8661b0336a50e00afab86da419,delivered,2017-01-11 12:49:53,2017-01-11 13:05:35,2017-01-12 15:13:58,2017-01-18 10:37:56,2017-02-23 00:00:00
255d951095fc26f86cc7a08b822b714a,4aa40fd3991ea64e9dead06fe15f021c,processing,2017-01-11 15:18:25,2017-01-11 15:30:11,,,2017-03-01 00:00:00
9a75a775d17d37cd19193fe02c3f21de,97efa29b4cb6dc4b10acb8f9baa46cdb,delivered,2017-01-11 15:56:35,2017-01-13 02:10:21,2017-01-17 12:13:02,2017-01-24 14:14:24,2017-02-23 00:00:00
587a39d6ab7297ee16b3d5ebdaa0f776,69ed85715d3bff3b648ef923daed0056,canceled,2017-01-11 18:32:24,2017-01-11 18:45:23,,,2017-02-21 00:00:00
bf9d705db9fe15b5bd6a0a35c3e3365f,cd7fc3b7e625b3b0492197326b461c4c,delivered,2017-01-11 19:21:04,2017-01-11 19:35:14,2017-01-13 14:25:01,2017-01-20 21:11:43,2017-02-17 00:00:00
09d557bf440b6c3b40cacfbb24fd5e28,c95fd5ec9cb15e99cbd4b8a9ff814ff6,delivered,2017-01-11 20:12:38,2017-01-11 20:25:06,2017-01-12 10:07:12,2017-01-19 16:32:01,2017-02-27 00:00:00
10221b5ef57cb66fe37a3b1e594918d1,fdff81b769f15aac39439e70eb1f72a0,delivered,2017-01-11 22:36:59,2017-01-11 22:45:12,2017-01-12 15:33:47,2017-01-19 16:41:31,2017-02-21 00:00:00
753aaaa715f963740a358c291bc79727,92afe47b8038840f6761684db0da3e40,delivered,2017-01-11 23:32:55,2017-01-11 23:45:19,2017-01-12 14:21:04,2017-01-17 10:28:00,2017-02-09 00:00:00
4d9aeb0219e736ad9dd72af9f25b3f88,28783e4198a64a0285d35e5967d9956c,delivered,2017-01-12 00:06:12,2017-01-12 00:15:14,2017-01-12 16:53:43,2017-01-19 10:53:53,2017-02-20 00:00:00
53cd36155a7bf507095985b2f26368a5,3fb14779b189f5fde47f8918e88dcc36,delivered,2017-01-12 09:45:32,2017-01-12 10:04:59,2017-01-12 11:49:26,2017-01-18 12:51:59,2017-02-20 00:00:00
fbee80ef6891c144af8ff9dc788aaa89,41ee1607f629eea5c7aa658053748326,delivered,2017-01-12 12:01:14,2017-01-13 16:25:19,2017-01-16 16:10:12,2017-04-26 09:35:51,2017-03-06 00:00:00
6744d76b253e71e06a89867248227b9c,42528556eaad6bbc96bb8eff982ae387,delivered,2017-01-12 12:46:35,2017-01-13 13:05:34,2017-01-25 06:21:13,2017-02-08 08:43:43,2017-03-08 00:00:00
f313be47c42e07616027ad6d6ac3034c,1df2dcecdf59a9ec5bbd2f877821219e,delivered,2017-01-12 13:11:45,2017-01-12 13:24:45,2017-01-13 15:52:27,2017-01-26 14:03:59,2017-02-22 00:00:00
19512a70f62306416782f963d55c8b26,e914087f4bedebda8f0dc92e4d095d16,invoiced,2017-01-12 15:05:52,2017-01-12 15:15:10,,,2017-03-02 00:00:00
b5c037cf61074d84c0a994fa0d024064,58a549319c3ffcfc868efa613016466a,delivered,2017-01-12 15:58:39,2017-01-12 16:10:19,2017-01-18 04:42:03,2017-01-24 13:09:56,2017-02-13 00:00:00
3c116d50bb76160ee1d7a2e8f5791427,d056f27116f163ae6d99dff3d169c032,delivered,2017-01-12 18:30:07,2017-01-12 18:44:39,2017-02-16 04:24:07,2017-02-24 16:45:39,2017-02-22 00:00:00
0daff24b7abb3accd3e2638a0d5be0a0,5a46fcfb9cb1aa7feef0014acace422c,delivered,2017-01-12 20:06:50,2017-01-12 20:15:17,2017-01-17 05:14:16,2017-01-20 10:57:34,2017-02-23 00:00:00
6f748695717d537b882406da58acefec,b31da288a5d93df0b87661fae41bda52,delivered,2017-01-12 20:28:10,2017-01-12 20:44:31,2017-01-13 16:51:48,2017-02-14 15:07:50,2017-03-02 00:00:00
22c2b8497506479028918303045751dd,a76e74102c5779eaca55a3f9187ea2f2,delivered,2017-01-12 22:24:48,2017-01-12 22:35:21,2017-01-13 10:07:57,2017-01-19 10:42:37,2017-02-20 00:00:00
eb9cf2c383ca81f5d9750cc9e75fef41,1db74a8b644afe5d02543026ba693e76,delivered,2017-01-12 23:11:07,2017-01-12 23:25:13,2017-01-18 15:23:33,2017-01-31 13:42:14,2017-02-22 00:00:00
2e2e88c4bb691287b71a9e1ee8a193a4,439f42a3cd2931ef5f1bb20e54f2357d,delivered,2017-01-12 23:42:50,2017-01-17 11:35:11,2017-01-17 14:44:18,2017-01-26 13:11:27,2017-02-22 00:00:00
6c82197bc099415d9919ccb609a9c072,cf21fc5ce008e8d35e01caeb0ef028da,delivered,2017-01-13 00:14:27,2017-01-13 00:31:26,2017-01-13 12:50:08,2017-01-18 14:05:48,2017-02-21 00:00:00
ba3d713d46b9dadf35bf0ab911b06408,8d3b3107ff3d5416c2aaede11192d34b,delivered,2017-01-13 09:02:32,2017-01-13 09:10:10,2017-01-13 16:11:22,2017-01-23 17:09:01,2017-02-23 00:00:00
4fe2e8b329e56a00aba9b0136b46f00f,0c6e74d3848e590888f197074ee1f5ff,delivered,2017-01-13 11:06:56,2017-01-15 11:05:13,2017-01-18 04:58:17,2017-01-20 11:33:43,2017-02-24 00:00:00
c5a468ae781ffb0ec6d36ae89fe512b0,ed7ef682569428c1afaf73b39a2f602b,canceled,2017-01-13 11:06:56,,,,2017-02-13 00:00:00
fc28aed78cb8bcd22a7dbd82cb778946,31ec530ca6c36d8cd17146241c119887,delivered,2017-01-13 15:11:16,2017-01-13 15:25:21,2017-01-16 11:22:18,2017-01-21 06:57:36,2017-02-09 00:00:00
5a1b8ce8aee70bd3445109304936c826,587c6261599b61d8089fab854cb753cd,delivered,2017-01-13 15:11:52,2017-01-13 15:25:23,2017-01-13 16:12:36,2017-01-26 14:27:27,2017-02-23 00:00:00
f7b9821d83a86f942cd40560f3c06622,668bca75c9fde63d376e1042ff8e2fe8,delivered,2017-01-13 17:53:10,2017-01-13 18:05:20,2017-01-18 15:14:48,2017-01-25 13:58:33,2017-02-23 00:00:00
ce678bd6591f2487c9b4f5af45b4619f,8b16b8c513d302bd3d2f218644fed1a0,delivered,2017-01-13 20:08:30,2017-01-13 20:23:00,2017-01-16 12:25:16,2017-01-23 12:39:22,2017-02-23 00:00:00
d730d8d0ea3149120703933fdf98b2d4,ce2a66464da8b80dedd7639a6e489a58,shipped,2017-01-13 20:12:41,2017-01-13 20:25:16,2017-01-16 10:23:19,,2017-02-09 00:00:00
c96867b4091191ba74279fc255656525,57f964df70a28c4770200f68dfd54532,delivered,2017-01-13 20:53:54,2017-01-14 02:42:51,2017-01-16 12:25:08,2017-01-20 14:14:39,2017-02-27 00:00:00
3aa779fc4b813797c16ac4f02fe808ec,8d17a0679312b6c68213eb0c197b3c48,delivered,2017-01-13 22:21:41,2017-01-13 22:30:11,2017-01-16 14:22:07,2017-01-26 12:24:38,2017-03-01 00:00:00
92580e7039e427da2884d35809a95996,883bce2f3694717d0403432a07768b05,delivered,2017-01-13 23:24:59,2017-01-13 23:35:14,2017-01-17 15:10:17,2017-01-24 18:28:34,2017-02-23 00:00:00
c8ea1ac95f4f994f94fb57e99dcca985,54cca8020b69fbb204ac117154b079b7,delivered,2017-01-14 01:16:14,2017-01-14 01:30:17,2017-01-20 15:20:37,2017-01-27 09:22:38,2017-02-14 00:00:00
f38755557b9876c68991673e64852af8,a697310dcc6dec6e09e601a68fad6611,delivered,2017-01-14 08:33:40,2017-01-14 08:45:11,2017-01-18 04:58:04,2017-01-25 15:07:53,2017-02-17 00:00:00
7c933084ae34df732cfb3b47968b1666,cf4e269e30ba0f547477c32723ec2542,shipped,2017-01-14 12:17:10,2017-01-16 13:41:43,2017-01-18 16:00:12,,2017-02-22 00:00:00
03b218d39c422c250f389120c531b61f,db857a86c685a6a3a02a705961ec1ff1,delivered,2017-01-14 14:20:01,2017-01-14 14:30:43,2017-01-16 09:23:45,2017-01-18 10:53:42,2017-03-01 00:00:00
6248b0a9b547366913fb67922a7a2b77,4ae48f8e3942147402a1286118601c83,delivered,2017-01-14 15:11:28,2017-01-14 15:22:39,2017-02-03 10:50:28,2017-02-03 10:50:28,2017-02-28 00:00:00
1d4744e42dc6d786bbc9512601f7e49c,7096909336d32cce878923632d3d4208,delivered,2017-01-14 15:41:48,2017-01-14 15:50:16,2017-01-18 16:00:12,2017-01-24 05:46:04,2017-02-22 00:00:00
a87f63f16c37c383775f476c6f22b635,fd673a07896aec385c5287234605f166,delivered,2017-01-14 15:42:20,2017-01-14 15:50:20,2017-01-16 09:38:03,2017-01-30 11:21:56,2017-02-20 00:00:00
df1b378ac0b21d71ef1e642971d31530,dfd18dbef42d2d617d822af592b2fa62,delivered,2017-01-14 16:10:59,2017-01-14 16:22:27,2017-01-17 16:33:58,2017-03-14 15:44:15,2017-02-24 00:00:00
016dee69b3de35a39bfccee5309307c3,c508ad14bc3cde5d1e0bfca7ebdb77cd,delivered,2017-01-14 16:35:59,2017-01-14 16:50:19,2017-01-19 16:33:30,2017-01-26 15:43:39,2017-02-28 00:00:00
0fd3cee523a106ac501c4cf18f56a4de,c41bb9b32eecfb353668815360270496,delivered,2017-01-14 17:44:58,2017-01-14 17:55:18,2017-01-23 15:22:11,2017-01-30 10:43:29,2017-02-15 00:00:00
a9a93c428c6103f2151bb63a1d32a520,99ed295fa7b1f749594ce5f709ef1073,delivered,2017-01-14 17:57:50,2017-01-17 10:55:13,2017-01-20 17:58:58,2017-01-30 18:37:44,2017-02-28 00:00:00
aa830d74d3e7d4a392cb7eac51a9c719,a0b7bf085451ca667f8c8015e9812e3b,delivered,2017-01-14 17:59:38,2017-01-14 18:10:17,2017-01-18 04:38:56,2017-01-25 09:47:57,2017-02-15 00:00:00
05cd156f0f47579a36d7a52724fc31b8,976224a95faf328b17654b1b1411d5e1,delivered,2017-01-14 18:27:28,2017-01-14 18:42:18,2017-01-16 06:42:20,2017-01-31 12:41:58,2017-02-24 00:00:00
fd930246eb1c751ee75add493e49ea34,3422a239d7c7bf95b72216d779a28de6,delivered,2017-01-14 21:28:46,2017-01-14 21:42:21,2017-01-16 11:42:51,2017-01-25 11:44:59,2017-02-28 00:00:00
3aa0a75931f649d9e3e83aaa9d6a95e7,a2ddc0fbb3e8827c322579d6124b0c6c,shipped,2017-01-14 21:56:03,2017-01-14 22:10:18,2017-01-18 17:58:03,,2017-03-08 00:00:00
ef445757c25db3525a25a2b9641ef288,e24bd26337fb5b09e1331622a2f0d2bc,delivered,2017-01-14 22:17:49,2017-01-14 22:25:19,2017-01-17 16:33:55,2017-01-25 15:34:17,2017-02-16 00:00:00
df410b19c3e348fb548ae68badd49827,6a6c433159ff775ba7f5ff8ec38b5b6f,delivered,2017-01-14 23:05:01,2017-01-14 23:15:17,2017-01-17 05:18:01,2017-01-24 15:11:39,2017-02-14 00:00:00
ed2ea4498bcd56d90d461a23fa47ac56,b629604bb4374da78155fb48fcc1ec4f,delivered,2017-01-14 23:05:01,2017-01-14 23:15:16,2017-01-17 05:18:01,2017-01-24 13:47:47,2017-02-24 00:00:00
22266e2f8d8084cd2b5d8488164d043a,2dae38555287b3c42938a0688936c53a,delivered,2017-01-15 00:01:45,2017-01-15 00:15:41,2017-01-16 06:42:19,2017-01-23 13:49:05,2017-02-24 00:00:00
d8d04eeca6703f5545f4c25b8ace1ee9,a2be606029a95748f15824071fffa10e,delivered,2017-01-15 10:14:31,2017-01-15 10:30:11,2017-01-19 09:27:48,2017-01-31 09:33:39,2017-02-28 00:00:00
3027797ce35841bf74917c0b0ea1a38d,64e2e80c6c053f95af9f072968fc8196,delivered,2017-01-15 12:37:26,2017-01-15 13:05:44,2017-01-16 08:50:39,2017-01-23 16:14:21,2017-02-24 00:00:00
e224d9d6fa66b26b8b86e73d2852136c,922955184e7e92d55ad006fbe9f14d74,delivered,2017-01-15 12:41:31,2017-01-17 12:41:57,2017-01-18 10:55:18,2017-01-27 12:13:56,2017-03-14 00:00:00
34ac523be174284d7b9df8e47bce2040,e143678e76c1279b51f6fb83c205b7d1,delivered,2017-01-15 14:15:04,2017-01-15 14:30:14,2017-01-16 08:43:35,2017-01-20 10:05:52,2017-02-24 00:00:00
1bfa3dbef549cf9ba5c5661ef1b63168,e22bab8950872ef60d229f7d6926b58c,delivered,2017-01-15 14:35:54,2017-01-15 14:45:12,2017-01-16 12:25:16,2017-02-13 08:51:25,2017-02-24 00:00:00
6d234dea658ce0c00f91e931cb11f93c,ce80c46eb733623b83a7458b918ca30c,delivered,2017-01-15 15:52:04,2017-01-17 03:10:11,2017-01-17 15:10:16,2017-01-26 12:45:50,2017-02-24 00:00:00
f2a5336cc1662ad56b16f4ed6e4b2de5,b0b27c44f7e3d2c6e45d506cbd4a5627,delivered,2017-01-15 17:55:56,2017-01-15 18:05:14,2017-01-16 12:25:16,2017-01-25 10:56:03,2017-03-02 00:00:00
b6e5aa946acc4e29e7069510f28a0bce,6630c34d7fef13e0ec591d96f6c24362,delivered,2017-01-15 17:58:42,2017-01-17 03:21:45,2017-01-20 10:49:26,2017-01-28 07:58:59,2017-03-01 00:00:00
f77dc5ef53142abf2e1734622d81f664,29c13f323716a5bbd7356343e45d9868,delivered,2017-01-15 17:58:43,2017-01-17 03:21:45,2017-01-19 09:15:39,2017-01-26 15:11:47,2017-02-17 00:00:00
33ef079ec39c1b46e6e552e038e67c5b,4a5dc0dfa0d6bb6fee6eac33a4b39d7b,delivered,2017-01-15 18:57:33,2017-01-15 19:10:17,2017-01-18 04:57:56,2017-01-20 16:47:51,2017-03-01 00:00:00
5897449bce69856d88610b3c0f4f63b5,2e19009aaf5ce281eadf19914ea75b5c,delivered,2017-01-15 21:46:43,2017-01-17 03:10:19,2017-01-18 15:12:19,2017-02-09 10:32:41,2017-02-14 00:00:00
af9cf6a8b011e9fea2be4c295942e58b,cf6825242ddd453dd3381bb0aa0976d3,delivered,2017-01-15 23:17:31,2017-01-16 17:31:36,2017-01-21 04:31:48,2017-01-31 15:57:50,2017-02-27 00:00:00
200f4d883fcc701355e46b8c6035743f,8c4bcd3c3737198f62421c18e0348554,delivered,2017-01-15 23:25:23,2017-01-17 03:22:00,2017-01-20 11:05:59,2017-01-27 10:32:30,2017-03-13 00:00:00
0dbfda5b69f9f25250969962f70929e9,36e0f840035e7f9bacad69b27b953a02,delivered,2017-01-16 00:05:37,2017-01-16 17:31:48,2017-01-19 07:41:28,2017-01-27 17:04:28,2017-02-24 00:00:00
ff42eee9423ebc7d468a3709e1cbefb7,e88a38745875de352d6a135b7d3f11af,delivered,2017-01-16 09:56:45,2017-01-17 19:45:18,2017-01-20 17:35:56,2017-01-26 16:01:40,2017-02-10 00:00:00
719b940ab2f1e351ffb14a0a02ffe3c4,ede9a1daf58d256c0d648ef7e1479010,delivered,2017-01-16 13:01:51,2017-01-17 03:05:22,2017-01-17 13:37:00,2017-02-21 14:51:58,2017-03-03 00:00:00
abef8b5d0f7fa066c7473db7d650c870,2ed1b5c01561bcf39cc2f1566a8ac9f1,delivered,2017-01-16 13:17:46,2017-01-18 09:35:19,2017-01-20 11:00:39,2017-01-25 08:43:39,2017-02-14 00:00:00
e068276f5e75a66212f75b84ebfeaccf,8b8e02be8fef10b7c6e2d210dbcfba7c,delivered,2017-01-16 13:17:46,2017-01-18 09:35:19,2017-01-20 07:13:46,2017-01-25 11:00:16,2017-03-09 00:00:00
62260701eb6b51252ed47c4967b1a48d,1e6cd8588a826f646f124d1725eab3a8,delivered,2017-01-16 13:21:19,2017-01-16 13:30:18,2017-01-18 09:42:08,2017-01-20 15:47:40,2017-02-22 00:00:00
d3a49dd2f9c21558b7a82c8f076f6c1d,3619684d733b95a9860ca496206a6ab0,delivered,2017-01-16 14:04:11,2017-01-18 14:01:22,2017-02-10 07:07:43,2017-02-23 05:03:16,2017-02-28 00:00:00
56ef80c564f6fd57cc662adee0379746,207df7ad3a701cc5f0a232000cca51f9,delivered,2017-01-16 14:24:22,2017-01-16 14:35:17,2017-01-16 15:21:56,2017-01-23 08:56:05,2017-02-24 00:00:00
5de59551c282b892ae9ff238fd557145,7543dc2c9f203502439305c8b2ea63bc,invoiced,2017-01-16 16:24:13,2017-01-16 17:31:50,,,2017-02-24 00:00:00
fe2ac30768e07e362b649951cc625144,be07f06f183227b5c2b31c30fbb4f382,delivered,2017-01-16 16:41:18,2017-01-16 17:30:23,2017-01-17 11:26:52,2017-01-26 16:24:07,2017-02-22 00:00:00
3312588178a16638759fca54495ef50d,08b0db04ac8d73532750572156241d88,delivered,2017-01-16 18:36:49,2017-01-16 18:50:16,2017-01-18 15:49:05,2017-01-25 13:58:39,2017-02-28 00:00:00
616b813dbea8acc9de0ca0380cd89b83,a779fb63d731a6f7af0e4ef34aebc9bf,delivered,2017-01-16 19:04:32,2017-01-16 19:10:16,2017-01-20 15:18:08,2017-01-30 15:41:52,2017-03-20 00:00:00
46f05e5ae3a2b822e2f4148d99f69ca4,4f531f24ba13efa329c743d01004891a,delivered,2017-01-16 19:24:49,2017-01-17 03:25:19,2017-01-17 14:16:56,2017-01-27 15:09:19,2017-03-08 00:00:00
3ab4eea6776259ae8dfbabaeffece352,24d46169d90daaa687cbf122c3243df8,delivered,2017-01-16 21:08:25,2017-01-16 21:21:52,2017-01-18 10:55:24,2017-01-24 13:57:59,2017-03-08 00:00:00
df6e0cd0f23b4735b02cb6d9279bb310,ac77fc096334bb131cc25f7c6471566e,delivered,2017-01-16 21:18:10,2017-01-16 21:30:23,2017-01-17 15:18:10,2017-01-24 19:16:47,2017-02-14 00:00:00
e7bbb39c507d08caa0aee263d3d6ca55,7dbc842dc7479f9708f950fb68fa7f29,delivered,2017-01-16 21:55:31,2017-01-16 22:05:22,2017-01-19 07:41:27,2017-01-26 14:24:59,2017-02-20 00:00:00
21aa5570514b188b031255172b1e04bd,b924b981ecd4493825f0c54db5b4be8c,delivered,2017-01-16 22:58:11,2017-01-16 23:05:16,2017-01-18 15:12:21,2017-01-27 15:34:15,2017-02-16 00:00:00
77c75c0f9b0b1c5417b62c696c4734e5,e8b9bdf215893d907b9c19990c5abd23,delivered,2017-01-16 23:03:40,2017-01-16 23:15:08,2017-01-17 14:16:54,2017-01-24 17:06:00,2017-03-02 00:00:00
d2e9aead95751dd6bd0ce80e7d506c53,d40e29db86a4db2aeaf8fa2b22c48f5e,delivered,2017-01-16 23:25:16,2017-01-16 23:35:20,2017-01-18 09:47:00,2017-01-23 14:13:07,2017-02-28 00:00:00
13a4e0efe42392b2ee22601883f47d24,501e5b016fc09bda702e55fec5be78dd,delivered,2017-01-17 00:16:14,2017-01-19 02:11:02,2017-01-23 13:43:59,2017-01-26 06:45:01,2017-02-27 00:00:00
6f275c944d1814eca6bfbb2bcfa3b0ea,219f6aa1ddc83ec7dbf2498e664129c1,delivered,2017-01-17 09:15:35,2017-01-19 02:17:31,2017-01-19 09:46:30,2017-01-24 14:31:56,2017-03-01 00:00:00
eb87432d1b32d99db89d573d77767a01,a22ecc2c34b892685233022097d1ba0a,delivered,2017-01-17 09:15:55,2017-01-17 09:25:11,2017-01-17 14:16:55,2017-01-23 13:12:10,2017-02-27 00:00:00
f7a4be4d6edb66bd0e62e91e1bbc9061,30df93bd0e2874646d39d37dec1764d5,delivered,2017-01-17 10:49:05,2017-01-17 11:02:18,2017-01-18 12:40:23,2017-01-30 13:28:43,2017-03-01 00:00:00
f8156c3c902b5ae88ac59a6c7b28f72a,428ed8065f1b2eb32338b0ff5f30c8d1,delivered,2017-01-17 11:21:45,2017-01-18 02:10:20,2017-01-18 16:00:14,2017-01-24 12:21:29,2017-02-27 00:00:00
3c54678edd9d58abadd6af16d0bce506,3b7db71fcb0e1493dc3f486768a67239,delivered,2017-01-17 11:26:55,2017-01-17 11:41:41,2017-01-18 15:33:10,2017-02-04 08:03:42,2017-03-01 00:00:00
3bd5b53dee9d54938f56208bcc03d855,644182a0f196539f214b3f8877fb19bd,delivered,2017-01-17 12:15:42,2017-01-18 02:15:54,2017-01-18 15:34:26,2017-01-25 13:47:42,2017-03-17 00:00:00
cb4980b31efc7af3ee819aa60582c31b,dc0c77cca2f6acb682827975536a6dc7,delivered,2017-01-17 12:42:06,2017-01-17 12:55:27,2017-01-17 13:20:45,2017-01-20 13:42:37,2017-02-17 00:00:00
09b38400b1601bc9dea9de02c710857f,9ed06342197fde512695b88ef49400c2,delivered,2017-01-17 13:23:49,2017-01-18 02:10:39,2017-01-20 07:13:45,2017-01-27 12:09:44,2017-03-06 00:00:00
9c54a1816e487456bb7eb5082b9823ff,1d48a5dcde374b9d63b2c29e6af97cb8,delivered,2017-01-17 14:23:54,2017-01-17 14:30:16,2017-01-18 08:27:58,2017-02-08 08:43:59,2017-03-02 00:00:00
91750e4d3d89e619cd557a6da400be06,a509c0faf10ecf2d74c38e3945b25496,delivered,2017-01-17 14:23:56,2017-01-17 14:30:17,2017-01-20 07:13:45,2017-01-30 12:58:03,2017-03-02 00:00:00
06f5f6139b33f53defc64643f1252d53,cbdced3b7732432c679e661c4bcb77e4,delivered,2017-01-17 14:50:19,2017-01-17 15:02:24,2017-01-20 14:14:14,2017-01-30 14:36:28,2017-02-27 00:00:00
ea97616a19d3b2683ab949def1037708,e01dd706e00cef25a6be635737bee134,delivered,2017-01-17 14:57:29,2017-01-17 15:10:17,2017-01-18 15:06:19,2017-01-26 13:57:31,2017-02-27 00:00:00
f9427374480e37251d5c279ebc41a3ab,24d27d857775354d2ef3c83e95be2935,delivered,2017-01-17 14:57:45,2017-01-18 02:10:16,2017-01-19 09:12:51,2017-01-24 15:14:01,2017-02-23 00:00:00
944f618b790d6d01c2c78750fc0f700a,5f6478ee9ad1339b32bfa4f5fe674ea8,delivered,2017-01-17 15:01:33,2017-01-17 15:15:14,2017-01-24 15:10:48,2017-02-02 15:47:34,2017-02-27 00:00:00
2195712688ef03e20c8053de61c82493,45cb0fe36535222805dbee60662f9dee,delivered,2017-01-17 15:30:34,2017-01-17 15:45:13,2017-01-23 15:09:45,2017-02-01 16:37:26,2017-02-23 00:00:00
74b9c5a1b6f7632750a25db4de597512,3d89e437bbd02dfc96b7ebf2d791bfc2,delivered,2017-01-17 16:25:29,2017-01-17 16:41:52,2017-01-23 11:53:31,2017-01-31 10:58:00,2017-02-17 00:00:00
ae917963181c56c14f8d0e873b1588ac,c09f8cdfa1c0e9d5ce962948b1a4f3be,delivered,2017-01-17 16:47:13,2017-01-18 02:10:29,2017-01-18 09:07:53,2017-01-27 14:54:59,2017-03-09 00:00:00
70d0dedf8c23e2cedca5915427acd101,e89602b2442a8d65407ba198d614502c,delivered,2017-01-17 16:58:06,2017-01-17 17:15:16,2017-01-18 14:22:10,2017-01-28 11:57:18,2017-02-15 00:00:00
9980c5519e01cc5a1c1c35bd247bb499,68fcf3339b654cd981786ff00d15bbfe,delivered,2017-01-17 16:59:30,2017-01-17 17:10:08,2017-01-18 09:46:40,2017-01-31 14:16:29,2017-02-27 00:00:00
cd6f777c4734b77c8f01725d6a3500c0,aba0612f1bda6131d3058084c31511ca,delivered,2017-01-17 18:24:14,2017-01-17 18:30:11,2017-01-18 06:55:01,2017-01-27 13:32:35,2017-02-13 00:00:00
8c482c28bfcadc891bc37e13dc7ace34,1d4559618ae0a6bcc7dc8baaf5ad58cc,delivered,2017-01-17 18:42:36,2017-01-17 18:50:19,2017-01-26 11:53:38,2017-02-10 05:28:26,2017-02-15 00:00:00
0eaa4845a6182d6b72de720fb976abd4,4d7f34d701f198e39e1c0cd92c3ee12c,delivered,2017-01-17 18:44:09,2017-01-17 18:55:20,2017-01-18 10:55:18,2017-01-27 12:13:56,2017-03-07 00:00:00
d9a08faa201940dd3302f06944b5c739,0fbba4e64c66162f8108ba004d0b929d,delivered,2017-01-17 18:57:58,2017-01-17 19:10:11,2017-01-26 11:53:35,2017-01-31 12:22:42,2017-02-15 00:00:00
01ba72e24cf883d74c5479c0a626c740,edbaa972997d3e33faec1e1b6e0b7e43,delivered,2017-01-17 19:55:40,2017-01-18 02:10:52,2017-01-18 09:40:16,2017-01-25 13:52:35,2017-02-27 00:00:00
9b2e5e7107f9b0d28873782803e01ecd,f528cd2e64c47c4d65c1355294c43323,delivered,2017-01-17 20:20:10,2017-01-17 20:32:51,2017-01-18 08:48:04,2017-01-26 06:15:39,2017-03-06 00:00:00
24e1c731364b64c76d98e985bfdbef77,679b47a0e9e57e5f32b43a333b746f55,delivered,2017-01-17 20:38:15,2017-01-17 20:50:16,2017-01-19 09:26:02,2017-01-23 10:38:08,2017-02-27 00:00:00
fdb3ef83ea6f7bef7d13bdd9b38da661,fbc1bec47970c387d5f4962d518dd268,delivered,2017-01-17 21:09:40,2017-01-17 21:21:39,2017-01-24 14:49:32,2017-01-26 16:25:11,2017-03-13 00:00:00
ecfdcaa1a2dacb4e5297d8251b115002,2dffab2135e36d25087cad94f4e559ab,delivered,2017-01-17 22:26:00,2017-01-17 22:42:15,2017-01-19 08:14:56,2017-01-27 10:07:33,2017-03-07 00:00:00
3aa9ae345c5bf7396e8b237717c470cf,d14ec9b10324e4132ee110e8012e7dde,delivered,2017-01-17 22:34:59,2017-01-17 22:45:15,2017-01-26 08:08:31,2017-02-01 16:48:47,2017-02-23 00:00:00
b063bf13bfec7c847d7a6bdb54554c00,9116afdef84d57d567a2d87cc9dd12bc,delivered,2017-01-17 23:37:51,2017-01-17 23:50:17,2017-01-18 10:07:14,2017-01-25 13:53:45,2017-02-27 00:00:00
c022b7da8ab7a4a04bd561c8f765a14a,c797ffdbae65b56c177d3c1368d03628,delivered,2017-01-17 23:40:42,2017-01-17 23:50:15,2017-01-18 13:59:38,2017-01-25 12:51:51,2017-03-01 00:00:00
b8297ee8722ce94cc9a2e9263124cd36,7c852d7bbf1b4c00b69926f3b380e288,delivered,2017-01-18 00:31:51,2017-01-18 00:45:47,2017-01-18 10:32:15,2017-01-30 11:51:53,2017-03-02 00:00:00
0f91be4a9bf9ffd2c1ace53b9e5dd9e2,3dd2f8a8b58ffd06e8bff60f30b84f91,delivered,2017-01-18 02:01:36,2017-01-23 16:43:02,2017-01-26 14:44:01,2017-01-30 11:04:23,2017-03-02 00:00:00
99e3f90c535337b45eace6f8a8a9400f,3d5c479107dce026a67c0a78ec5f87f2,delivered,2017-01-18 08:01:37,2017-01-18 08:10:14,2017-01-18 11:03:09,2017-01-26 15:14:31,2017-03-17 00:00:00
fbd82b1fe98967de0db29b6cf134d00a,45f5c9d984dbfa2105e3544cc85133bf,delivered,2017-01-18 08:55:36,2017-01-18 09:05:10,2017-01-18 10:41:58,2017-03-07 08:55:47,2017-02-14 00:00:00
6ed4f19dc97f2a4b5d0f15651247dbca,6b7e649105e4c5388bd8c3c4e9efcff3,processing,2017-01-18 09:52:32,2017-01-18 10:05:11,,,2017-02-28 00:00:00
660c604f50fc9edcf854689682d1560e,d20bbabb669a554138e7d3f97cafafd6,delivered,2017-01-18 10:27:19,2017-01-18 10:42:18,2017-01-18 12:05:00,2017-01-20 11:42:06,2017-02-24 00:00:00
71f86189760ff1dec6805f4fc7c6f52f,bc41a708ec6dabfa8b01320ad60ac6a2,delivered,2017-01-18 10:42:05,2017-01-18 10:50:21,2017-01-18 17:19:08,2017-01-31 16:59:08,2017-03-10 00:00:00
7ead6c8726098bd70de2b16cac42df74,19d8d28432946239ce9f75e1990f7e58,delivered,2017-01-18 10:55:55,2017-01-19 02:11:04,2017-01-19 11:35:16,2017-02-09 07:14:02,2017-03-10 00:00:00
0e660617f70b9a3f6bfd3919b49450ab,3bb3946913ea760c53bc4298f9ecf5bd,delivered,2017-01-18 11:14:16,2017-01-18 11:30:09,2017-01-20 11:05:50,2017-01-26 14:44:45,2017-02-21 00:00:00
8c0a4c58ee098fea192d86cb195786e6,743eb1a642f457af79087cfaa894a63b,delivered,2017-01-18 12:27:53,2017-01-18 12:41:46,2017-01-19 15:55:22,2017-01-30 11:47:28,2017-03-10 00:00:00
0a1ad2c293c3baacc6b2c2d442c71acd,3257a8d4cbb3343dcf40eac13ba329cb,delivered,2017-01-18 12:51:23,2017-01-18 13:05:15,2017-01-23 13:03:31,2017-02-06 16:56:48,2017-02-16 00:00:00
7e6b55f6388682bf51a05d8f13c2d466,9a3f62a5bf3676fc5f7197d68d626515,invoiced,2017-01-18 12:59:05,2017-01-18 13:10:17,,,2017-03-02 00:00:00
3ac963599c50b9beedbcebb47eb33af9,ab23392115ab5083ec640a5c781c2820,delivered,2017-01-18 14:32:43,2017-01-18 14:45:21,2017-02-07 08:12:41,2017-02-16 17:42:20,2017-03-02 00:00:00
1ef09d75953043a71a73428e15bc2f5c,572178b4530a9a986a59205bedea0712,delivered,2017-01-18 14:53:29,2017-01-19 06:50:22,2017-01-20 10:57:54,2017-01-25 15:06:36,2017-02-24 00:00:00
c9645496b715730a1a5d07eb97a6bf6b,65b9f936439ccafa20f0d6888a5875d3,delivered,2017-01-18 14:56:47,2017-01-24 15:25:11,2017-01-25 10:07:43,2017-01-30 13:13:54,2017-02-14 00:00:00
f6b63a36cd2dd4fd184e6da3f911a4de,f0dae1e937bb3c41846089b13dde866e,delivered,2017-01-18 15:31:13,2017-01-20 02:15:28,2017-01-20 10:50:47,2017-01-25 08:58:55,2017-03-02 00:00:00
171398a0cd843c65ac78aee9e05a1f49,f0244902c07b7c0799e468218579a925,delivered,2017-01-18 16:07:37,2017-01-18 16:15:20,2017-01-23 10:02:30,2017-02-03 12:51:58,2017-03-20 00:00:00
90d2bbc31356e711e2fe7b0b78181687,58fd1de47b74bd72637ccb4179c475bc,delivered,2017-01-18 16:48:00,2017-01-19 02:15:58,2017-01-20 16:34:12,2017-01-24 19:02:18,2017-02-28 00:00:00
c5e86e382215a14b35e8a51f1110f39d,f09f24eded6cdd153f9c3d778168b564,delivered,2017-01-18 17:04:36,2017-01-18 17:15:18,2017-01-20 17:28:13,2017-02-03 12:09:19,2017-02-28 00:00:00
5dc269b7c4dce1624653e914a1b739f5,575a192461d4a325e5f9667e6ce5c2df,delivered,2017-01-18 17:20:39,2017-01-18 17:31:55,2017-01-20 13:02:22,2017-01-27 12:09:42,2017-02-24 00:00:00
5a37429384be05ca14780e4989543688,03b753419e88796de2c7127ff13dce58,delivered,2017-01-18 17:42:22,2017-01-18 17:55:09,2017-01-23 11:19:08,2017-02-06 13:33:56,2017-02-28 00:00:00
77c34615b2963e4bf4b48d59da0eb5e1,06b74967617d6e12688e779fdc1a580c,delivered,2017-01-18 17:44:05,2017-01-18 19:05:09,2017-01-20 11:45:44,2017-01-31 10:41:44,2017-02-16 00:00:00
00b4a910f64f24dbcac04fe54088a443,d70e5eac00a9d35a3cb193442c0287cd,delivered,2017-01-18 17:55:34,2017-01-18 18:05:17,2017-01-19 14:44:25,2017-01-26 13:21:57,2017-02-28 00:00:00
d0a4948ce19a51837d5e24c26ab83d76,ff84d0fa669f79bdc394cadf5d651cf2,delivered,2017-01-18 19:39:51,2017-01-18 19:50:23,2017-01-24 08:48:51,2017-01-31 09:15:04,2017-03-13 00:00:00
e2d092db21e901d04985350bf0e748ac,08fbfcc1b6c48f73ddca8312c78f6f53,delivered,2017-01-18 20:11:57,2017-01-18 20:25:10,2017-01-22 21:41:59,2017-01-27 09:37:35,2017-02-28 00:00:00
3a6cac3e6717e6a7ee4cb28aaa149a91,766d9773a9cfa50e19a5c27a88d1b911,delivered,2017-01-18 20:14:17,2017-01-18 20:25:12,2017-01-20 11:07:49,2017-01-27 17:14:19,2017-02-20 00:00:00
a68667474430fadbcfc1bfbb9e2adc0b,616fa20bdc978ccaf552b46fbc0567a5,processing,2017-01-18 20:48:59,2017-01-20 02:10:55,,,2017-03-06 00:00:00
2511cdf205337513507a1863f0098d39,71058039e9883484d1264522cbc9c2f1,delivered,2017-01-18 21:08:18,2017-01-19 21:10:20,2017-01-24 07:21:21,2017-01-26 21:57:38,2017-02-28 00:00:00
9c0b834fc89f4dd70679baffe8bed38e,3ff64bf4067f2b8c240397252473423b,delivered,2017-01-18 22:12:34,2017-01-18 22:25:08,2017-01-19 12:37:06,2017-01-26 13:28:50,2017-02-14 00:00:00
fcda3cc8210e746326864eb933641ccf,fee7cf49127308e2b5402c9984b6f1f6,delivered,2017-01-18 22:41:55,2017-01-20 22:42:02,2017-01-23 11:41:56,2017-01-31 18:47:35,2017-03-02 00:00:00
95fd5e469d8ce5093adeace50b5a4389,073a1dd224494392bd923c55a093ce4e,delivered,2017-01-18 22:57:25,2017-01-18 23:10:21,2017-01-19 15:30:35,2017-01-24 13:44:49,2017-02-14 00:00:00
e1000df659259b29cb73a4798ccd7454,feb21f4291037a45288a6266d66a0096,delivered,2017-01-18 23:02:45,2017-01-18 23:10:20,2017-01-19 15:02:12,2017-02-09 12:33:46,2017-02-28 00:00:00
7b4fb0197b18a0fd0e75f9e44b3fc757,7c495c9a1dbeeb7167642f15ae11bab8,delivered,2017-01-18 23:15:29,2017-01-18 23:30:12,2017-01-19 14:47:45,2017-01-30 09:33:41,2017-03-08 00:00:00
facac214a771c262175219d6c5a3a439,d577d6f224cc6476bfea34715dcb4a12,delivered,2017-01-19 00:08:11,2017-01-19 00:15:43,2017-01-20 13:41:44,2017-01-30 14:41:21,2017-03-01 00:00:00
b79559dba6909e4d8ac0ddf501a99f14,8875aea6f056699f247e669173862026,delivered,2017-01-19 08:57:04,2017-01-19 21:01:51,2017-01-20 10:18:48,2017-01-27 09:15:53,2017-02-27 00:00:00
f878206572adfa47110fed4947806589,1b68647cee091c5dcf4f7200ba5dd760,delivered,2017-01-19 09:59:49,2017-01-19 10:10:14,2017-01-20 11:03:56,2017-01-26 15:48:46,2017-03-13 00:00:00
4a571f5e71e16ce232386c80d485db65,a08c3f511f37158bd7e1964e6efafa2a,delivered,2017-01-19 10:17:29,2017-01-19 10:30:18,2017-01-23 11:19:07,2017-02-01 01:05:18,2017-03-03 00:00:00
984d046c833232079162e22c7ef8c15d,6cdb70bd1221c6913ebb68b580713161,delivered,2017-01-19 10:33:22,2017-01-19 10:41:43,2017-01-20 13:57:33,2017-01-26 13:05:06,2017-03-01 00:00:00
5d6e9993ecc20a59e637ce711858d081,47fd93db3f6e715f6d06f90ba501b94d,delivered,2017-01-19 11:26:57,2017-01-24 15:35:15,2017-03-13 09:16:51,2017-03-23 08:21:38,2017-02-27 00:00:00
e5ecfcbdbc07f8edf7ec0df1504a74a6,db329a00354d35ec9fdaaf8e11bd8033,delivered,2017-01-19 11:47:55,2017-01-19 13:30:21,2017-01-27 12:24:41,2017-02-06 13:43:56,2017-02-17 00:00:00
77e102ecf08e057581ef2ce55c80c6c0,4cd81e890532dc8cf4ee9c2667629e43,delivered,2017-01-19 12:02:28,2017-01-19 12:21:38,2017-01-23 11:58:06,2017-01-26 11:12:14,2017-02-15 00:00:00
c1d4211b3dae76144deccd6c74144a88,684cb238dc5b5d6366244e0e0776b450,delivered,2017-01-19 12:48:08,,2017-01-25 14:56:50,2017-01-30 18:16:01,2017-03-01 00:00:00
bcb093f60b7e48f285bf92f681e65651,fc65613a333059225d516c273fbff1c0,delivered,2017-01-19 13:06:45,2017-01-21 03:10:24,2017-01-23 21:44:04,2017-01-26 13:33:59,2017-02-15 00:00:00
10bce195e3966122a3dd0e2aa676f761,0280e2736a179aa87a59447236a797fa,delivered,2017-01-19 13:38:16,2017-01-20 13:45:08,2017-01-24 07:47:43,2017-01-27 10:42:38,2017-02-21 00:00:00
e04d9eacedc0dca9d83c14fcb0d7276c,d87b6988897b12def5709ca4f8142012,delivered,2017-01-19 14:04:48,2017-01-19 14:21:41,2017-01-20 14:18:23,2017-02-07 14:35:10,2017-02-27 00:00:00
d6d7c431275f0029dcc3538850930046,5b477d525dd0c1eb93148e22ce5d3ba6,delivered,2017-01-19 14:28:48,2017-01-19 14:41:56,2017-01-24 10:05:23,2017-01-31 12:26:08,2017-03-13 00:00:00
e75011be2ec3dec23d2ed6757d35c792,7dec82bd3f93ed6107cb7bc7e2242618,delivered,2017-01-19 14:38:27,2017-01-19 14:50:07,2017-01-20 14:12:55,2017-01-23 12:38:48,2017-02-27 00:00:00
0675116b5556a78cf0413f70aa9f235e,9e2d9c6000d88cd4b51ab4dc2bc58ef9,delivered,2017-01-19 15:21:44,2017-01-19 15:30:17,2017-01-23 11:06:32,2017-01-26 16:52:29,2017-03-01 00:00:00
6e4a67f3a94e46e6cc5af48093d14127,6f065c44abf2024a4cb9ee299921ed6a,delivered,2017-01-19 15:21:44,2017-01-19 15:30:15,2017-02-01 18:06:23,2017-02-01 18:06:23,2017-03-08 00:00:00
67e2b3a30d665abe59b95f2d60676138,67c0b78998f16fcd722c1fcd70f51bd0,delivered,2017-01-19 15:37:26,2017-01-19 15:50:16,2017-02-10 09:11:27,2017-02-10 19:21:54,2017-03-01 00:00:00
d62c14881563a74903e7d10f685406aa,67588b81dcadc1a20b20aac2ca3ed209,delivered,2017-01-19 16:02:47,2017-01-19 16:10:31,2017-01-20 13:02:19,2017-01-30 12:31:58,2017-03-13 00:00:00
2e84d66424ec0ddb081078d1411fb1db,8d668ebf82d5e30bfd13822db8b51d59,delivered,2017-01-19 16:17:57,2017-01-20 02:05:28,2017-01-20 14:11:32,2017-01-27 16:07:50,2017-03-01 00:00:00
90bf0d006edb962cf09943bf3e4ad217,60a63d5cfff369d6ca0d86ab8073c8d5,delivered,2017-01-19 17:17:28,2017-01-19 18:31:23,2017-01-23 10:23:56,2017-01-27 11:08:09,2017-03-03 00:00:00
da0571dd2e59b32cca46279a02bfb40e,76a5a351fffbceba0b0767a5bba5cc6d,delivered,2017-01-19 19:02:48,2017-01-19 19:15:11,2017-01-20 14:12:27,2017-01-23 20:23:42,2017-02-27 00:00:00
058afe6c6322b4773393a66003934493,5b894cf9a0b95ce53a6ce010fe000104,delivered,2017-01-19 19:35:35,2017-01-19 19:50:14,2017-01-20 15:45:45,2017-01-24 12:53:46,2017-02-15 00:00:00
6ff09113fd48861d786d40583b7f2aa3,9b29afbe5be6f07ceca7ecd44ae83a4f,delivered,2017-01-19 20:12:02,2017-01-21 20:10:14,2017-01-30 08:22:51,2017-02-06 09:15:59,2017-03-13 00:00:00
c870ef6a8e1d8eec841d79b42a6a20e4,5e2eb678bf7712ade6ed644acfd44f5e,delivered,2017-01-19 20:45:08,2017-01-21 03:10:43,2017-01-25 09:24:26,2017-01-30 19:47:59,2017-02-17 00:00:00
0571cdb407bf04b419c94ffd7acbd874,2ec7666d1077597d4e4ff2116a319530,delivered,2017-01-19 21:24:05,2017-01-21 03:05:52,2017-01-23 11:41:56,2017-01-30 13:24:45,2017-03-03 00:00:00
df537c849af44beef86a7ef7de12126a,e97a76910029690bc1f5b67376c38af5,delivered,2017-01-19 21:48:41,2017-01-19 22:01:56,2017-01-25 16:05:15,2017-01-30 11:41:52,2017-03-15 00:00:00
7002a78c79c519ac54022d4f8a65e6e8,d5de688c321096d15508faae67a27051,delivered,2017-01-19 22:26:59,,2017-01-27 11:08:05,2017-02-06 14:22:19,2017-03-16 00:00:00
4ceb9336411700f9568db2ef11bda594,60582a6628af83a283474d8c94e3ff7a,delivered,2017-01-19 22:41:52,2017-01-19 22:55:17,2017-01-20 16:27:58,2017-01-26 13:57:59,2017-02-17 00:00:00
49268496ecf8148bd16540c2a23c6c70,ffaa23e5ad898d7e2b73cd716dcbc43a,delivered,2017-01-19 23:12:08,2017-01-19 23:25:11,2017-02-01 18:06:52,2017-02-01 18:06:52,2017-02-15 00:00:00
abfb34ed11820c7247adfb30fe5bb7ae,0d0f6b38e873757a949a9c3624b21a93,delivered,2017-01-20 00:25:39,2017-01-20 01:30:17,2017-01-23 10:02:29,2017-01-31 17:44:19,2017-03-16 00:00:00
20960ecf3d6ac0b19f3818f15c8e3fc5,9f1a7f33083fc1cd8865c587eb71c3e5,delivered,2017-01-20 00:52:29,2017-01-20 01:05:08,2017-01-20 17:24:37,2017-01-24 14:07:51,2017-02-28 00:00:00
de59016b99422f0bbd7e51a301bf2578,bee4e134573a69da08ec778c2ee62eeb,delivered,2017-01-20 01:59:05,2017-01-20 02:22:15,2017-01-20 11:36:02,2017-01-25 16:37:49,2017-02-28 00:00:00
5a4cc097e0e591ab3f150524b83d81af,3e538d735070c509095ccbdb699f798d,delivered,2017-01-20 03:35:44,2017-01-20 03:50:12,2017-01-25 10:04:09,2017-01-31 10:12:18,2017-03-03 00:00:00
0cafd6a7576a6aae0f891008a87f1546,c758396a502648cb2e77ef06e0807a00,unavailable,2017-01-20 10:31:53,2017-01-20 10:45:12,,,2017-02-22 00:00:00
35444785eacb17aeda6810ebd8dd188e,7dfd921b8d5eeee59b1b012e6696a99f,delivered,2017-01-20 10:47:03,2017-01-20 10:55:13,2017-01-23 14:04:24,2017-01-30 14:46:05,2017-03-06 00:00:00
72c6b41818d5e645f455986b59b7a964,3917cd13f3dd7d8b6124ce56f00e88ae,delivered,2017-01-20 10:58:23,2017-01-20 11:05:24,2017-01-25 16:12:01,2017-02-20 13:34:53,2017-02-23 00:00:00
22aa0b4e8c7855fd8d534a7692579a36,9e1d60f744e20177e6c2b1062af5c97c,delivered,2017-01-20 11:12:25,2017-01-20 11:25:15,2017-01-20 14:18:57,2017-01-30 13:05:04,2017-03-02 00:00:00
bb448c2c512a6883aa2a26cb57b6cf4a,ed0b5e13c101afa092296d346b2dbed4,delivered,2017-01-20 11:38:56,2017-01-20 11:50:17,2017-01-25 11:32:42,2017-01-27 13:16:00,2017-03-01 00:00:00
897702f9f3fe72f18863ffc09e7ddef3,d521a479946c5ddfa97cb9872da48e2d,delivered,2017-01-20 12:04:03,2017-01-20 12:15:23,2017-01-23 12:17:30,2017-01-30 14:23:39,2017-02-16 00:00:00
ed6878f64d1bb00f07e210dfaaf9e4d3,396e166b4e65309db46b7c9945c89a33,delivered,2017-01-20 13:32:34,2017-01-20 13:45:10,2017-01-20 14:34:29,2017-01-31 13:48:00,2017-03-10 00:00:00
36aa7a4fce4353a2a7f6d2aa9448900f,3cff79bc3cc73ae212fbc01eb269acfe,delivered,2017-01-20 14:27:46,2017-01-21 03:06:44,2017-01-23 09:01:45,2017-02-03 10:38:55,2017-03-06 00:00:00
6b686186d43eaa21c407ecf34ebb9ee6,be6d6b80ed0d80156defc8802d89eed2,delivered,2017-01-20 14:30:03,2017-01-21 14:50:18,2017-01-30 13:32:41,2017-02-03 13:34:36,2017-02-22 00:00:00
6789a1de9a37be580653e51fc6458776,d76512c766b6191a31760b27a3a671fd,delivered,2017-01-20 14:43:44,2017-01-20 14:55:10,2017-01-23 11:19:06,2017-02-17 13:28:01,2017-03-02 00:00:00
f88aa9b677553d2e3f0e77b495066619,5511dd149c4585a6552aa75a1dd6ac8c,delivered,2017-01-20 14:56:31,2017-01-21 03:06:21,2017-01-30 10:31:58,2017-02-08 10:34:08,2017-03-02 00:00:00
6219ece1f053a3ffa649340e87cd93d2,356e49e06716cab5d634234a371dba70,delivered,2017-01-20 15:08:05,2017-01-20 15:21:48,2017-01-23 10:17:42,2017-02-02 15:15:52,2017-03-08 00:00:00
b49998737b7359ebe1b64b0b7ffb20f6,d46d7edbddcff60db4428ed88fd33dfc,delivered,2017-01-20 16:27:25,2017-01-20 16:41:55,2017-01-23 11:06:31,2017-01-26 16:24:02,2017-03-01 00:00:00
7ef1da1730f64df72be4189c5ea58c66,ed672ba37544385256cd475cb61a468f,delivered,2017-01-20 16:32:37,2017-01-21 16:41:49,2017-01-24 11:43:54,2017-02-02 10:33:59,2017-03-02 00:00:00
e4774d4c3b28de27487f1caa9de5a6f5,7820fb76c321c0ad6ffe4eb9fc1e5af6,delivered,2017-01-20 17:23:00,2017-01-24 03:35:24,2017-01-31 16:09:56,2017-02-10 16:34:57,2017-03-02 00:00:00
d469b51abffc6d74299c8a0a56db5314,40e7f92901dab91f3c1b9acbec7d05bf,delivered,2017-01-20 17:41:58,2017-01-26 20:21:56,2017-01-30 14:42:43,2017-02-07 15:46:11,2017-03-15 00:00:00
f5d54f3d6cc2c7125dc1de8888ce8975,7f18a55ab36bb9522b71a169132b049a,delivered,2017-01-20 19:18:03,2017-01-24 03:45:39,2017-01-24 15:02:13,2017-01-30 11:51:55,2017-02-28 00:00:00
db0b12b763f716df3f27218724161479,84670f973f394ff5609861af7d0157ae,delivered,2017-01-20 19:22:40,2017-01-20 19:31:22,2017-01-23 11:29:09,2017-01-25 17:17:57,2017-02-28 00:00:00
0f475d7e08b52d8abf7e8c6141286c27,93794f99eb7b7e4cb838e17e2032377b,delivered,2017-01-20 19:23:11,2017-01-20 19:31:08,2017-01-23 09:33:17,2017-01-27 17:05:58,2017-03-02 00:00:00
8bef37e0a778afcdf32118f376beb9de,332ea0e2b2e87e9ed11f7aee42cf698f,delivered,2017-01-20 19:33:29,2017-01-20 19:45:13,2017-01-23 11:52:31,2017-01-30 14:09:01,2017-02-28 00:00:00
6bc6b07e448bae52d248c4df401d6157,7ab83c4dcbf17bff5832baf041f71fab,delivered,2017-01-20 19:44:07,2017-01-20 19:55:19,2017-01-24 07:34:51,2017-01-26 15:53:46,2017-03-03 00:00:00
bab0a62e41a5f0abc7f04989cdd7a6fd,91fd5aa21b364a805141f532a7bfab2d,delivered,2017-01-20 20:33:49,2017-01-20 21:02:21,2017-01-26 10:32:23,2017-02-07 16:31:32,2017-03-14 00:00:00
4baa3882a6f5d47e5ac98cd10c942c4f,fb0fe3df796fc48ccdd629d12095b108,delivered,2017-01-20 21:20:07,2017-01-24 03:36:28,2017-01-24 10:24:36,2017-01-28 11:34:03,2017-02-28 00:00:00
66f1a7baf73c12eb3af95058da54b6f8,ffe51ba924ffabbb6e1ec2c92e582851,delivered,2017-01-20 22:11:31,2017-01-20 22:21:59,2017-01-24 12:09:03,2017-01-28 06:41:37,2017-03-02 00:00:00
032bc75236a1cbaf410bb596a509e774,a0ba6852184c70cbee04bed3909bf011,delivered,2017-01-20 22:18:06,2017-01-20 22:25:17,2017-01-23 09:03:46,2017-01-30 18:35:00,2017-02-16 00:00:00
e09dd765041e9934d762d51ccb26adee,915b040fe51ec246edf9bd062ee7da8b,delivered,2017-01-21 06:58:31,2017-01-21 07:10:09,2017-01-24 09:36:22,2017-01-30 13:57:45,2017-03-21 00:00:00
0f3827e8b786c3d934c0863c1690603d,3b00ef5e72ddc9ea0209d45514deddec,delivered,2017-01-21 08:50:04,2017-01-21 09:05:14,2017-01-23 11:06:28,2017-02-02 16:12:11,2017-02-22 00:00:00
9758e655b4d2fca01c69a4dde9d4fb5b,7bebaaaa1a33db48ca58e50d6af76be1,delivered,2017-01-21 09:44:46,2017-01-22 09:55:06,2017-01-26 14:05:25,2017-01-30 10:39:16,2017-03-14 00:00:00
a3d1ef2562cf71542edfed06c1a7b6c8,5f825bf617f8288a4cb4f50c3c179794,shipped,2017-01-21 11:43:35,2017-01-24 03:42:07,2017-01-24 10:16:53,,2017-03-08 00:00:00
ec63c198f700051fb0a74c40a757af0e,a1ebf55f38ab9ffa56b94b524a291c6f,delivered,2017-01-21 14:00:52,2017-01-21 14:10:17,2017-01-23 15:04:00,2017-01-31 14:56:08,2017-03-02 00:00:00
81251f18621a822ad5b09593dfee4fc9,ae4dce7235e0aac52e4b82c54f7b18de,delivered,2017-01-21 14:17:21,2017-01-21 14:30:16,2017-01-25 16:51:53,2017-01-27 11:34:09,2017-03-16 00:00:00
e9df4254faf2fe70bfbff4c0abe4fb7c,3d1d66accf98c118e170e779aab66b67,delivered,2017-01-21 14:22:49,2017-01-24 03:45:13,2017-01-27 08:58:51,2017-02-07 11:28:05,2017-02-20 00:00:00
c13f61a17915a48e0741b02a6b7a3fe8,867ac9a8fc8fc9611ab69114e719457a,delivered,2017-01-21 15:01:29,2017-01-26 20:05:09,2017-01-27 15:23:18,2017-02-02 12:22:00,2017-02-21 00:00:00
230c830e0ace11bcabaf63deebbee836,94ae739e955e77518c3ca587d09accf0,delivered,2017-01-21 15:41:06,2017-01-21 15:50:21,2017-02-03 09:36:51,2017-02-09 08:25:46,2017-03-06 00:00:00
250d181fa1c603024562b93a8f8d5fe0,7c29c309c685f2f7388ad10624008acd,delivered,2017-01-21 16:30:43,2017-01-21 16:41:50,2017-01-26 10:41:52,2017-01-31 19:42:09,2017-02-28 00:00:00
bd2623f3663c5daa3f89e6b527fd49da,b7b15ab12fa50616eee696a22f098e07,delivered,2017-01-21 17:08:01,2017-01-21 17:22:49,2017-01-24 07:47:47,2017-01-27 18:12:13,2017-03-02 00:00:00
8b6d201fff0b1b32e59f7cbdc6beaf54,e727991c9f9c297620b5d8e6ff320f2e,delivered,2017-01-21 17:17:20,2017-01-21 17:30:10,2017-01-31 16:09:56,2017-02-06 11:00:25,2017-03-21 00:00:00
6c273b11e7a7b4b410ea29fac9769fac,9a4973b677cf78fb287918da79e7177a,delivered,2017-01-21 17:33:30,2017-01-21 17:45:19,2017-01-25 15:37:35,2017-01-30 12:22:46,2017-02-28 00:00:00
2a3d67c0d2045bf67abb3d8f320ac29f,596201f6091e62ac70da64aad9d0ba58,delivered,2017-01-21 18:17:14,2017-01-21 18:30:10,2017-01-23 14:32:55,2017-01-30 16:12:18,2017-02-28 00:00:00
de05dd73ee1b5a964eaa56f814c49851,a5f97dadc879a0cba20bf9650b1bd888,delivered,2017-01-21 18:17:15,2017-01-21 18:30:09,2017-01-23 18:14:17,2017-01-26 15:18:51,2017-03-08 00:00:00
956f15dfe9a7f2414a02c445fdbb865a,007b7f04a35e02745c23ea706492ca20,delivered,2017-01-21 18:37:21,2017-01-21 18:45:09,2017-01-24 07:21:16,2017-02-02 13:54:06,2017-03-17 00:00:00
e660da13091dbe48784500c1c3e2fb75,5c495510e9f861b83aa5fb7c308e8d76,delivered,2017-01-21 19:46:22,2017-01-21 20:01:49,2017-01-25 16:12:01,2017-02-13 15:54:10,2017-03-07 00:00:00
c3ad507aba1f6b47354085e7e6bed0cf,5156283c24fef4abea13a6a6f4469a98,delivered,2017-01-21 19:46:23,2017-01-21 20:01:50,2017-01-25 05:58:53,2017-02-09 15:44:10,2017-03-15 00:00:00
ab0c90a5da04e0132ea07c113bedec0d,f55bb246eecd1cab4ca24d89b196488b,delivered,2017-01-21 20:53:06,2017-01-21 21:05:16,2017-01-25 09:41:52,2017-02-09 09:53:47,2017-03-21 00:00:00
2e22dc2fce65e5b9d73a11d717f41724,61293d3c42c2bfad777bcedcab7c3bd5,shipped,2017-01-21 20:53:19,2017-01-21 21:05:17,2017-02-09 14:28:33,,2017-03-14 00:00:00
9786c52ca3e1ed1ef3ba5c65941627f0,3b02662e1fc027ed85be9b59f038d63b,delivered,2017-01-21 21:12:13,2017-01-22 21:31:32,2017-01-26 11:09:47,2017-02-09 14:34:38,2017-03-21 00:00:00
717d28ee12c7c0ef8b384ff1b62b33c7,f6a6ff9806cd24a90d1b1f7463df9d52,delivered,2017-01-21 21:20:06,2017-01-22 06:50:29,2017-01-30 07:54:59,2017-02-06 09:28:59,2017-03-02 00:00:00
91d1bf2b7745903cb0d17162d1bbd750,064064dd94c43013786fc1e1a14d6374,delivered,2017-01-21 21:58:35,2017-01-21 22:10:13,2017-01-23 14:48:48,2017-02-01 21:57:36,2017-03-06 00:00:00
73558fe683b9ce228381cf2ca678d322,7f5f6d402a23a76d2efc737bbd3d7d1e,delivered,2017-01-21 22:41:08,2017-01-21 22:50:18,2017-01-23 11:54:09,2017-02-09 12:08:54,2017-03-16 00:00:00
5d5b8c94e2bc6b963da5af8a4b02bf08,b3860286d6f0e27b14e0760ce77b11da,delivered,2017-01-22 10:08:18,2017-01-24 03:36:05,2017-01-24 13:06:20,2017-02-08 04:57:44,2017-03-08 00:00:00
4d1f73fde643f7a1d08d400816850265,f796cc9e19019673220efa160fe7e610,delivered,2017-01-22 11:08:52,2017-01-22 11:15:20,2017-01-26 11:37:37,2017-02-07 15:32:26,2017-03-06 00:00:00
c870c1f3a9ba62194d1060c0accb18dd,1ad07b0c4441e0b5550631b23fc22312,delivered,2017-01-22 11:15:23,2017-01-22 11:30:16,2017-01-26 16:27:29,2017-01-31 19:43:50,2017-03-02 00:00:00
64410a4fbf4904d3f9445bf58e9491b5,8f1d0358a348695533891708836a34d7,delivered,2017-01-22 12:21:50,2017-01-22 12:35:24,2017-01-26 16:42:21,2017-02-02 16:09:42,2017-03-02 00:00:00
7ab9c55c59eaeea579d047e2d8aaed81,feca0f935fcce79dd42d409d96af9645,delivered,2017-01-22 13:04:20,2017-01-25 02:55:21,2017-01-26 16:41:28,2017-02-01 00:52:30,2017-03-16 00:00:00
0c1f5fca68708d9a22f8a9fe30b5c588,cd47d198f0840df01cf63596c6f4c429,delivered,2017-01-22 13:14:39,2017-01-22 13:25:17,2017-01-24 11:23:15,2017-01-30 17:05:00,2017-02-28 00:00:00
db4d2ecc1c1a157d6250c84dd86eb838,99ebcd13bb5b88f4acd805f7890567ad,delivered,2017-01-22 13:27:07,2017-01-22 13:35:16,2017-01-23 10:20:33,2017-01-27 10:24:53,2017-02-20 00:00:00
e38f9946fb20db4a597eed7547c59afc,936142b381374fdae2041552d1743af7,delivered,2017-01-22 13:49:37,2017-01-24 03:45:45,2017-01-26 14:58:03,2017-01-30 10:44:58,2017-02-20 00:00:00
bb2dfe6031f35f7abc9a3c7dad5e4467,01e0d4fb731e6ee47df3f3f179cc0a0b,delivered,2017-01-22 14:09:03,2017-01-22 14:30:43,2017-01-23 11:21:46,2017-01-30 12:37:55,2017-02-16 00:00:00
c0c48daac5ca760ce57d4e500886dc56,eb6c184537730dfd01497567b6dd15da,delivered,2017-01-22 14:13:58,2017-01-22 14:30:42,2017-01-23 12:02:29,2017-01-27 12:34:38,2017-02-28 00:00:00
7853cfd26dee49109295b3e604567180,45cdfac600e3e044e7d986b3639ac8f3,delivered,2017-01-22 15:41:21,2017-01-24 03:45:43,2017-01-24 08:28:01,2017-02-03 14:22:55,2017-03-02 00:00:00
319ccdc182a8c5d60b228310a6432460,f9e8bac3b69529d543bf179ce64ca6d7,delivered,2017-01-22 16:03:50,2017-01-22 16:15:20,2017-01-26 12:06:47,2017-02-01 12:32:27,2017-02-20 00:00:00
f3c95cc4d7074e5b709ac1a9c10dea1c,e05df6dee2d1b0a7782f771120b9e826,delivered,2017-01-22 16:10:09,2017-01-23 20:55:19,2017-01-26 05:47:32,2017-01-30 15:06:11,2017-02-16 00:00:00
2457f30493cdc677ad02b57dd6d17285,15e004d388d75132c9f43433c4073f2a,delivered,2017-01-22 17:02:03,2017-01-22 17:10:17,2017-01-23 10:20:32,2017-01-30 19:12:42,2017-02-20 00:00:00
48ae7afdc684e9aff52a26bb84bce016,03376f61962efe4dccecd7ce47dcb511,delivered,2017-01-22 17:11:39,2017-01-23 17:21:45,2017-01-26 14:36:00,2017-01-30 17:34:38,2017-03-02 00:00:00
b9b51e569a2e79970555eb81107eb369,00f3b3a7cd0b6566435090c7fbda03a2,delivered,2017-01-22 17:27:57,2017-01-22 18:31:03,2017-01-23 11:57:55,2017-01-30 13:24:40,2017-03-02 00:00:00
882c1e2076610adab15e5a68430d2180,97574aee35383afe8577dacb0e15a551,delivered,2017-01-22 17:43:23,2017-01-22 17:55:18,2017-01-24 11:43:54,2017-01-28 06:06:19,2017-03-06 00:00:00
6cf5d7a6b6eb9cad292da0b65d6c010e,964dff9f3a81c5f1815798c10f503aba,delivered,2017-01-22 17:43:58,2017-01-22 17:55:17,2017-01-23 11:52:29,2017-02-06 14:37:13,2017-03-14 00:00:00
330a8410950e2c8bd89631999a37b2c9,d372561ad1022927871150461a0a85ca,delivered,2017-01-22 18:02:48,2017-01-22 18:11:20,2017-01-23 16:19:47,2017-02-10 09:32:54,2017-02-23 00:00:00
c504b1d68ad8d98a627dadca7ca53673,32734d8ce19dd70c65a8aa63c4e080e9,delivered,2017-01-22 18:30:51,2017-01-25 02:45:17,2017-01-27 14:21:28,2017-02-01 11:47:31,2017-03-02 00:00:00
32339685fefe9062d33175a4bc12d555,b5ea05c72a89dbe101d94083e18df207,delivered,2017-01-22 20:25:54,2017-01-22 20:35:09,2017-01-24 16:16:14,2017-01-28 04:04:57,2017-02-28 00:00:00
2867faaa7a912bbc2bf8d8e40d7a0354,c7da870eb04374fc25d71501117ab5f6,unavailable,2017-01-22 20:43:58,2017-01-22 20:55:10,,,2017-03-02 00:00:00
3be9883ba4ef261dc194228abc739d0c,34d9abbd51f86b7faec4fb8bd8a630d5,delivered,2017-01-22 20:54:11,2017-01-23 21:02:12,2017-01-27 14:21:25,2017-02-03 15:52:34,2017-03-02 00:00:00
0927a4ea2d6af04c6e8a1aecd4f9951d,c8c62d4767ce11a1611db2fbd5af9a0e,delivered,2017-01-22 21:25:01,2017-01-22 21:35:42,2017-01-26 05:51:33,2017-01-28 10:58:56,2017-02-28 00:00:00
cee2ddf4087d91aaf4874fc1436f9901,23adca7b92ea9f7c40e60be117e47c6b,delivered,2017-01-22 21:42:56,2017-01-22 22:20:11,2017-01-24 15:44:02,2017-02-03 13:25:09,2017-02-22 00:00:00
632ba34265b5449d1f742d24cacf1208,c4eeb750bb290eee0933aa9f859721e9,delivered,2017-01-22 21:50:07,2017-01-22 22:21:55,2017-01-23 15:26:11,2017-02-02 12:34:13,2017-03-08 00:00:00
ed5c53daefe487fab95ccd2afaf61bb0,b91251b81f7e08e8120571f2f4f88e0f,delivered,2017-01-22 21:56:13,2017-01-22 22:05:16,2017-01-23 16:19:47,2017-01-26 14:23:47,2017-02-20 00:00:00
43a5d40681ed4ffe2ed88d6fb2639545,08958a40dbb52a0eb07d38b5e9ba3e51,delivered,2017-01-22 22:15:00,2017-01-22 22:25:13,2017-01-23 16:19:48,2017-02-03 10:11:51,2017-02-21 00:00:00
63f4ff5d2266b242ba0ce7c3ad390029,8830eaba57f7db8ff493f4e2c3da5df2,delivered,2017-01-22 22:54:32,2017-01-22 23:05:12,2017-01-23 17:53:33,2017-01-28 10:04:43,2017-02-16 00:00:00
07d13d352c85dfbfa60dc56dea818335,b3588b0dfd394759bb0048856f365c95,delivered,2017-01-22 23:07:15,2017-01-24 03:50:36,2017-01-27 14:21:25,2017-02-01 21:23:21,2017-02-28 00:00:00
37d24e9a88068283d102aebd4f765133,548d14db00395dec9825ea9673c7e672,delivered,2017-01-22 23:08:14,2017-01-22 23:21:47,2017-01-23 15:35:44,2017-01-26 13:51:54,2017-02-20 00:00:00
a74a1bb28cb0ae0a239270f8e3a85cdf,e3b8e1052eabf24ff52843086a5f4508,shipped,2017-01-23 00:53:05,2017-01-23 01:05:11,2017-02-03 15:16:29,,2017-03-02 00:00:00
eb17935134e6fdd210b40a3d4f8235b2,e715f0071c14494e92c198554a08bb2d,delivered,2017-01-23 00:55:47,2017-01-23 01:21:51,2017-01-24 14:41:52,2017-02-04 08:27:34,2017-02-22 00:00:00
e9beb67cf376905f8cd308ef0f02071d,9465670791e0f1a1ba60680fa2677f3b,delivered,2017-01-23 01:22:51,2017-01-23 01:35:13,2017-01-24 12:18:59,2017-01-27 08:53:44,2017-03-06 00:00:00
fcafab7fc942d51e9f45bfeeb5bb684d,553ee9fd74f79d17eb36a817a4873ca5,delivered,2017-01-23 02:38:46,2017-01-23 03:20:05,2017-01-23 12:02:28,2017-03-04 07:23:50,2017-03-02 00:00:00
9a4ae4d5c3a3dabdf42e5d7ec4203ed2,b1b4f0c5c3d900ca65f0d79b18ee1587,processing,2017-01-23 02:54:13,2017-01-23 03:31:07,,,2017-03-06 00:00:00
616f1f539d7add607844e0199fed7ea6,4a3ceccbd2b8304e6aa7c986c1a4f755,delivered,2017-01-23 07:03:04,2017-01-23 07:30:51,2017-01-27 06:06:07,2017-01-31 11:12:50,2017-02-17 00:00:00
1460b7b8fd63551dc68bfdffdc31edec,d2dc6bcab2d5200c7df05b609db1b1d8,delivered,2017-01-23 07:23:50,2017-01-23 07:35:11,2017-01-24 08:37:50,2017-02-02 09:17:45,2017-03-06 00:00:00
a2c7b8f8a4fe1bc4a8f4e30a5311861d,519fe7375966b917ba9d1f8b7a8784eb,delivered,2017-01-23 07:33:11,2017-01-25 02:42:30,2017-01-27 13:55:40,2017-02-07 17:22:15,2017-03-02 00:00:00
46081612169925ef8882b3bbf1c5011d,75ed40e82dfc05de3c82d79a73f4b48e,delivered,2017-01-23 08:35:27,2017-01-23 08:50:09,2017-01-23 13:45:25,2017-01-27 14:27:51,2017-02-28 00:00:00
4269e9f98b1e74f0732bc93de6aaca6f,a9eb0a1529c5219cec4f13899a5a58b3,delivered,2017-01-23 10:21:21,2017-01-23 10:30:10,2017-01-24 09:53:37,2017-01-30 13:32:34,2017-03-06 00:00:00
494c2e94dcd29167f5fe359a45aa879d,6dd39ae1549359ab24a5110b54452360,delivered,2017-01-23 11:43:58,2017-01-23 11:55:22,2017-01-25 12:18:26,2017-02-01 13:22:01,2017-03-06 00:00:00
ea5f30a182b04fd1296273605983b9a4,7f6a345ff92095fba2660f11ec6574e4,delivered,2017-01-23 11:56:23,2017-01-23 13:55:10,2017-01-27 14:21:25,2017-02-02 10:57:48,2017-03-02 00:00:00
51ceba3ba51d4b4543e7f78e181e0ba9,e7659c6f9fc78ba546ee2b0615258589,delivered,2017-01-23 13:31:26,2017-01-23 13:45:18,2017-01-24 10:57:50,2017-01-30 15:12:57,2017-02-28 00:00:00
0a2d541ba7c40984543d72b5eb0abcba,72cb2f7e00c6b47c25afdd7ea20ea3f2,delivered,2017-01-23 13:40:55,2017-01-25 02:50:37,2017-01-26 11:26:08,2017-01-30 08:42:04,2017-02-28 00:00:00
72c1d87887d0b9a3965557013e74f543,4161d3785c2c4c6517a57143ecb0c466,delivered,2017-01-23 13:55:30,2017-01-23 14:05:22,2017-01-23 14:11:03,2017-02-07 13:12:39,2017-03-03 00:00:00
ceb2344189044ab3b6fa590520a71881,c017996652c06e2cdda218e87125e17a,delivered,2017-01-23 13:57:21,2017-01-24 09:22:35,2017-01-26 11:49:52,2017-02-13 09:48:48,2017-02-20 00:00:00
d34e369fbc5cb753012079961b615121,c651c585480832aaefbec136aebe2afd,delivered,2017-01-23 14:58:00,2017-01-24 03:50:56,2017-01-24 13:10:27,2017-02-03 09:32:10,2017-03-02 00:00:00
1cb796218c383fc54a6a4541420201d8,42bc73dba3fba40b50d647a428d1089f,delivered,2017-01-23 16:38:09,2017-01-24 16:45:15,2017-01-28 08:03:35,2017-01-31 07:14:40,2017-03-01 00:00:00
eabfb81cf01d772d65405ff27c793ddb,e44d9a10a0978d6c21403879bf8076d0,delivered,2017-01-23 16:57:22,2017-01-24 06:50:18,2017-01-25 10:56:42,2017-02-02 10:25:07,2017-03-20 00:00:00
76c6e866289321a7c93b82b54852dc33,f54a9f0e6b351c431402b8461ea51999,delivered,2017-01-23 18:29:09,2017-01-25 02:50:47,2017-01-26 14:16:31,2017-02-02 14:08:10,2017-03-06 00:00:00
bda31774eda0320ee68c33da94027e4d,15b7fb20d8805996eca064ddedb843c6,delivered,2017-01-23 18:34:12,2017-01-24 18:42:03,2017-01-27 14:20:55,2017-02-03 08:37:33,2017-02-28 00:00:00
dbd4885aa71d304f95eb40c67bfbec35,323a81cf20fb536503c017cfd5c2d54f,delivered,2017-01-23 18:40:23,2017-01-23 18:50:18,2017-01-27 07:05:48,2017-02-07 17:29:32,2017-03-02 00:00:00
d6f83d3377bbf1697831ea355301fb87,f3e73ca7cd85db9bb9be47fc88d38bc8,delivered,2017-01-23 18:56:45,2017-01-23 19:10:11,2017-01-25 15:35:11,2017-02-14 07:03:23,2017-03-02 00:00:00
dfd954e67c5eeaa6432cdc40a6b66d73,c6e5dc26706e556b6e6cbe4321670954,delivered,2017-01-23 19:32:38,2017-01-23 19:45:09,2017-01-27 11:47:32,2017-01-30 12:44:19,2017-03-02 00:00:00
aa58df9711205e09b4ef6d704db7871e,ceead79d927539feb1a27e3ec80cac36,delivered,2017-01-23 19:32:40,2017-01-23 19:45:12,2017-01-24 10:10:39,2017-01-27 13:32:28,2017-02-28 00:00:00
cfba3ca25a049f8bdf836baa3b8be493,1c282323584deebf1025c4c72dde565a,delivered,2017-01-23 20:21:12,2017-01-25 02:45:48,2017-01-26 14:58:39,2017-01-30 18:23:45,2017-03-02 00:00:00
270d816a580cef9525ac73d6c4b87255,66f6f1200cf04a1950b327fecf045fa5,delivered,2017-01-23 20:35:00,2017-01-24 03:42:46,2017-01-24 12:41:24,2017-01-26 13:46:04,2017-03-02 00:00:00
99a4238f13a11d486a5eabe5c8b1a1ab,3887e889fec8574f573081115ab2ddf8,delivered,2017-01-23 20:45:59,2017-01-23 20:55:20,2017-01-24 12:19:01,2017-01-31 15:55:11,2017-03-06 00:00:00
cd63595a31d3717ff7ea9a0b041104a9,88427d6cb0325a6da3f9a0201a17338c,delivered,2017-01-23 20:46:11,2017-01-23 20:55:17,2017-01-24 11:37:15,2017-04-26 15:36:21,2017-03-02 00:00:00
0cb316841c24af560f6af0e3fb36137a,e688102208c1564afce92d987656bf29,delivered,2017-01-23 21:33:15,2017-01-23 21:45:16,2017-01-27 14:56:59,2017-02-09 16:14:30,2017-03-02 00:00:00
d568f094af70874d55d22a89e093fe18,aa98b0ee899c4f787d88f11b88b50fc2,delivered,2017-01-23 21:35:49,2017-01-23 22:01:57,2017-01-25 09:37:51,2017-02-02 14:17:52,2017-02-28 00:00:00
a9ad904bde6787e355771489eef73012,9a8ff91307a424b26e4ffb88eb1e79b9,delivered,2017-01-23 21:38:10,2017-01-25 02:55:14,2017-01-28 11:12:16,2017-02-07 08:47:52,2017-02-20 00:00:00
5497655681652e7e1306139bb5d04a14,416b717e3c11cf6c596c624c76630afa,delivered,2017-01-23 22:23:01,2017-01-23 22:30:36,2017-01-24 13:45:22,2017-01-30 11:44:57,2017-03-02 00:00:00
e4f669bb9b79875231a2cf27ab8dd229,4c27e133e1de3148cb84c92249d51316,delivered,2017-01-23 22:29:11,2017-01-23 22:41:58,2017-01-26 16:15:01,2017-02-03 11:54:38,2017-03-02 00:00:00
b626a11507dbce56f74a5b1b1a6af615,fd5878d884704e7165c352d83b9cadb7,delivered,2017-01-23 22:29:40,2017-01-23 22:41:58,2017-01-24 08:19:20,2017-01-27 11:34:04,2017-02-28 00:00:00
58c851c107a9a3e21e03a9e2a1951d12,12b9ed9bc1f4f6648dab5fe7324a3d58,delivered,2017-01-23 22:39:00,2017-01-23 22:50:10,2017-01-25 10:56:42,2017-02-01 09:04:43,2017-03-20 00:00:00
5933483834803a0e8e9fcd26cdb3774d,30159428cd8098929d2d39e5e357fcc5,shipped,2017-01-23 22:40:22,2017-01-23 22:50:09,2017-02-10 09:33:52,,2017-02-28 00:00:00
2f371d97b4ea52be4c04ef49bb4f31ff,d782082d67302107f082c112b324aebb,delivered,2017-01-23 22:55:07,2017-01-23 23:10:11,2017-01-24 15:05:01,2017-01-30 12:13:46,2017-02-20 00:00:00
035ab6fc3b7f9d16f714a337ee63b7be,dd340f55b79392c58be2ee54c2004c26,delivered,2017-01-23 23:36:55,2017-01-24 10:25:17,2017-01-24 13:19:05,2017-02-07 12:15:45,2017-03-14 00:00:00
8cb07e7e810ad9e5f33062cb4735d488,7cc773cce3ceea8640c54a88b0f007a9,delivered,2017-01-24 00:22:40,2017-01-25 02:42:31,2017-02-03 10:00:52,2017-02-08 09:53:38,2017-03-03 00:00:00
d1b32a0715fa2abd2ff4f3ec5e751964,a2d424dcfaa53fa97a98bb99d7700581,delivered,2017-01-24 07:58:59,2017-01-24 09:50:18,2017-01-24 12:28:39,2017-02-06 10:05:36,2017-03-13 00:00:00
0aaf52291c13507e7fe4f565f079ad9a,97324b134a7e75d33decb2a65d637343,delivered,2017-01-24 08:52:34,2017-01-24 09:02:02,2017-01-26 16:01:51,2017-01-30 18:36:07,2017-03-03 00:00:00
b08dfa6db006194a07108b6ff6330313,9c018b34406d19adc1adac5f4b23b74f,delivered,2017-01-24 09:00:49,2017-01-24 09:15:18,2017-01-24 13:17:11,2017-01-30 11:18:05,2017-03-01 00:00:00
e3f7a673dd1981e0d7b330c8a7220220,8daafb5e7776c08e384b8bdd6b708dfc,delivered,2017-01-24 09:04:09,2017-01-24 09:15:17,2017-01-24 10:42:57,2017-02-06 11:23:58,2017-03-15 00:00:00
9058bc799c3791077efb3aaa8e0d5e02,3fb83e207757e8f15ff70d937c86929b,delivered,2017-01-24 09:24:11,2017-01-25 02:45:13,2017-01-25 13:20:38,2017-01-30 09:39:02,2017-03-01 00:00:00
4799c38fa3f9263d65b42c5f923538c6,b9da07b57372061cd82dbb1df5a6cfd2,delivered,2017-01-24 09:42:13,2017-01-24 09:50:17,2017-01-26 09:42:38,2017-02-02 15:52:00,2017-03-07 00:00:00
10b6352081cd9c4b594e4be0c491ee62,863b6381550660b774a6f43d857d2b0f,delivered,2017-01-24 11:16:26,2017-01-24 11:25:20,2017-01-27 10:14:38,2017-02-02 13:34:19,2017-03-01 00:00:00
942cb81b8e0a2f33510159729f69d8b1,ccaab0962b09a9070e3076588f0fd069,delivered,2017-01-24 11:24:20,2017-01-30 09:28:02,2017-01-30 10:53:17,2017-02-08 10:45:44,2017-03-15 00:00:00
26fb6c984069988017b2d12b79849865,6ad1ab20e1583a1e1d20961b363df092,delivered,2017-01-24 11:41:58,2017-01-24 11:50:19,2017-02-06 09:18:57,2017-02-08 17:22:04,2017-03-01 00:00:00
cb27e0d6c6f92df591073fb6ad5ef7f0,2155e6e404e41736933c696382c1328b,delivered,2017-01-24 12:14:05,2017-01-24 12:25:26,2017-01-24 14:35:17,2017-01-31 08:23:20,2017-03-03 00:00:00
ae25aaffc9b89e8519bb9b5aa59cc8ef,e5245a61cf63870720b6559bad5d35e8,delivered,2017-01-24 12:18:07,2017-01-24 12:25:27,2017-01-26 10:34:58,2017-02-08 15:15:04,2017-03-03 00:00:00
94b35c9542f07ad80b3367f9051b63af,ae3a3a6fd9128d8617e2cb3a88a7598b,delivered,2017-01-24 12:38:48,2017-01-25 02:42:34,2017-01-26 16:32:31,2017-02-07 08:42:04,2017-03-31 00:00:00
13f68da1f137146006b4c0c34b6824e8,68b3d6ac0b851622aa7e60f808a8c38f,invoiced,2017-01-24 13:02:32,2017-01-24 13:15:20,,,2017-03-07 00:00:00
54d744a4410b1edccc36c6d1f1c7e097,e2efaa8052c550fa45d1639dbb6cbeb9,delivered,2017-01-24 13:32:22,2017-01-24 13:45:14,2017-01-27 14:21:27,2017-01-31 05:23:27,2017-03-01 00:00:00
ba78eeba3ae33579487bedc08dce96be,4bfe7cd506a992a41031d3fe407e2b2b,delivered,2017-01-24 14:14:29,2017-01-24 14:25:22,2017-01-25 09:38:56,2017-02-10 12:09:03,2017-03-09 00:00:00
4079df924e51e553825e62f9f8995d59,73f958ad1ba68bf3c7f01cae085ed153,delivered,2017-01-24 14:22:33,2017-01-24 14:30:47,2017-01-25 08:59:17,2017-01-30 10:38:48,2017-02-21 00:00:00
3bcf5ba4eec8b84af7663e2e261957cc,367163bdcc25d2ab5b6748c0068e0e32,delivered,2017-01-24 14:23:45,2017-01-24 14:35:17,2017-01-26 16:01:51,2017-02-02 14:42:25,2017-03-03 00:00:00
76bd9ce8aa3ce93bd913f3ec17f66790,35f26e073ace0e3cd12f259eb5c75fb8,delivered,2017-01-24 15:37:05,2017-01-25 02:50:35,2017-02-09 15:18:16,2017-02-17 16:16:10,2017-04-24 00:00:00
5c5177333fb1fce1f4bb65868988f204,ebe11def265cd8e747d70c07c5a4547e,delivered,2017-01-24 15:44:05,2017-01-24 15:55:15,2017-01-25 13:58:08,2017-02-03 17:06:20,2017-03-03 00:00:00
3568894fa3afedc367d3a4816983dceb,bfbe1fd99d9d53a58d06966a0f4eb5de,delivered,2017-01-24 15:59:17,2017-01-25 02:42:25,2017-01-27 07:05:47,2017-02-09 06:28:44,2017-03-01 00:00:00
f30663edef2c5ccbd8ac1901275ecf64,7b8ca289129bab18d8b098ca02bbc4bc,delivered,2017-01-24 16:26:51,2017-01-24 16:42:00,2017-01-26 14:57:02,2017-01-30 10:33:50,2017-02-17 00:00:00
143f8e1be12f4d99301cec6f0d7a3834,c084c36f269f29c66bb61f3ac37303e8,delivered,2017-01-24 16:58:46,2017-01-24 17:10:21,2017-01-26 05:41:52,2017-02-01 11:59:07,2017-02-17 00:00:00
1e69dcdcbc094d39d6ba64248af906fb,0d1c2dc5009dfaf9722bc97439e6d82b,delivered,2017-01-24 17:09:24,2017-01-24 17:22:06,2017-01-26 09:47:51,2017-02-02 16:23:52,2017-03-01 00:00:00
b42efbd88abf3882f91928b08cf74d6f,7784b523efa600a47de73bd1e9f7f022,delivered,2017-01-24 17:11:53,2017-01-25 02:50:11,2017-01-26 15:13:00,2017-01-31 17:12:06,2017-03-03 00:00:00
3498a243e9fe88c9c4ce97bf7fa4617c,b92024fd84c1d4e5308b4bc99f092def,delivered,2017-01-24 17:15:56,2017-01-24 17:25:14,2017-01-27 15:26:54,2017-02-01 12:24:02,2017-02-22 00:00:00
3937ff0dcfc2d3e0ccf73d9b6521611a,6df048a54bfef499d9e6dd224351e90c,delivered,2017-01-24 18:11:44,2017-01-25 18:15:19,2017-01-26 15:37:47,2017-02-21 05:16:06,2017-03-15 00:00:00
c52edad050bea3d2f56fbc6be373c44f,91105b71b2fce387050df6f91fc0fcef,delivered,2017-01-24 18:22:14,2017-01-24 18:35:14,2017-01-25 08:07:00,2017-02-14 17:15:40,2017-03-13 00:00:00
01f216b447564f9ea791b521db577ccb,39d5f491d314a5e26d16cf74581bff02,delivered,2017-01-24 18:44:53,2017-01-24 18:55:14,2017-01-25 09:21:47,2017-01-31 07:35:52,2017-03-01 00:00:00
4152a677b7acfa7fdab8dc8e1dd436eb,f9186c4eba8c803ac493a2ea4a189fc7,delivered,2017-01-24 19:39:42,2017-01-24 19:50:17,2017-01-25 10:47:31,2017-02-02 08:39:06,2017-03-03 00:00:00
8aa9f9fb8d016c8abd90a65dcd7f2ab6,18c97899df0947157d3e829e27aeaba4,delivered,2017-01-24 21:16:24,2017-01-25 21:25:09,2017-01-26 16:34:40,2017-01-30 12:24:40,2017-03-01 00:00:00
e01e0edd184fa69973f66cfc1fde15b3,432c8b4df960ec2d281a90a77bd51ce5,delivered,2017-01-24 21:16:50,2017-01-27 10:45:42,2017-01-27 15:03:19,2017-02-06 10:07:57,2017-03-07 00:00:00
e8d766b30a09fa62922aec00c6fecc85,8bd4a71f026b8b9c1d1cbd23c9b0827c,processing,2017-01-24 21:24:34,2017-01-24 21:31:44,,,2017-03-07 00:00:00
469f0b908881368c45917f1bed8240ce,59e4d7310198da197337571749b47ff2,delivered,2017-01-24 21:35:25,2017-01-25 16:30:14,2017-01-26 06:32:47,2017-02-08 08:14:01,2017-03-23 00:00:00
c4669e882068cc0ade2697ed2169326e,c576a1a325ba3b60368566f78dd51aa1,delivered,2017-01-24 21:44:24,2017-01-26 21:45:18,2017-01-30 11:40:14,2017-02-08 04:23:28,2017-03-21 00:00:00
7c0ff60ea08a0885a1404c299f7ed4f2,7b7ba461fc53c28a671aef86b651235d,delivered,2017-01-24 22:10:48,2017-01-24 22:22:10,2017-01-26 12:34:39,2017-02-03 15:07:45,2017-03-07 00:00:00
d81dff089ae648dacea746f77643f86e,5e6c17c1aac5a1acf6e38746eeebc11d,delivered,2017-01-24 22:16:05,2017-01-24 22:25:33,2017-01-26 10:19:05,2017-02-01 00:47:45,2017-02-17 00:00:00
3eceaafe1639eb6b25f3cd604891c218,a9f4c806882b64a1a745053ae9f90d7b,delivered,2017-01-24 22:27:20,2017-01-24 22:42:04,2017-01-31 15:21:53,2017-02-06 10:55:55,2017-03-03 00:00:00
529c56bdb881d790cc51c6eea4f7b004,9c964fe94972e8d6ee8498dd08d47b09,delivered,2017-01-24 22:38:56,2017-01-24 22:50:17,2017-01-26 05:51:31,2017-02-11 05:58:00,2017-03-13 00:00:00
500e2838d85214e92e2c15b2fd5303b7,f78c8b0641299a312f545dd0d783b7ff,delivered,2017-01-24 22:49:12,2017-01-24 23:02:06,2017-02-01 09:04:21,2017-02-08 08:04:49,2017-03-03 00:00:00
3c4f38e27c5f6f27be39c8a2932c43e1,45fd70ff9e07d189b82f07ee776b64d5,delivered,2017-01-25 00:19:56,2017-01-25 00:30:22,2017-01-25 15:45:08,2017-01-31 08:43:33,2017-03-06 00:00:00
56a726fa0f40d3678696e62aaed9690d,dc7302a83e9681f614bb59a515df38b3,delivered,2017-01-25 00:46:17,2017-01-25 01:02:14,2017-01-27 10:51:56,2017-01-31 17:43:01,2017-03-02 00:00:00
903c880841c9b1af32d6d086b9763133,e3a0c6f366f4c42aa1ec172813c88492,delivered,2017-01-25 00:47:25,2017-01-25 00:55:44,2017-01-25 15:50:43,2017-01-30 11:44:26,2017-02-20 00:00:00
d8a40a1358d3b2dca231abdaa566b054,83913bf92fd18aeb5d5763e3bc298d26,unavailable,2017-01-25 01:20:19,2017-01-26 01:25:07,,,2017-03-16 00:00:00
7ece3f32d060f91a98d50279ab15ebaf,29d768c153dabfc1ecfeb0c1c389727f,delivered,2017-01-25 01:23:07,2017-01-25 01:35:07,2017-01-30 10:17:10,2017-02-09 10:14:41,2017-03-14 00:00:00
d322025aff44e8bead04f4e81023ede8,237bf1bb29147868ba252c6fa367c746,delivered,2017-01-25 01:26:40,2017-01-25 01:42:12,2017-01-25 09:21:53,2017-01-26 15:34:17,2017-02-28 00:00:00
8dc67de08c1738a90e70f62f2920b432,7345796de7fb5b3566b3564b2b10f9d9,delivered,2017-01-25 01:29:42,2017-01-25 01:42:12,2017-01-25 09:22:00,2017-01-31 18:06:24,2017-03-08 00:00:00
3d668965eb89ea475911ce3364f73b07,1e3005980e35ffabad12c31116e746f2,delivered,2017-01-25 05:31:30,2017-01-27 13:31:55,2017-02-06 10:53:27,2017-02-14 10:07:31,2017-04-05 00:00:00
8f359a870a6206af39d54ab82c99619d,b430789bfe8fd6a8ce1be69cd5cc35de,delivered,2017-01-25 06:31:50,2017-01-25 06:41:58,2017-01-25 10:47:17,2017-02-03 13:58:58,2017-03-02 00:00:00
22474d84064cd7eb4a907ba3fd8a6398,85f03d59e05ad20dc077b89342b9f710,delivered,2017-01-25 09:09:46,2017-01-25 09:22:26,2017-01-31 10:18:50,2017-02-02 16:56:10,2017-03-02 00:00:00
17f70d10c2acd50864b5dae4885894b5,bbc82b85b6867ca7bf1380c64f8447b9,delivered,2017-01-25 09:12:10,2017-01-25 09:22:27,2017-02-06 11:54:31,2017-02-14 11:14:54,2017-02-22 00:00:00
1f5d62970c5b3cfedc1b2a8d15ffe40d,0cd8afa06f9985eabdce1fc7b25c7de0,shipped,2017-01-25 09:21:45,2017-01-25 09:35:10,2017-01-25 17:10:19,,2017-02-23 00:00:00
e81600d4371046078150ab84d31175d3,5f78e0062e08a91ecc6a7cd787bd29ba,shipped,2017-01-25 09:31:09,2017-01-25 10:30:14,2017-02-02 09:47:38,,2017-03-16 00:00:00
a6e307f50d1a494a1ad373af7a748e1d,9834899aa900947d8832062231831871,delivered,2017-01-25 09:42:36,2017-01-26 02:10:20,2017-01-26 10:37:16,2017-02-02 16:35:31,2017-03-10 00:00:00
c818ed0d99c7998f73659bd934936177,b001c30609da9b8618f69ef5bd322b5b,delivered,2017-01-25 10:09:17,2017-01-26 02:10:33,2017-02-06 08:22:12,2017-02-13 10:03:31,2017-03-06 00:00:00
16fe5fdb7f5aa0c9e841387dfec29821,4fc51fa588914fea8f3fa681f148db44,processing,2017-01-25 10:11:38,2017-01-25 10:25:14,,,2017-03-06 00:00:00
bc7bc14f585b1879f63e89cb0e4cfa17,942be1042b4ac4e4ef3780b25188fe99,delivered,2017-01-25 10:41:24,2017-01-26 02:15:45,2017-01-26 09:32:58,2017-02-03 12:42:06,2017-03-10 00:00:00
340be9cc41d50a5233f4849d93d8d2f1,dce9dedc0fe9dd0aa2ad7df80d81b358,delivered,2017-01-25 11:32:02,2017-01-25 11:42:07,2017-01-30 14:35:18,2017-02-02 10:24:01,2017-02-20 00:00:00
d4421539677ce8da70f3abf867adf15c,01a0d45a369a4356ac4652584652109a,delivered,2017-01-25 11:45:19,2017-01-25 12:03:07,2017-01-26 14:59:13,2017-01-28 08:23:45,2017-02-20 00:00:00
5582d9b46edf97ccc2f3b993c39ace3e,28e414622d3770ff33c04a3151bb77fa,delivered,2017-01-25 11:58:33,2017-01-26 02:15:56,2017-01-27 11:05:12,2017-01-31 08:03:00,2017-02-22 00:00:00
1306d7999cdd320272eeea20f5768b77,fe89d4293f6810dcfeffd77a09f0969b,delivered,2017-01-25 11:59:47,2017-01-25 12:10:26,2017-01-27 14:21:21,2017-02-06 08:57:57,2017-03-10 00:00:00
4ccd8da82485c892ae90284af589153a,bc13567372ad405e1fa1c93da7eb9079,delivered,2017-01-25 12:18:11,2017-01-25 12:30:23,2017-01-27 11:27:44,2017-02-06 14:44:28,2017-02-28 00:00:00
bec25025b8d0b7db00c510720053761e,806e9984a49a008bbb424f31641d62db,delivered,2017-01-25 12:21:10,2017-01-26 02:10:16,2017-01-26 11:06:21,2017-01-30 14:14:00,2017-03-02 00:00:00
314c025c229f30a1b32658c7555269b8,8d5db117378b874eb1894bbd190f03f6,delivered,2017-01-25 12:48:49,2017-01-25 13:02:08,2017-02-08 12:43:51,2017-02-16 08:35:55,2017-03-06 00:00:00
164bcbb466afa4e7b9eec1760f0d7096,f476fe54d688e5e018ed94d537d7c5fc,delivered,2017-01-25 12:49:36,2017-01-25 13:02:09,2017-01-26 10:40:10,2017-01-30 14:08:07,2017-03-06 00:00:00
9e1b7a7d17aa42da16ee605b5fee2e0a,dae065b8336e64030d11819d033138ac,delivered,2017-01-25 13:15:38,2017-01-25 13:30:10,2017-01-26 12:06:48,2017-02-03 15:53:49,2017-02-22 00:00:00
3b64ff25a4610fb5599e4fd09f907501,d1d259ce7187c9deb7e86de58e65a81e,delivered,2017-01-25 13:22:05,2017-01-25 13:35:19,2017-01-26 06:06:34,2017-01-30 14:36:32,2017-02-20 00:00:00
49c89a2aba7f8f079681f6967d846465,480aee92a572792a7a5043f486656da8,delivered,2017-01-25 13:33:37,2017-01-27 11:50:20,2017-01-27 16:30:26,2017-02-06 11:21:46,2017-03-08 00:00:00
60e2fe3a23e71c24f3ab0f648ebd6a8f,14c40450842463a4e86a52654f2e3ff9,delivered,2017-01-25 13:42:49,2017-01-25 13:55:09,2017-01-30 15:31:18,2017-02-10 14:05:32,2017-03-06 00:00:00
5dccad03ac8016afdcdb7cc0227ec9d7,bbec89f3ce9883659829232500271d87,delivered,2017-01-25 15:10:14,2017-01-25 15:25:13,2017-01-26 10:06:22,2017-01-30 12:58:42,2017-02-22 00:00:00
917ca364b9fb9460dee6ea613ee2a5ab,85c01e2393b32c57d22f4db20020da31,delivered,2017-01-25 15:12:59,2017-01-26 12:50:29,2017-02-02 11:07:52,2017-02-15 19:12:52,2017-03-16 00:00:00
cd068e0974cffc5007e3b5dcb416da26,f84215c0b6b3e126a0287ade8fcb0a91,delivered,2017-01-25 15:19:12,2017-01-25 15:30:19,2017-01-26 09:13:58,2017-01-27 18:12:37,2017-02-28 00:00:00
d006112ce36cbbb57fec00ebce1de147,86555999695e810261dac1dc96ede234,processing,2017-01-25 15:28:32,2017-01-26 02:10:59,,,2017-03-06 00:00:00
c5b1a5d21958f98a0c66114d622bc0ed,b51864a91835810c755a8c3438c63668,delivered,2017-01-25 15:32:48,2017-01-25 15:42:16,2017-01-26 16:23:51,2017-02-02 17:07:23,2017-02-22 00:00:00
8adafb3466daa5395694d3a906ff9d40,b7919647bde69acc948baa47823d6c75,delivered,2017-01-25 15:47:27,2017-01-25 16:02:29,2017-02-07 08:09:23,2017-02-14 14:03:35,2017-03-23 00:00:00
aa4f1c4318226e2f86adeb5578d8726b,b97a18a1140b1f32152473a3dce1a25d,delivered,2017-01-25 15:49:39,2017-01-25 15:55:21,2017-02-03 05:57:33,2017-02-09 12:45:42,2017-04-03 00:00:00
8a7f0e6d9767d52a05dd48229e24d766,cae42b13efa7b8b3ef6757d1c2aa2d06,delivered,2017-01-25 16:25:03,2017-01-25 16:35:18,2017-01-27 11:50:53,2017-02-02 17:07:20,2017-02-22 00:00:00
28f5847427849401fb017537fd20da41,617e79a8f584d33d7cd446ac3d1519a2,delivered,2017-01-25 16:32:21,2017-01-25 16:42:16,2017-02-06 11:54:31,2017-02-17 10:58:33,2017-02-20 00:00:00
7d86c4aa9e59504b23f16c7ca68954a7,c4a2da69a354a249cb1c07d703552053,delivered,2017-01-25 16:38:10,2017-01-25 16:45:21,2017-03-21 14:40:51,2017-04-06 12:46:47,2017-03-10 00:00:00
b7ae7c643ef9274727f48dcb0ba08593,be631308cb609ff74d0e0fb54815e18c,delivered,2017-01-25 16:51:27,2017-01-27 11:50:24,2017-01-30 16:22:11,2017-02-08 08:38:49,2017-03-06 00:00:00
3005c05dbcb19ff903a28b5d654bb1cf,b70dd1b7a273c0378edb26d95390f857,delivered,2017-01-25 16:57:30,2017-01-25 17:10:20,2017-01-31 07:27:52,2017-02-02 14:29:07,2017-02-20 00:00:00
20de77e28f73070461781b0eb6228f6f,24cf4347382b8e190a512b2de912f89c,delivered,2017-01-25 17:06:40,2017-01-25 17:15:23,2017-01-27 14:21:21,2017-01-31 12:22:38,2017-03-02 00:00:00
a1597cc7eca8c8d095e5de327444d9d0,e10996551bb1897b97c37e1f771e34af,delivered,2017-01-25 17:35:24,2017-01-26 06:55:26,2017-02-01 08:36:27,2017-02-13 18:28:51,2017-03-10 00:00:00
2a3d1cc4337b1cc9157560f6b1ca5802,73c69c8a9d541d145648ae9cffc3aa2e,delivered,2017-01-25 17:52:31,2017-01-27 21:31:57,2017-02-02 13:07:55,2017-02-10 08:43:49,2017-03-16 00:00:00
0c5d85fbd4b20a1d9d5fc6a29e739f36,8e5fb420cf8c57efbdf1632de43b3f16,delivered,2017-01-25 18:04:52,2017-01-25 18:15:20,2017-01-26 15:20:24,2017-02-03 12:44:16,2017-03-02 00:00:00
9fb6e7ca3a34e0500eb810d98b00b81d,6a9cb951f5f44cb1c5f3f2a34dfe16e8,delivered,2017-01-25 18:22:36,2017-01-25 18:35:18,2017-01-26 14:54:01,2017-02-06 13:12:56,2017-03-14 00:00:00
cb71bbdb68e876878e7c73346725a901,7df0a02f3a48198615dec3720500fe42,delivered,2017-01-25 18:51:43,2017-01-27 11:55:38,2017-01-27 15:49:36,2017-02-15 15:28:58,2017-03-08 00:00:00
7c28cd51bc7b7b5b8e81ae0bb7f17340,dd96e8ca7d7dfac2b3b5632801e5f106,delivered,2017-01-25 18:55:31,2017-01-25 19:05:17,2017-01-26 14:48:15,2017-01-27 10:14:04,2017-02-20 00:00:00
aba7884f1a6e6e52b774eb7654651325,8721213de91e5eb5867eb97de23ec440,processing,2017-01-25 19:00:25,2017-01-25 19:10:11,,,2017-03-14 00:00:00
1f59665af8c7408a7c633f9541644854,17066ea92fe83b36cb9f9997c3cca3af,delivered,2017-01-25 19:09:39,2017-01-25 19:25:15,2017-01-26 07:59:55,2017-02-03 10:19:04,2017-03-08 00:00:00
7a094f321857b6925fee399192bb5ebd,43986b46f9e4f256ce314abde818220a,delivered,2017-01-25 19:11:42,2017-01-25 19:25:16,2017-02-06 11:54:29,2017-02-09 18:43:35,2017-02-20 00:00:00
29d99fdabd0cb6b4e9d82f2f38c04a5a,c64e943126adfabb1c2ae21b4bc1e650,delivered,2017-01-25 19:44:48,2017-01-25 19:55:09,2017-01-26 14:03:04,2017-01-30 10:57:44,2017-02-22 00:00:00
b4e9e179195a7cee910bf458c5b6e01e,acad76e6005b7efd172a9fed40f7d31f,delivered,2017-01-25 20:00:43,2017-01-25 20:10:18,2017-01-26 10:26:06,2017-02-08 13:37:45,2017-03-16 00:00:00
cedfe51bd6a794860c83382885f2328c,b806e26283f2008d98a22e44d0c3aa5a,delivered,2017-01-25 20:03:37,2017-01-26 02:15:57,2017-02-06 11:54:29,2017-02-09 09:38:09,2017-02-20 00:00:00
9dc6746a8f29fafaa637f2239a9f3d28,33e655dd86058bc865f1f3d9fa5912aa,delivered,2017-01-25 20:11:36,2017-01-25 20:25:13,2017-01-26 11:38:10,2017-02-01 12:32:33,2017-03-14 00:00:00
a50d16f8c24acdc0c3d2fe0af2cd5c87,95e838701bbc7791a50ccf58140ebada,delivered,2017-01-25 20:17:33,2017-01-25 20:30:15,2017-01-26 12:04:05,2017-02-17 14:53:52,2017-03-06 00:00:00
d5d777fdf41da773664443c2fd9acc23,3c8735c5a045fb31f956e4ab8f23c566,delivered,2017-01-25 22:04:39,2017-01-25 22:22:03,2017-01-26 09:14:06,2017-02-06 14:14:50,2017-03-02 00:00:00
a9506e4af5c19ca12362961efdefb20d,7322e04a8cee7f728d698f4666645567,delivered,2017-01-25 22:16:53,2017-01-25 22:30:26,2017-01-27 14:21:21,2017-02-02 10:29:01,2017-03-02 00:00:00
a2db088616f079ceb7a0e856f8a741ca,3cfaedb59f39332d98cde2d6a9a1de08,delivered,2017-01-25 22:19:19,2017-01-27 03:05:41,2017-01-30 17:37:56,2017-02-06 10:53:40,2017-03-02 00:00:00
c6eb5dced200e49271f44b142658b6bb,b3089a062b28ec2e5acb0e545c078ed5,delivered,2017-01-25 22:19:51,2017-01-25 22:30:25,2017-02-06 11:54:29,2017-02-08 10:17:35,2017-02-20 00:00:00
b9581bf1b646f4fc021b131e1ca4d034,1fb9f3e7704d50dd72f6adfd4f6d8ffe,delivered,2017-01-25 22:46:24,2017-01-25 23:02:13,2017-01-26 13:41:21,2017-02-08 09:26:01,2017-02-22 00:00:00
d12824c34f6e0552f57e8d8821242084,6cc7634e5230927a764a9047700c9bba,delivered,2017-01-25 22:54:18,2017-01-26 00:35:25,2017-01-26 12:04:05,2017-02-01 11:32:57,2017-03-06 00:00:00
660e589af9553d75506968867c922d91,d3a6febf47e02bf9635d6b8e8443092e,delivered,2017-01-25 23:30:25,2017-01-25 23:42:04,2017-01-27 11:19:14,2017-02-02 16:09:48,2017-03-06 00:00:00
f7d546d5833e27f1f2815dc05d94b4c0,ce68080021ef47325b14cc7acd673ab8,delivered,2017-01-26 00:16:29,2017-01-26 00:30:23,2017-01-26 12:01:49,2017-02-03 14:37:54,2017-02-24 00:00:00
0c995611a99f81268d859184a416f1db,3f3aaaac1d9df140266ee77970735eaf,delivered,2017-01-26 00:20:22,2017-01-26 00:30:25,2017-01-27 14:55:56,2017-02-06 09:35:04,2017-04-11 00:00:00
55b2e390d5d80ada31ad1b795ebeb087,055e117cce871c681f903f52d7a866d4,delivered,2017-01-26 00:20:23,2017-01-26 00:30:24,2017-01-26 11:53:42,2017-02-07 16:31:33,2017-03-14 00:00:00
a6dfab363a9e239287c4b1e3c275fb93,5e81e1b0b6164c14269bb934e9c43c3d,delivered,2017-01-26 09:11:37,2017-01-27 10:41:58,2017-02-05 12:43:54,2017-02-14 13:35:05,2017-03-14 00:00:00
7cbc58346dce935abff14a7c5a0488f5,5d38c66c874ea566658a9ef3f31812e3,delivered,2017-01-26 09:15:18,2017-01-26 09:25:12,2017-01-26 09:32:58,2017-02-03 06:17:18,2017-03-08 00:00:00
b96f5299909903eedc435d396f90f726,f4af9116429bdaa90732a4ad05f1db2c,delivered,2017-01-26 09:50:17,2017-01-27 07:30:11,2017-01-27 11:33:02,2017-03-27 15:12:26,2017-03-06 00:00:00
f400946403a78fdd034cf522d3f85512,be552266bf47bfc6fa6c793fd74006bf,delivered,2017-01-26 10:00:37,2017-01-26 10:10:15,2017-01-27 16:37:45,2017-02-07 10:37:40,2017-02-28 00:00:00
4b7c1bc59d4ec725d8530c19ec09b06f,7a3638e2731f92703d9cfc5ef2c220d5,delivered,2017-01-26 10:21:45,2017-01-27 11:55:43,2017-01-27 15:49:27,2017-02-07 10:30:34,2017-03-06 00:00:00
138630e7e14855ce216a9db0cdabbe06,8e320ed64bc2510dbab1b27a8d8dcbbb,delivered,2017-01-26 10:31:18,2017-01-26 10:45:07,2017-01-26 17:40:57,2017-02-02 09:47:37,2017-02-22 00:00:00
0c3a7b14aa5e70ef5991122f6bb552de,1cf722ec2d1f484c35c1ecfe752b263d,delivered,2017-01-26 10:44:38,2017-01-26 10:55:10,2017-02-03 15:15:42,2017-02-08 16:47:40,2017-02-24 00:00:00
4a65f44b9d88b8af9f97037e89366abe,a0c9d999ed3500707f8228b8336e24eb,delivered,2017-01-26 10:56:10,2017-01-26 11:05:35,2017-01-30 11:44:02,2017-02-07 13:11:39,2017-03-06 00:00:00
625b3ac41fea45dbd5aaa02d0941ee59,4f3e4e67565f7302194622e4a3a21365,delivered,2017-01-26 10:58:56,2017-01-26 11:10:28,2017-01-27 11:49:01,2017-02-13 15:24:40,2017-03-06 00:00:00
2c4ada2e75c2ad41dd93cebb5df5f023,363d3a9b2ec5c5426608688ca033292d,delivered,2017-01-26 11:09:00,2017-01-26 11:22:17,2017-01-27 14:59:35,2017-02-14 16:24:01,2017-03-07 00:00:00
338cd98c972c8d9b015759974ca7446c,58550909176303c05f37a9f3a3e913cd,delivered,2017-01-26 11:09:11,2017-01-27 11:50:23,2017-01-30 11:45:17,2017-02-02 14:58:07,2017-03-22 00:00:00
38e2829123a2bd1cbe111564824d0abb,4d27341acd30a36bca39008ee9bb9050,delivered,2017-01-26 11:14:58,2017-01-26 11:25:21,2017-01-27 12:19:14,2017-02-09 12:15:20,2017-02-22 00:00:00
d3a3e3dd365abc6013aa6321b0c12c79,185f6a4579e6c10122c789bc38ba3337,delivered,2017-01-26 11:18:28,2017-01-28 11:31:20,2017-01-31 10:41:19,2017-02-08 13:53:56,2017-03-06 00:00:00
668ee4108169a1d58c55b20ddc3fa3c9,038f88979c9816294e2a236465e8096d,delivered,2017-01-26 11:32:30,2017-01-26 11:45:10,2017-01-27 11:49:01,2017-02-15 18:07:33,2017-03-10 00:00:00
9edaabce3c4beef5432b6327ade4109b,d85a33fefc77c4027226b4af1683e21e,delivered,2017-01-26 11:39:55,2017-01-26 11:50:12,2017-02-06 08:35:10,2017-02-14 08:41:51,2017-02-28 00:00:00
78a1a87882880114ee891ccdcbd1ccde,6cfc3156dfe1802dfe72368fa29c63ca,delivered,2017-01-26 11:45:18,2017-01-26 11:55:22,2017-01-27 09:04:53,2017-02-03 10:11:46,2017-02-24 00:00:00
b5eeec1b045b05d3e3010ef57120a8dc,c3c0ea16776e0d2c79a9239c552700f3,delivered,2017-01-26 11:48:46,2017-01-26 12:02:13,2017-01-31 16:23:57,2017-02-03 04:12:52,2017-03-06 00:00:00
99c0817d6ecd5fe55d21540917f1f5f9,9ec73448134f871bc7bdfdfd444813eb,delivered,2017-01-26 11:51:38,2017-01-26 12:02:09,2017-01-26 12:33:59,2017-02-01 12:14:10,2017-03-06 00:00:00
efc734aa0895a5973f3e783a742f1119,9e7ba5e8f54ad8293a1da0e2e458b4b4,delivered,2017-01-26 12:45:40,2017-01-26 12:55:25,2017-01-27 11:47:54,2017-02-13 08:25:02,2017-03-08 00:00:00
8b93f79b1a4d6b3388dab2356493c0b3,1d72f0479018c73cd9f58abcb01e776f,delivered,2017-01-26 12:49:54,2017-01-26 13:02:26,2017-01-30 10:17:23,2017-02-07 10:52:25,2017-03-14 00:00:00
b379b3d63e1948d3692990c4e0a5adc8,fe76f5f82711c01468aceb3b3eb7026a,delivered,2017-01-26 13:08:14,2017-01-27 13:31:43,2017-01-31 08:03:06,2017-02-02 15:04:52,2017-03-06 00:00:00
055eb7e5645d86bd278fc4f419622e8d,556960436775082c323282512ab48129,delivered,2017-01-26 13:14:02,2017-01-26 13:25:13,2017-01-26 15:02:28,2017-02-02 13:47:53,2017-03-02 00:00:00
8557dabbdacec1a9e250f5e70afe1eab,495b67cd5a866ee9a61ea6e8b4cadb51,delivered,2017-01-26 13:15:41,2017-01-27 03:05:28,2017-01-30 15:19:27,2017-02-07 16:45:49,2017-03-08 00:00:00
df56136b8031ecd28e200bb18e6ddb2e,b7770073b02ed1d626a027ce86a4ff82,delivered,2017-01-26 13:15:41,2017-01-27 03:05:27,2017-01-31 19:44:07,2017-02-06 09:52:10,2017-03-23 00:00:00
566f53fc7d36fa366f7e221468121877,83b52613d1bcd8c6a66b41526405bad6,delivered,2017-01-26 13:15:42,2017-01-27 03:05:28,2017-01-27 14:20:13,2017-02-06 17:52:46,2017-03-08 00:00:00
b4a600b2f7cc0efe40a086465eca8799,2c03e5b9680aeca26ed87d369d4e097b,delivered,2017-01-26 13:32:04,2017-01-26 13:45:10,2017-01-31 13:59:17,2017-02-08 09:23:58,2017-02-22 00:00:00
1d5182e38de4f122947727324f2870be,dc657a228881825237f4957775272d1a,delivered,2017-01-26 13:43:07,2017-01-28 02:32:25,2017-01-30 11:41:12,2017-02-22 13:08:33,2017-02-24 00:00:00
9d57e7a9c3dae94772187f73e97d9854,7ebbd71d486f47070362e2e9be10898b,delivered,2017-01-26 13:51:54,2017-01-26 14:02:11,2017-01-27 08:43:07,2017-02-02 07:29:05,2017-03-08 00:00:00
cd3ad05bdb70488e29c3afb5641cc178,83b54583d45924de2866eff235f84a2f,delivered,2017-01-26 13:52:09,2017-01-28 04:36:06,2017-01-30 14:39:23,2017-02-03 14:51:42,2017-03-06 00:00:00
97df4160390cf20ee63b032b5a93d0e2,8a67f4176555ddc74a6e897968988a74,delivered,2017-01-26 14:12:54,2017-01-26 14:25:19,2017-01-26 14:44:01,2017-02-01 15:26:04,2017-02-24 00:00:00
6ca2b1dbcac1751cab45df5faa1b892e,0974e9a00257a842b2ab61eb66b3b435,delivered,2017-01-26 14:26:43,2017-01-26 14:35:20,2017-01-27 16:05:57,2017-01-31 07:17:59,2017-03-02 00:00:00
091ac0791556275533697b36e2b00ff4,d0bfc5ed8302e145eb59a75cc94cb715,delivered,2017-01-26 14:29:25,2017-01-26 14:45:11,2017-01-27 11:17:09,2017-02-06 13:42:41,2017-03-06 00:00:00
46e61fd85afa09032021c9b0b507b693,3357130ad85f3c9758c6623ba3d51bc4,delivered,2017-01-26 14:41:39,2017-01-26 14:55:13,2017-01-30 11:38:16,2017-02-06 12:52:41,2017-03-02 00:00:00
2b98d5c9b1969095e65f74308ae2e861,640e434ec3d0792f339955ac55798c63,delivered,2017-01-26 15:01:45,2017-01-27 15:31:33,2017-01-31 16:24:59,2017-02-06 11:04:25,2017-02-20 00:00:00
1bf6db71e147c950fe9925e0be89ec4b,ec26ff9b46af83d9c60691c89bf24895,delivered,2017-01-26 15:37:27,2017-01-26 15:50:18,2017-01-30 13:32:39,2017-02-08 13:08:37,2017-03-02 00:00:00
102b790156f60813474ed025355a59d5,b97e4013860297dba48d699f12f91fcb,delivered,2017-01-26 15:37:38,2017-01-26 15:50:17,2017-01-27 13:24:47,2017-02-08 08:04:25,2017-02-22 00:00:00
c37d452db8a3abfa3d99c322e92ef0ef,99de4444dbc09f097afa14d4ac4ae448,delivered,2017-01-26 15:50:03,2017-01-26 16:02:00,2017-01-31 15:31:05,2017-02-03 17:05:57,2017-03-06 00:00:00
0b6d11d4a289a1574e8888f2558dd548,97e5e50c02504e32d222320d8c4dfbd1,delivered,2017-01-26 16:03:15,2017-01-26 16:15:09,2017-02-01 11:49:16,2017-02-10 05:34:06,2017-02-28 00:00:00
b017dafe7c59c8aaf92ab3fa1ca54d78,2208577a67480f29e84ad6f2419e8945,invoiced,2017-01-26 16:16:15,2017-01-26 16:25:32,,,2017-03-02 00:00:00
64cad05fe3f34277719621c70f416ad2,3576d9f3793f6dbfd0d915eb446d31c5,delivered,2017-01-26 16:20:32,2017-01-26 16:35:24,2017-02-03 08:03:48,2017-02-13 19:37:47,2017-03-06 00:00:00
3a1756d7060a993e85f1614b43da0c03,584a48000c599c79acafff0af5cd4cf1,delivered,2017-01-26 16:23:03,2017-01-26 16:45:14,2017-01-30 14:28:13,2017-02-02 10:43:45,2017-02-20 00:00:00
dd480c63548e3c0b7219520e3784ebd2,a83a89abd16a03e6376fb659ca7b6612,delivered,2017-01-26 16:25:36,2017-01-26 16:35:22,2017-01-27 12:47:43,2017-02-08 14:47:25,2017-02-22 00:00:00
23ad1ae9db6999293449603e1a247803,d71a8cffeb2a8ca4ad2375b72d94c8ad,delivered,2017-01-26 16:25:37,2017-01-26 16:35:23,2017-01-27 15:44:17,2017-02-03 17:23:38,2017-02-22 00:00:00
1962f977f7b7b5eb73a3c2c39bbc93b5,a154f40a53dbfc81340f0834f035e89e,delivered,2017-01-26 16:28:04,2017-01-27 10:41:55,2017-01-27 16:30:24,2017-01-31 07:05:00,2017-03-02 00:00:00
b782d486ebb05fdf0ba6ec05652f704f,3afe43b81b0d102b2ca5138ab53f418a,delivered,2017-01-26 16:29:30,2017-01-28 02:32:24,2017-02-01 08:37:30,2017-02-06 14:23:54,2017-03-02 00:00:00
8d9a9808c4a5546adb15d524d6ab2e91,3bb0f1d5881cfaf2de8eacdbe88b2d58,delivered,2017-01-26 16:44:35,2017-01-26 17:02:23,2017-02-20 13:52:07,2017-02-21 10:48:42,2017-02-24 00:00:00
e08f76fed43c999d57979d1879871ce1,61aecad4ecccb2ef8e88726a68d832d5,delivered,2017-01-26 16:48:24,2017-01-28 04:36:02,2017-02-01 12:38:57,2017-02-08 16:54:37,2017-02-28 00:00:00
dceb6ab566e0d15ffaba53ef637afa3c,c357638ad6b3773047a316462e992235,unavailable,2017-01-26 16:51:32,2017-01-27 06:55:25,,,2017-02-21 00:00:00
4ac9d969022c4a7ba509b39bb0f3d36c,5b7b7de303afbe0e48035449a3e86a5e,delivered,2017-01-26 16:59:33,2017-01-26 17:15:10,2017-01-30 12:17:25,2017-01-31 18:56:02,2017-03-06 00:00:00
c13e334a4d2b0b11e6422e69d009de0c,739615c495132b26d5897b7f91e8c19f,delivered,2017-01-26 17:38:13,2017-01-26 17:50:14,2017-01-27 06:35:02,2017-02-17 16:32:45,2017-03-06 00:00:00
43f8e020752c67130ddf027e0297291a,964343a3f8a65e01ffad1b9bfaa7d7e9,delivered,2017-01-26 17:40:03,2017-01-26 17:50:13,2017-01-27 17:34:52,2017-03-10 05:41:43,2017-02-22 00:00:00
73e934755292def8b6519b03f2230723,bd8e2c85ac6c8810b119d2dd90c54ce5,delivered,2017-01-26 17:48:22,2017-01-26 18:02:35,2017-01-30 11:07:50,2017-02-07 11:59:03,2017-02-22 00:00:00
67d0c933fefa1c4ff65e800b8c8bf804,5fecda646005785f0338ead4ed426198,delivered,2017-01-26 18:04:03,2017-01-26 18:15:10,2017-01-30 18:16:10,2017-02-06 13:05:57,2017-03-06 00:00:00
65fd2f07bc74b8df1728cc3ee9e19ebb,d118674ac7bfbd3385a7546522278e5d,delivered,2017-01-26 18:19:41,2017-01-26 18:30:47,2017-01-27 12:19:15,2017-01-31 09:14:15,2017-02-22 00:00:00
678b28f078641e74d50be86b4ecaec7e,58d1b021c741cc8728280bbe6d0b3da8,delivered,2017-01-26 18:19:42,2017-01-26 18:30:42,2017-01-27 10:12:50,2017-01-31 18:43:58,2017-02-24 00:00:00
481f2db41ea6571226192db2b584fa6e,bae2e17717f1e6f357bbac0107dabfd6,delivered,2017-01-26 18:27:04,2017-01-26 19:00:21,2017-02-06 11:54:29,2017-02-13 13:34:45,2017-02-22 00:00:00
2363f4be725c1746c141cfe7e8432910,5ced20bad39ba7915376770d8d933233,delivered,2017-01-26 18:33:10,2017-01-26 19:20:05,2017-01-27 15:24:41,2017-02-03 14:54:05,2017-03-08 00:00:00
16976f8e43d0c9ee6079e3ed9eaa4fed,cfe4eb5b21969ebd94370819e38c07b5,delivered,2017-01-26 18:48:30,2017-01-26 19:02:34,2017-01-27 16:36:28,2017-02-08 17:25:28,2017-03-14 00:00:00
beeff7037aa708c19973290382629a4c,ae110dc6d8fbfd770a279c10fdb11356,delivered,2017-01-26 18:54:48,2017-01-26 19:05:17,2017-01-27 08:03:19,2017-03-11 08:57:39,2017-02-20 00:00:00
c6be81e3c1e9e15e5893e19d7ce49647,57de18af3ee9319c436bc09bfb515b5d,delivered,2017-01-26 20:15:14,2017-01-27 10:45:37,2017-01-30 17:25:25,2017-02-02 12:54:48,2017-02-22 00:00:00
08432abcf785878edf1221a0611960ea,48e5d2b2d852ddbca633fe87804939cb,delivered,2017-01-26 20:37:39,2017-01-28 04:34:46,2017-01-30 13:01:34,2017-02-08 14:38:50,2017-02-24 00:00:00
8846a9571a893b22eb57d4732b978bbb,dcb2e23f71877ba3dee97c2ec27f1a81,delivered,2017-01-26 20:44:49,2017-01-26 20:55:17,2017-01-27 11:47:12,2017-02-03 12:34:51,2017-03-02 00:00:00
db7d019ce87ceb1539bd37353ab408ba,bd2c13f9aff19c6adfe232373946e6ea,delivered,2017-01-26 20:55:09,2017-01-26 21:05:20,2017-01-30 13:59:59,2017-02-07 08:12:06,2017-03-08 00:00:00
9b42f8813f6bfa620e0c91a4e132f2c0,1cf8e420d259ba1c8e79065408f9bb9e,delivered,2017-01-26 20:56:43,2017-01-26 21:05:19,2017-01-31 13:22:47,2017-02-03 08:12:35,2017-02-20 00:00:00
bbf0608a4772666602f2fe57fe81742e,e1524dd0c685ee8f075fe01f661a4017,delivered,2017-01-26 21:07:27,2017-01-26 21:21:56,2017-01-27 10:50:36,2017-02-07 13:36:49,2017-02-24 00:00:00
64ba433f9d86e1df4e9cb86b1a3884d1,b19fa13f00227b289b6d04e426f9673d,delivered,2017-01-26 21:11:42,2017-01-28 21:32:16,2017-01-30 12:01:43,2017-02-07 13:37:49,2017-03-08 00:00:00
e9cd104dfc8837e084c067292c013b0a,c75e4def2f3ec80fc03a535c4f9b37a2,delivered,2017-01-26 21:33:43,2017-01-26 21:45:16,2017-01-28 07:28:57,2017-02-02 13:22:23,2017-03-02 00:00:00
bfbf87cc2829df6adac299ab0cc012bc,816346b2de82fd39be31ae7f42fef07f,delivered,2017-01-26 21:58:21,2017-01-26 22:05:20,2017-01-30 12:14:13,2017-02-06 13:13:10,2017-03-02 00:00:00
721c90253d3c1f625f71e2faf53a6b57,742cedd54dad5e81da2cdaf719678e3d,delivered,2017-01-26 21:58:53,2017-01-26 22:15:13,2017-01-30 09:09:54,2017-02-03 15:09:34,2017-02-20 00:00:00
fc79bdcefc8fbd9f44f8cf9633793359,f17aac72ebe06a7fbf7f6c923cd82718,delivered,2017-01-26 22:15:09,2017-01-26 22:30:17,2017-01-27 15:44:25,2017-02-03 16:42:04,2017-03-02 00:00:00
7249fd69ae42373a6a357567e41ecc57,c2a3ea344de262f71dfb5d9f83a02adf,delivered,2017-01-26 22:15:22,2017-01-26 22:25:11,2017-01-27 16:14:22,2017-02-08 09:52:05,2017-02-24 00:00:00
96867881a8d245ffae18dd2f1c4898d2,40e7a663ffaa7aa2f2ad20d6d40d6b14,delivered,2017-01-26 22:19:43,2017-01-26 22:30:17,2017-01-27 11:47:20,2017-02-08 12:12:39,2017-03-02 00:00:00
9d34d5659dfa39b38d29bfcf0c85ead9,dd32ce6c2b55f4746c288375a89ce176,delivered,2017-01-26 22:23:15,2017-01-26 22:30:18,2017-01-30 09:02:53,2017-02-08 16:47:45,2017-03-02 00:00:00
042e247be09aeae88a74e35766aa03ca,23b8c6b8acf581a5d3c4bd97d55c86bc,delivered,2017-01-26 22:28:07,2017-01-28 20:32:18,2017-01-31 13:23:50,2017-02-14 13:38:40,2017-03-06 00:00:00
44ed09232a24ad29cf2457b2780e806b,2b8784fee7592d8c11a970f175cb5d71,delivered,2017-01-26 22:44:11,2017-01-26 22:55:10,2017-01-31 14:06:00,2017-02-08 08:09:06,2017-03-10 00:00:00
315da0cfbc485bb00c12a581077cf7b2,1ff98f738e6baa6c7d6c262757e82720,invoiced,2017-01-26 22:52:01,2017-01-28 10:32:01,,,2017-03-10 00:00:00
146bfe4003096bc16316672e59c6fb2e,47443a10c52e727aeab6b6cae75dbdb6,delivered,2017-01-26 23:08:52,2017-01-26 23:21:57,2017-01-27 13:57:24,2017-02-01 11:09:38,2017-02-20 00:00:00
bdf4423bf60eac03b6786ebd0e507cc1,0040b00970e2139e8c43b647c0da5305,delivered,2017-01-26 23:10:07,2017-01-26 23:25:14,2017-02-06 11:54:30,2017-02-15 15:27:48,2017-02-20 00:00:00
12af24617f25e0c8cd411544f704f2f7,13733cc0a4aafa89ac9017036cc89fe6,canceled,2017-01-26 23:11:32,2017-01-28 10:33:06,,,2017-03-06 00:00:00
abbbf52551bc34cd52a7851c06dfca90,594ceaa56731ed8539ea1b5437d9e311,delivered,2017-01-26 23:20:31,2017-01-28 04:35:50,2017-03-17 09:45:32,2017-04-05 14:14:58,2017-03-14 00:00:00
7cc5f7da21653de1b71a6f4ad590e5a1,2f21a50c8c1214f27c501848fce8eb64,delivered,2017-01-26 23:33:35,2017-01-27 17:31:13,2017-01-31 16:24:59,2017-02-13 12:17:40,2017-03-10 00:00:00
4047217c6029782c1996e3cec14ef005,7c912bf7e7b05be2cc0a11c603a6332d,delivered,2017-01-26 23:41:13,2017-01-26 23:50:17,2017-01-27 10:15:52,2017-02-06 10:15:33,2017-02-22 00:00:00
a8305d2dfd60042d6000b3de3bc533a3,896ca8dffa927becb8dca9eabff5ff84,delivered,2017-01-26 23:48:56,2017-01-27 01:05:27,2017-01-30 16:54:34,2017-02-01 15:28:03,2017-03-06 00:00:00
aa04ef5214580b06b10e2a378300db44,f01a6bfcc730456317e4081fe0c9940e,delivered,2017-01-27 00:30:03,2017-01-27 01:05:25,2017-01-30 11:40:16,2017-02-07 13:15:25,2017-03-17 00:00:00
3440f090efa1949bc4e9ebd0b89b2b6c,2acac3dfe4fa0e75b07461873a67e7e6,delivered,2017-01-27 00:34:10,2017-01-28 04:34:44,2017-01-30 09:57:31,2017-02-10 18:43:38,2017-03-09 00:00:00
1c47e7875c7c3bd3399467e179c5c3bf,920262e9d102e1706e797902ac8e9d4b,delivered,2017-01-27 01:24:22,2017-01-28 03:31:13,2017-01-30 11:45:17,2017-02-08 10:45:40,2017-02-23 00:00:00
47378b461210a310c95e17323f7dd726,8a5881366c8a17270865c025f0636675,delivered,2017-01-27 05:27:14,2017-01-28 03:31:22,2017-01-30 13:42:08,2017-02-06 15:44:33,2017-03-07 00:00:00
775eb0ae1891c8dd8f12c2f8c6850006,a47703d55341244bf9e82521834ad64a,delivered,2017-01-27 09:20:04,2017-01-28 10:32:02,2017-01-30 11:38:21,2017-02-07 11:58:55,2017-03-16 00:00:00
38eb881851d90ec36b46d10b81792089,9605611724e3d18d409d01f49f56ff54,delivered,2017-01-27 09:29:40,2017-01-27 09:41:26,2017-01-30 10:14:02,2017-02-07 11:33:44,2017-03-09 00:00:00
55090b3dd39aed5a2019b57cce6b174d,8caa2b611962f72d9905feffb8501593,delivered,2017-01-27 09:33:01,2017-01-31 04:41:30,2017-01-31 10:57:58,2017-03-13 13:22:34,2017-03-17 00:00:00
fb975e889b11a08705d3b2734b626916,c7e79ac0034b4accdb78aa403ba6f68c,delivered,2017-01-27 09:51:08,2017-01-27 10:10:14,2017-02-06 11:54:28,2017-02-20 12:07:48,2017-02-27 00:00:00
92e3415f60fec80f07ebca939434c3a7,85163f5cd854d552b1627f12e52721fc,delivered,2017-01-27 10:29:59,2017-01-27 10:41:54,2017-01-31 11:50:54,2017-02-02 17:43:58,2017-03-03 00:00:00
6c7481b5566c6a3821a91a05b0f9f7c8,9668e82e922394b6e8ee41f4400580eb,delivered,2017-01-27 10:31:21,2017-01-27 10:45:43,2017-01-27 11:48:18,2017-02-08 14:18:56,2017-03-03 00:00:00
444ba35537c4a2b24c3bf2e576ee98ac,c4dcf192d129b8388592885dd24fc476,delivered,2017-01-27 10:34:34,2017-01-28 02:32:27,2017-01-30 10:18:24,2017-02-07 09:54:56,2017-03-01 00:00:00
26c18b7ca7a6a870496dafd3633b3412,a30ed289c17f4e875d4ac2110dc19040,delivered,2017-01-27 10:36:14,2017-01-27 10:55:08,2017-01-27 14:48:25,2017-02-02 12:32:12,2017-03-07 00:00:00
3c6f2c25e0bc1279d17395ec365ea14c,4da838ac0a5e78523963ae590a05ef43,delivered,2017-01-27 10:52:15,2017-01-31 04:32:54,2017-01-31 10:19:47,2017-02-02 16:57:54,2017-02-21 00:00:00
89484162f10c48a5cbccb77221419395,7dac3d4de500983168e1b1bca53be307,delivered,2017-01-27 11:34:09,2017-01-28 04:34:43,2017-01-31 13:59:16,2017-02-13 11:07:57,2017-03-24 00:00:00
b8a4cbf978ddb7ef0264c480a122329f,0c9250b6e51b94c3250b3992631fb100,delivered,2017-01-27 11:36:22,2017-01-27 11:55:47,2017-01-27 12:30:55,2017-01-31 11:57:36,2017-02-21 00:00:00
a89b268d1a28bab0770e650f25232b06,eb534900c64fcbbe53a4158d78c3bbd4,delivered,2017-01-27 11:38:59,2017-01-28 05:32:05,2017-01-30 11:06:19,2017-01-31 17:27:26,2017-03-01 00:00:00
749a31c1093994e39ecb4aef66a7aa3a,8283002ac9ca2ece392746190b152185,delivered,2017-01-27 11:57:43,2017-01-27 12:15:40,2017-01-27 16:30:24,2017-02-06 10:39:02,2017-03-09 00:00:00
a503ed3639b58426f15f719d61bfe408,a11a96019906d49f5d01edda79022941,delivered,2017-01-27 12:10:43,2017-01-27 12:31:29,2017-02-01 01:02:56,2017-02-15 18:45:02,2017-03-03 00:00:00
5d36e8ca3ccd1262b7641467fdba0b8e,3b2b96751131c948164edc5d21d27abb,delivered,2017-01-27 12:10:46,2017-01-27 12:31:29,2017-01-30 10:26:15,2017-02-08 18:42:20,2017-03-20 00:00:00
ce500b2ca0d960f937fb4d24282d3291,b77ef6aa11b50074739e74d4a78ae4a9,delivered,2017-01-27 12:15:07,2017-01-28 04:34:27,2017-01-31 10:05:13,2017-02-15 18:22:02,2017-03-02 00:00:00
b5d124183f47ec6adf54b1cfc3e445f8,0c17965e427088da168bf202d9847f7a,delivered,2017-01-27 12:22:34,2017-01-27 13:31:03,2017-01-27 14:21:27,2017-01-31 13:18:06,2017-03-07 00:00:00
2bcf5ca88957e31faab027f2325cfd63,65b8331f36ef1247c8b665fdb5b2308a,delivered,2017-01-27 12:29:31,2017-01-28 04:35:59,2017-02-01 00:49:00,2017-02-07 15:12:07,2017-03-06 00:00:00
142c8688b5b13e21ac5a448a1688b9d7,96c6d161a734e063fba237c7d58f75d6,delivered,2017-01-27 12:31:05,2017-01-27 14:31:16,2017-02-13 06:38:34,2017-02-23 07:34:18,2017-02-27 00:00:00
bfa74f7450cf978b57226b70a6a8936f,e616e1806cf7fa06607a83d2f97f3993,delivered,2017-01-27 12:51:19,2017-01-28 04:35:47,2017-01-30 17:42:10,2017-02-03 10:37:40,2017-03-06 00:00:00
126da462f642d99483c0691ac474c783,160ac713dfef7d7f57a0f61d8a0df5b4,delivered,2017-01-27 12:54:57,2017-01-27 13:31:02,2017-01-27 13:48:14,2017-02-03 16:14:53,2017-03-02 00:00:00
9d6f552c9b731d52bb9c9b6051ddf5a2,28d65a634bc74f4f8b823cf8dd5e8b34,delivered,2017-01-27 12:54:59,2017-01-31 04:36:08,2017-01-31 17:12:07,2017-02-13 14:44:08,2017-03-21 00:00:00
d01c0baa4630bdd8a5d0266931837209,5be96cc643f055c5ec688661898ff816,delivered,2017-01-27 13:32:58,2017-01-27 14:31:48,2017-01-31 10:51:49,2017-02-04 09:23:37,2017-03-14 00:00:00
3ff04db80f0b2c359e8e47fdb913d826,8a861c441f42b3297875a0eb3bf98b5f,delivered,2017-01-27 13:37:09,2017-01-27 14:31:27,2017-01-27 15:20:47,2017-02-07 10:11:26,2017-03-08 00:00:00
f63be24880200ae32aa24f5b458a3dc3,a6954f48f5d8a0dcbad1a0921109cb56,unavailable,2017-01-27 13:39:53,2017-01-27 14:31:44,,,2017-03-16 00:00:00
6f334a2e1303fe798ae16f4c33269e82,d69688d427da267e3c2d564db094796a,delivered,2017-01-27 13:43:36,2017-01-27 14:31:23,2017-02-06 12:37:59,2017-02-12 12:21:54,2017-03-08 00:00:00
08e617c0a81895c4d5f6ab1e4a20fad0,a2ca0ba8cb6271f95f286421b60681aa,delivered,2017-01-27 14:01:20,2017-01-28 03:31:21,2017-01-30 15:45:48,2017-02-02 12:07:30,2017-03-03 00:00:00
1e6377b497624e8fa908ee4a87e3687d,e81fc327c9365a91e9ce38e8d904647f,delivered,2017-01-27 14:12:01,2017-01-31 04:36:36,2017-01-31 11:14:14,2017-02-13 07:13:59,2017-03-09 00:00:00
05ca3bba2e4c3bc5c601b57af96cf3cf,b8cdbd2d79fb877b224b27ff548c297d,delivered,2017-01-27 14:24:28,2017-01-28 03:31:34,2017-01-30 08:34:54,2017-02-22 18:15:45,2017-03-29 00:00:00
b4d81b7ba0a5e97d9b77104dc0f3b82d,707fac20a2b45cac1486d1ba891b629c,delivered,2017-01-27 14:27:36,2017-01-27 15:30:59,2017-02-03 13:29:35,2017-02-07 07:34:53,2017-03-24 00:00:00
b866af202be0692766081310cd4085e1,d1800078046ed2e5ae1b0792b695c56e,delivered,2017-01-27 14:59:17,2017-01-27 15:30:46,2017-02-20 02:32:08,2017-02-15 03:53:46,2017-04-17 00:00:00
281a4e1ef3ab9d256027ddd2db90c762,48fe0a56997c0eaac6fa6f50fc9d8020,delivered,2017-01-27 14:59:18,2017-01-27 15:30:56,2017-01-31 15:07:35,2017-02-02 20:07:49,2017-03-06 00:00:00
66f5111aa3f376fd7dfa577aa7c57515,89517109d03f8c3f1c63b84418e97559,shipped,2017-01-27 15:00:25,2017-01-27 15:31:29,2017-01-30 18:08:13,,2017-03-06 00:00:00
9ee391a01004a9f330f16ebf9f7f0966,9c2344a071565e12fbf3fae2abc986da,delivered,2017-01-27 15:28:18,2017-01-31 04:41:19,2017-02-03 14:25:25,2017-02-07 14:51:41,2017-03-15 00:00:00
e6ba7ef3fa398a176291132b06cd519e,b7a4690ba0bc91f249bb7fd25b3be748,delivered,2017-01-27 16:21:48,2017-01-27 17:32:11,2017-01-31 17:18:02,2017-02-10 09:34:01,2017-03-17 00:00:00
8c10b4712b6c450e49bcfb6b1e48449f,746c850fc3309628645b7b22b4603e55,delivered,2017-01-27 16:31:12,2017-01-31 04:38:25,2017-01-31 09:38:28,2017-02-07 12:37:51,2017-03-16 00:00:00
b95b454428554b28f33786b07e41edc4,40b3dfbf520c45c6107a0d749c13855d,delivered,2017-01-27 16:31:54,2017-01-27 17:31:39,2017-02-02 11:21:07,2017-02-13 11:53:47,2017-03-02 00:00:00
062f0992a050330334749ffa530fa796,1f49021da1642fde361de30ee4f1c935,delivered,2017-01-27 16:55:48,2017-01-27 17:30:38,2017-01-30 08:27:48,2017-02-10 14:09:05,2017-03-17 00:00:00
96e60a8b7fe4d9cd4f5ef7f3399a502b,78d97021c6f17f11e1c84245d5def5ec,delivered,2017-01-27 17:16:40,2017-01-27 17:30:41,2017-01-30 12:42:03,2017-02-10 10:15:05,2017-03-09 00:00:00
052523fd2c735b15cb107afc0a413bc2,ef6df80448de23799ff246c3c898c8eb,delivered,2017-01-27 17:21:48,2017-01-27 18:31:37,2017-01-30 08:37:37,2017-02-06 08:25:25,2017-03-21 00:00:00
897ed337ed4c3fba920924b9143c2ea0,7e0ccb80f03547847437a81f88b7e7ad,delivered,2017-01-27 17:31:45,2017-01-28 05:31:36,2017-01-31 06:43:58,2017-02-06 11:42:34,2017-03-27 00:00:00
4418075144d646b6ecb7228571cec59e,957eb9ed2b71b5439f68a865a736de0d,delivered,2017-01-27 17:39:36,2017-01-27 19:31:12,2017-02-02 15:55:50,2017-02-16 16:21:34,2017-03-24 00:00:00
c8aea852a760205e92591d5053231e07,76fee7c59d7317435aef4230a46b23bd,delivered,2017-01-27 18:00:27,2017-01-29 08:32:02,2017-02-01 09:18:31,2017-02-09 06:04:49,2017-03-20 00:00:00
15b1aceab346b46189a6eea3b6f4b951,8ec1617ce630c731866f5a041b5d408c,delivered,2017-01-27 18:16:50,2017-01-28 10:31:24,2017-01-30 09:57:15,2017-02-09 09:27:56,2017-03-15 00:00:00
8f1a2a26d4f0ed5608a8857e0e88b7ad,725053273ea08ee2997d63e7a36b984c,invoiced,2017-01-27 18:18:31,2017-01-28 10:32:58,,,2017-03-21 00:00:00
bf4931e6025b2bdd77ffa4264659c9e6,8e43a72ca4287806280d0daea3cc46fa,delivered,2017-01-27 18:28:44,2017-01-28 10:31:32,2017-01-30 08:27:52,2017-02-06 09:27:15,2017-03-17 00:00:00
59db0cf65fd439e6e76ec105e3aa421c,1d2b981cedb5a187a9eb0c2ecbf0df2a,delivered,2017-01-27 18:47:11,2017-01-28 10:32:15,2017-01-30 13:20:35,2017-02-20 15:36:08,2017-03-16 00:00:00
5ffbbd67f14392efe8fd533d38cd1338,9e7fe4ea65ba59140cab054bdbdf018e,delivered,2017-01-27 19:04:57,2017-01-27 20:31:43,2017-02-02 11:21:43,2017-02-06 10:05:42,2017-03-16 00:00:00
0ec04706b50b8bc69a14dff0d6a26f13,f10e5fbd994c96fe6abc21c3303c9a40,delivered,2017-01-27 19:33:54,2017-01-28 10:31:03,2017-01-30 09:29:04,2017-02-02 11:59:04,2017-03-15 00:00:00
f4026d9ae34e982204b4f7b627939d32,1e88b5f20d4c915f63c41dae61f1c23f,delivered,2017-01-27 19:44:14,2017-01-30 10:31:46,2017-01-30 13:14:00,2017-02-01 18:55:37,2017-03-27 00:00:00
a73a38a5eeac4ab94ef2bcbd90f92e43,1fb3df5efb074be6ef543b2ac76833e2,delivered,2017-01-27 19:55:05,2017-01-28 10:31:22,2017-02-01 10:04:37,2017-02-08 14:05:11,2017-03-07 00:00:00
1e6025fd19451c74352d0bbf6a218bf6,115159a20c6d95890cbf83916b57b07c,delivered,2017-01-27 21:23:00,2017-01-28 10:33:49,2017-01-30 11:17:50,2017-02-09 11:07:43,2017-03-17 00:00:00
c7da1b57f7d2251252370bc7d94168fe,b8758ed99c2b800a287f19fb1a3ea52c,delivered,2017-01-27 21:27:17,2017-01-28 02:32:16,2017-01-30 13:16:45,2017-02-09 13:21:35,2017-03-15 00:00:00
594bad57a253656f86d8282c5365be89,2f58bb32416886045970ba0c48719094,delivered,2017-01-27 22:01:41,2017-01-31 04:33:42,2017-01-31 19:32:20,2017-02-10 20:42:16,2017-03-16 00:00:00
012973f4cb6743d00d7e2644ddc8804c,eb00b6b34bb7da3b9cf13c9ba8d1e136,delivered,2017-01-27 22:02:29,2017-01-28 10:32:38,2017-01-31 10:21:48,2017-02-06 13:58:54,2017-03-09 00:00:00
a47c6e02b84d8dea0ec21748a611293e,3e6d5ab80ad405a8ebfe75d52974e93c,delivered,2017-01-27 22:07:02,2017-01-31 04:40:23,2017-01-31 12:03:23,2017-02-02 18:33:50,2017-03-08 00:00:00
329465dad46fffab333860e92e7ac984,2591b8425f1f3f363d644917fbc238db,delivered,2017-01-27 22:14:53,2017-01-28 10:30:56,2017-02-03 13:54:57,2017-02-14 13:15:33,2017-03-13 00:00:00
2410734c3fc6d36010cf6b1b36c2974d,9015549e1e0438244f52123c59498fa6,delivered,2017-01-27 23:02:15,2017-01-28 10:33:24,2017-01-31 11:32:42,2017-02-16 16:55:02,2017-03-21 00:00:00
5d97051b2fbe2d850d8c195e054735b4,ab65a308e13faaef39b0370e82dd6fdb,delivered,2017-01-28 09:49:10,2017-01-28 10:32:22,2017-01-30 13:32:37,2017-02-06 14:43:49,2017-03-06 00:00:00
11a6ea18f3646c6e6dcbadbd0207b35d,8f99d406f72a8339a5507e598bb187de,delivered,2017-01-28 10:26:06,2017-01-28 11:31:33,2017-01-31 04:23:58,2017-02-08 14:42:30,2017-03-08 00:00:00
80e9acbfd99b46609bded7263945fe15,9472d282b4d8b3cf62bbc7933b2215ba,delivered,2017-01-28 12:20:43,2017-01-28 12:30:31,2017-01-31 06:43:58,2017-02-09 10:03:20,2017-03-17 00:00:00
001dbc16dc51075e987543d23a0507c7,698a74f33469466fa4172e829505d1c6,delivered,2017-01-28 13:17:57,2017-01-28 13:32:16,2017-02-01 15:59:46,2017-02-13 13:17:47,2017-03-20 00:00:00
b4924647a0523d99010023d68b76c18d,80600605c908c076d9e4073f2cb9430a,delivered,2017-01-28 13:23:50,2017-01-28 14:31:35,2017-01-30 16:20:47,2017-02-07 10:48:29,2017-03-27 00:00:00
aac01d5ce6fab5aa0e191d71aedbaa3c,7f10859af8483458fbe59d40da3d04f5,delivered,2017-01-28 13:24:20,2017-01-28 14:31:38,2017-01-31 08:45:22,2017-02-09 11:03:47,2017-03-15 00:00:00
e2b56835030c81195a5f1d65a17a2c1f,f2ee282dfaf98e24c28fa41c2a7f28d3,delivered,2017-01-28 14:18:45,2017-01-31 04:32:47,2017-01-31 13:54:37,2017-03-03 13:05:15,2017-03-22 00:00:00
6f7626222f2b324b580e36eb22d8bb8e,606eff563eff430f88394911d8f868d3,delivered,2017-01-28 14:49:09,2017-01-31 04:36:18,2017-01-31 21:01:01,2017-02-06 07:12:37,2017-03-08 00:00:00
0c8675dc2e52ab52977a76d810e45303,0595cb1106adc0f2c0f617c560fb8e57,delivered,2017-01-28 15:55:11,2017-01-28 16:31:16,2017-01-30 09:40:59,2017-02-01 14:14:43,2017-03-17 00:00:00
1df257323bb550a9b9bb150345c42e45,8cb4d4ae78fe9aa67a08a4d8c322c201,delivered,2017-01-28 16:10:01,2017-01-31 04:41:49,2017-01-31 23:29:59,2017-02-16 16:44:02,2017-03-10 00:00:00
b23dfa1c97d08f8d2017e85dbdc5b1aa,87b0f9495e8483a396c8722f9e5dd2ee,delivered,2017-01-28 17:05:18,2017-01-28 17:30:42,2017-01-30 13:15:01,2017-02-16 17:11:44,2017-03-10 00:00:00
e3e80c87ef38162cf2d0fb01c481f5df,5f52377aba982636a0de8c3c12128b70,delivered,2017-01-28 17:05:59,2017-01-31 04:41:01,2017-02-01 15:33:00,2017-02-10 08:25:34,2017-03-14 00:00:00
fd4787fa8be4afcbd8ba795e775cab51,fea16654c631c5cd6997fc0414c3a201,delivered,2017-01-28 17:57:35,2017-01-31 04:40:05,2017-01-31 08:39:09,2017-02-06 14:23:53,2017-03-08 00:00:00
b0f913cb83681e8a8563b96b641b3e1b,5967895f1299e02b1b0cb7a8ef4a437b,delivered,2017-01-28 17:59:37,2017-01-30 11:33:35,2017-01-31 05:21:37,2017-02-07 08:58:13,2017-03-15 00:00:00
a15df161654da3f47c2984ffd7764920,109cf3ecc53afd27745a79a618cb5ec4,delivered,2017-01-28 18:30:17,2017-01-28 19:31:32,2017-01-31 11:09:43,2017-02-10 12:27:47,2017-03-08 00:00:00
82bfafb84a5843f06b8c3983edb1883b,86bbc4a292e9d3f4191ea8a4c82e6c10,delivered,2017-01-28 19:10:46,2017-01-28 19:30:49,2017-01-31 17:26:30,2017-02-10 08:53:23,2017-03-08 00:00:00
c004caad90ab5b86dcc0e253eee4491b,637add33cc02415a6567d6b134828754,delivered,2017-01-28 19:44:25,2017-01-28 20:31:36,2017-02-01 13:03:52,2017-02-13 10:32:41,2017-03-16 00:00:00
765e82006189100419015233bf26be8a,dd4a80c1daa4fc1d5b27af36e5f44f2b,delivered,2017-01-28 19:50:15,2017-01-28 20:31:33,2017-01-30 11:32:54,2017-01-31 17:42:11,2017-03-27 00:00:00
354a5b90cf468691c4b06debfd2c8115,e879d9cc471ab8feafa1056998e6ec95,delivered,2017-01-28 20:01:21,2017-01-28 20:31:32,2017-01-30 08:27:47,2017-02-15 18:47:34,2017-03-20 00:00:00
a52e6fa2d7c6ecaf73ff5f7f10438339,0324eee00643cd63d11ec25cb930d53e,delivered,2017-01-28 20:09:18,2017-01-28 20:32:25,2017-01-30 12:00:42,2017-02-08 12:31:55,2017-03-07 00:00:00
bf88003f2580db7589007ec44bc85695,e7b9bc73f30f476a29a9a805d3817504,delivered,2017-01-28 20:55:38,2017-01-31 04:35:20,2017-02-01 10:45:57,2017-02-06 08:12:00,2017-03-10 00:00:00
c45c354aed442407610326035c6c44d6,98153d5b1cde47994c69ad02de498d26,delivered,2017-01-28 21:22:15,2017-01-28 21:31:40,2017-01-30 13:14:59,2017-02-13 08:08:59,2017-03-09 00:00:00
e40815dcb739e03cb2c06547ef7c3092,4d44a73097bff381fc95fe6d86a96160,delivered,2017-01-28 21:51:24,2017-01-28 22:32:05,2017-02-02 13:03:04,2017-02-10 17:38:04,2017-03-15 00:00:00
b3a60e4531d82485b6ed7c49ba266c66,5844a62772b729f3f92ba756dc9411e5,invoiced,2017-01-28 22:54:48,2017-01-28 23:31:44,,,2017-03-17 00:00:00
c383ab7c64e3ee1503e3574b22e37dab,0ecec081acf716b8ae4ee28348f7b04a,delivered,2017-01-28 23:09:31,2017-01-31 04:34:49,2017-01-31 11:30:09,2017-02-20 09:21:31,2017-03-10 00:00:00
dba1b6fd34a7fd5961e829fa902ca702,3d97524e491c9aba1f09141ecfde08d4,delivered,2017-01-28 23:29:12,2017-01-29 00:36:10,2017-01-30 13:53:57,2017-02-02 09:42:11,2017-03-15 00:00:00
4ed01120b6d2cbb2a2fe37897f9611f4,f96128959baa7c240dbfe33c4a2646b8,delivered,2017-01-28 23:41:13,2017-01-31 00:34:42,2017-01-31 15:49:39,2017-02-10 18:22:21,2017-03-27 00:00:00
a6cd683d4bd3b9b1f0aa37b27f8116d3,48f239e15744ed5e7ffbafc6bb6e882b,delivered,2017-01-28 23:45:53,2017-01-29 01:31:48,2017-02-01 14:25:06,2017-02-10 17:30:19,2017-03-10 00:00:00
95e4477d8423c69a93c55d840e02d9ba,42048dec015103c5b5715657565ec274,delivered,2017-01-28 23:55:20,2017-01-29 01:31:04,2017-01-30 16:14:36,2017-02-10 00:09:16,2017-03-17 00:00:00
8ffd24fbf822586b2712a4becc7217dc,2f9e8eaed5dc638e5b884a9a37268fca,delivered,2017-01-29 00:31:42,2017-01-29 01:32:22,2017-01-30 09:11:53,2017-02-07 10:34:04,2017-03-20 00:00:00
7e61a4c6d93d6ad8a4ca4a8d00094339,ae8dc9a1f298680124ae2dc18e37cb34,delivered,2017-01-29 04:52:16,2017-01-29 08:30:35,2017-02-01 14:51:57,2017-02-09 07:44:51,2017-03-09 00:00:00
a8f7a1d76c02dc4a7c5177aee8c2b02c,59d0d218d4427b9960ee18cc5556770d,shipped,2017-01-29 10:02:37,2017-01-29 11:31:19,2017-01-31 07:57:48,,2017-03-17 00:00:00
7090c88db4158f89d839c794cdd73272,edce8c7c09759f2efe2486aff649a7fc,delivered,2017-01-29 10:03:54,2017-01-31 04:32:23,2017-01-31 14:10:50,2017-02-07 10:18:00,2017-03-16 00:00:00
ecfec80cd0ce1a66543b6bd5e278a76b,4f69c8c7d5ad1cd8337480b4a7e04a31,delivered,2017-01-29 10:27:35,2017-01-31 04:33:14,2017-01-31 13:54:38,2017-02-10 17:34:24,2017-03-20 00:00:00
e19721a12bc1caeb2095db14d8d6fc4e,2c98452bdf306ac1a6055b52c9132067,delivered,2017-01-29 11:10:23,2017-01-29 12:32:32,2017-02-01 15:59:45,2017-02-14 16:53:43,2017-03-17 00:00:00
10ac3b593f06e0dd6b38a53821c1d497,80463b3160eb97d89c576a54700a0e91,shipped,2017-01-29 11:18:22,2017-01-29 11:31:25,2017-01-30 09:38:35,,2017-03-09 00:00:00
b34d8ec665f905d3c7583b291f54b605,70da82df80a3f1ca6fb62b41b08c7c53,delivered,2017-01-29 13:34:56,2017-01-31 04:34:03,2017-01-31 13:41:04,2017-02-06 18:23:27,2017-03-21 00:00:00
d3aa5667ad65af7fa58a5481d0aff07a,3f5939e06e89efd9e9ca8ef3ab9d68c7,delivered,2017-01-29 13:42:10,2017-01-29 14:31:11,2017-01-31 16:16:00,2017-05-12 13:43:02,2017-03-08 00:00:00
4d2c3fb1909604d5f9474e4675971ef2,2cb0c084ec56c7fc7d6278cdd8787670,delivered,2017-01-29 14:05:53,2017-01-29 14:31:49,2017-02-02 16:10:18,2017-02-15 17:27:46,2017-03-20 00:00:00
06dec2690e0cd75d327646a81fdba74d,0b8c055126a79bb506c592eea2ddb8eb,delivered,2017-01-29 14:30:57,2017-01-29 15:32:03,2017-02-06 10:15:38,2017-02-15 15:25:33,2017-03-13 00:00:00
4deb2316dadf42f0daa6b8965d384ba8,b22ca452dbb41139048975084d8a8f1e,delivered,2017-01-29 14:46:06,2017-01-29 15:31:07,2017-01-30 13:22:34,2017-02-06 14:37:20,2017-03-17 00:00:00
399775d0638168dfd529422f995fcc41,532719903d588d324f360c02d3b1706f,delivered,2017-01-29 14:57:59,2017-01-31 04:35:34,2017-02-01 12:44:17,2017-02-08 15:32:40,2017-03-28 00:00:00
acb3a4ba3d4d4b0c57cd93736fa61558,2bd859804139f43a638beb3cabc4b204,shipped,2017-01-29 15:21:30,2017-01-30 15:33:30,2017-01-31 13:54:38,,2017-03-20 00:00:00
f04479bb4e07ce7b8ac1d2287b528541,cdebdd9b0e6d04c6a6c2ac526fc081e2,delivered,2017-01-29 16:00:36,2017-01-29 16:31:39,2017-01-30 10:18:21,2017-03-14 10:42:19,2017-03-09 00:00:00
bb0ef554fe35f069cb84d62115f885f0,80446c9ca01b14a65601abf14d15bf61,delivered,2017-01-29 17:38:09,2017-01-29 18:31:29,2017-01-30 14:16:19,2017-02-02 23:57:48,2017-03-16 00:00:00
f85e82f7a3b6d26dc7d16b7c2c39b31a,d01826743562fd76692b98829e8404d6,delivered,2017-01-29 17:44:07,2017-01-29 18:32:05,2017-01-30 13:14:56,2017-02-08 07:01:08,2017-03-09 00:00:00
1a4bf675df415785d3d9b3f3521988a7,44b521ae63ec470874a89c37fcea4c6a,delivered,2017-01-29 18:19:02,2017-01-29 18:31:12,2017-01-30 16:14:36,2017-02-06 09:53:50,2017-03-17 00:00:00
d6d06ebdeab0297fe7460931b29b4422,dafb5d1c281d4cf50c5383b6d9ed0ab6,delivered,2017-01-29 18:25:19,2017-01-29 19:31:15,2017-01-30 14:39:23,2017-02-07 16:48:08,2017-03-15 00:00:00
91c52e15672343c61768b4d10597eea8,56d6226f23b849ac14f6386041dc492e,delivered,2017-01-29 18:35:23,2017-01-29 19:31:06,2017-02-02 13:56:33,2017-02-08 11:32:48,2017-03-17 00:00:00
a7765f04ecc5f2e0683f08a97ee8174e,6b93377502d7cd14b2a3864fc7d635a8,delivered,2017-01-29 19:08:00,2017-01-29 19:31:49,2017-01-31 16:35:04,2017-02-08 10:34:01,2017-03-15 00:00:00
adebb4dfc650b98f7c7e38bb11cb0aa9,36648b18906353abea5d060f554acb0e,delivered,2017-01-29 19:10:43,2017-01-29 19:31:46,2017-01-30 14:39:22,2017-02-03 14:23:59,2017-03-17 00:00:00
3630513f30286ed696e4a2e36c79ae3c,2707853be7df8de3a4c4e8c718de99ba,delivered,2017-01-29 19:17:41,2017-01-29 19:32:06,2017-01-30 17:08:58,2017-02-08 10:55:29,2017-03-20 00:00:00
24040647efd179bd506acacbbbabd838,91a10aff1998894aefda53b691a5d6f6,delivered,2017-01-29 19:59:20,2017-01-31 04:38:44,2017-01-31 09:38:21,2017-02-13 05:58:56,2017-03-16 00:00:00
be09f109e6aa72ccad1f72f521f8d525,c8c236ed3d37d2c3f9c82ab51b5482fd,delivered,2017-01-29 20:03:45,2017-01-29 20:33:32,2017-01-30 16:54:28,2017-02-13 14:06:11,2017-03-15 00:00:00
aa799c67bfe59b0de24f6db1dc1b776e,5c5932c767b1eea17f6374dab31c76ec,delivered,2017-01-29 20:14:15,2017-01-29 20:31:06,2017-01-30 11:38:21,2017-02-02 15:24:04,2017-03-15 00:00:00
1489856fc5e3169af6b06edbc1aeb1b1,6e7b0f93dfebf606621b18ba1bbca33c,delivered,2017-01-29 20:24:13,2017-01-29 20:35:24,2017-01-30 10:51:43,2017-02-09 11:35:06,2017-03-13 00:00:00
6c6e590c8ce02ecc30bef8bd3b34d82f,4c2352fefc6c76c844fb918aa3a1478f,delivered,2017-01-29 20:37:04,2017-01-29 21:41:21,2017-01-30 08:27:47,2017-02-13 20:54:05,2017-03-20 00:00:00
4d7a365119241cbd17c7afb5b39bb9a0,7b1536d40b410674d6580bf1a6883985,delivered,2017-01-29 20:53:13,2017-01-29 21:40:45,2017-01-30 11:45:17,2017-02-02 14:38:06,2017-03-07 00:00:00
