review_id,order_id,review_score,review_comment_title,review_comment_message,review_creation_date,review_answer_timestamp
87d38823c8e926b57ec61e64f5466cfd,001dbc16dc51075e987543d23a0507c7,5,,,2017-02-14 00:00:00,2017-02-20 17:07:46
77e0edd9f898d8667be3a63d802c1021,00b4a910f64f24dbcac04fe54088a443,5,,Tudo ok,2017-01-27 00:00:00,2017-01-29 21:31:09
225b6952d36e8d5d5c46f0faae4c9827,012973f4cb6743d00d7e2644ddc8804c,5,,,2017-02-07 00:00:00,2017-02-10 03:47:02
c433b22629bcca816295cfc1cd446c7b,016dee69b3de35a39bfccee5309307c3,5,,,2017-01-27 00:00:00,2017-01-30 09:53:37
18e22c8baae1fd251e1af911f1c1dcaa,01ba72e24cf883d74c5479c0a626c740,5,,,2017-01-26 00:00:00,2017-01-26 22:30:30
c0001b239d903967dd453d3207023875,01f216b447564f9ea791b521db577ccb,5,,"No inicio fiquei com receio. Adorei,rápido e pratico. Obrigado.",2017-02-01 00:00:00,2017-02-06 13:01:36
00e927398b7a872a23c8990b38b7026a,021d08e4057e5b6414c8d2f69f4f72a0,1,,Comprei o produto chave canivete para Logan. Mas o produto que me enviaram foi a chave comum. Não vou solicitar a troca por o produto vai me atender. Mas faltou a atenção no ato de enviar o produto.,2016-10-31 00:00:00,2016-11-02 12:04:41
f640f6b13aa48409963e67e2f5381e7c,02a0eb7c22b0616c767a45954a2a28f6,5,,,2016-12-14 00:00:00,2016-12-14 03:46:43
57998f6fb9bff624291f11c44033bf57,03128233e78ed8ade6738f2043f4cf8d,4,,"Pela experiencia de compras no Mercado Livre, acho que a entrega via Correios poeria ser mais rápida(postagem).",2016-11-01 00:00:00,2016-11-02 23:07:34
be0b598a7016d7044a85d674d27ed345,032bc75236a1cbaf410bb596a509e774,4,,,2017-02-01 00:00:00,2017-02-01 08:59:28
83a805ef45ce81ae25df400575e6430c,032cf17f7a713287e46999fddea6051b,1,,"Achei um absurdo o produto estar disponível no site, o pagamento autorizado e debitado no cartão e a entrega não realizada ""por divergência no estoque"" segundo e mail que recebi...",2016-11-19 00:00:00,2016-11-21 12:31:30
22383fe465a6905882088baa73053bdc,035ab6fc3b7f9d16f714a337ee63b7be,5,,,2017-02-08 00:00:00,2017-02-09 15:36:50
7d11a1c5fd7b536288d74c4ea62d9128,03b218d39c422c250f389120c531b61f,5,,"Eu recomendo muito o produto, além de tudo a entrega foi muito rápida.",2017-01-19 00:00:00,2017-01-22 02:11:20
7d7a40160ccc9676b82f8f5bc35ba293,03ffce741877a000ca0fb3520673d4c4,5,,"Chegou bem antes do prazo, estou super feliz!",2016-10-26 00:00:00,2016-10-26 12:50:15
344f357394de6a300fa5a865db21c668,042e247be09aeae88a74e35766aa03ca,3,,O produto não está entre os melhores pois o preço ainda vai mais comprei dois produtos iguais pelo msm é tive que pagar dois fretes sendo que chegaram juntos absurdo,2017-02-15 00:00:00,2017-03-11 01:25:56
eb0a5e66d996050334014587b1c8699c,04bc36cd51141e11c2cbbd188b6e47ca,5,,,2016-10-21 00:00:00,2016-10-22 00:14:57
e19f9824bd7c140c8ef2ab5ab6b39217,052523fd2c735b15cb107afc0a413bc2,5,,,2017-02-07 00:00:00,2017-02-09 17:02:23
f8352324132b07d990c090c7fe8868ef,055eb7e5645d86bd278fc4f419622e8d,5,,,2017-02-03 00:00:00,2017-02-06 18:05:22
8b5afd726cc86efde6b416387b9d3ef4,0571cdb407bf04b419c94ffd7acbd874,1,,"o película que recebi apesar de vir identificada a ""caneta"" como sendo para um CELULAR LG K10 - é inadequada para o modelo por ser pequena, não a instalei pois ficaria rídicula.",2017-01-31 00:00:00,2017-02-03 08:52:23
6f6f67bf9001fd504af727529b15ecbc,058afe6c6322b4773393a66003934493,4,,,2017-01-25 00:00:00,2017-01-28 16:24:33
3388a00080894e49e5299e6880a149e0,05bfcf9e287cad216cadb8a850f8db5c,5,,DEMOROU 1 POUCO ...MAS CHEGOU CERTO....OBG,2016-11-08 00:00:00,2016-11-09 10:32:07
92ed9bea12e43363333b56c9e331a9ae,05c7d88e9c05e1fa1428f1ff2dcc29da,5,,,2016-11-04 00:00:00,2016-11-04 13:27:16
d68b58c6ca07c6575ca6ca5571ee7520,05ca3bba2e4c3bc5c601b57af96cf3cf,5,,,2017-02-23 00:00:00,2017-02-24 10:00:54
a47fb1655a2f142746f19d2535b5f565,062f0992a050330334749ffa530fa796,5,,,2017-02-12 00:00:00,2017-02-13 14:04:07
135e5d955a1420b964a8b9a5e6ddd881,063b573b88fc80e516aba87df524f809,1,,Não chego meu pedido,2016-12-03 00:00:00,2016-12-04 03:06:12
43a8434857dbf1118c88adfd7773f67b,0675116b5556a78cf0413f70aa9f235e,5,,,2017-01-27 00:00:00,2017-02-01 18:20:11
2f17f8ffe35062ac9d76c4dde9c181eb,06d7e8a85f5cfef576c5303ed7d7f2e5,4,,Entrega feita no prazo e produto em perfeitas condicoes Parabens a equipe,2016-10-20 00:00:00,2016-10-20 21:56:45
4f496df0e391550f20642cf43ee4b9ba,06dec2690e0cd75d327646a81fdba74d,5,,,2017-02-16 00:00:00,2017-02-17 04:50:12
f512be27cf8e8d592a53deac93d195c3,06f5f6139b33f53defc64643f1252d53,5,,"tudo certo graças a Deus, stark e lojas lannister sempre dando um banho de competencia em todos os sentidos, muito obrigado assim que tiver mais promoçoes estamos ai para comprar mais produtos, o",2017-01-31 00:00:00,2017-02-03 11:17:20
b42fa33f0e0e6a6a6cc04a373005229d,07d13d352c85dfbfa60dc56dea818335,1,,,2017-02-02 00:00:00,2017-02-04 21:24:30
022d64e74da67861361ae7da92faa4b2,08432abcf785878edf1221a0611960ea,5,,,2017-02-09 00:00:00,2017-02-10 07:45:15
80a44adebca41c95a1e55b3da6ac72a9,0891b66cbcc48cf64f31ae9cae3d08d8,4,,O produto chegou antes do prazo ! Muito satisfeito,2016-10-28 00:00:00,2016-10-31 10:22:02
755509047344db65b4c12fe56626765d,08d7ec7381dc51d41a0e4d86314b7a98,1,,,2017-01-27 00:00:00,2017-01-30 17:40:30
81410d45435bc2b4d2a23ec856f210a3,08e617c0a81895c4d5f6ab1e4a20fad0,5,,,2017-02-03 00:00:00,2017-02-04 12:18:25
28cd00f4956ea3486b933f2ce623ced0,08edff712f0cd04883215bdb5b0d7c7f,5,,Entregue antes do prazo...,2016-10-26 00:00:00,2016-10-26 21:17:24
f313267e6368957f98b5b01b7759f67f,091ac0791556275533697b36e2b00ff4,5,,Excelente compra e atendimento! Recomendo!,2017-02-07 00:00:00,2017-02-10 16:16:27
b82b2af506402c1b00ac3674e27a8e40,0927a4ea2d6af04c6e8a1aecd4f9951d,3,,"No site a mercadoria vinha junto estojo, mas este não veio.",2017-01-29 00:00:00,2017-01-31 22:51:19
d17f60def571608b9b788a5d9afea3e1,09b38400b1601bc9dea9de02c710857f,5,,,2017-01-28 00:00:00,2017-01-30 15:53:26
1cd141610c5f0120f82ebf5d2f2900f8,09d557bf440b6c3b40cacfbb24fd5e28,5,,,2017-01-20 00:00:00,2017-01-29 04:16:36
b3f79b50cb871014e033dfd4c5d7952a,09dd83f72b2516179cd46b81121fad23,4,,"O Produto Chegou de acordo com a descrição e imagem , mas demorou muito Quase 2 Mês",2016-11-29 00:00:00,2016-11-29 21:50:03
3b99e92643c371e395c584373010e479,09f58c00f941827ab206de7796785e44,5,,Eu recomendo muito a targaryen,2017-01-17 00:00:00,2017-01-19 18:03:43
1e90e853bc88ad9caca6311a2e497399,0a0837a5eee9e7a9ce2b1fa831944d27,5,,,2016-10-25 00:00:00,2016-10-25 15:58:47
90e4094406fa166ca3c729a7a387e678,0a1ad2c293c3baacc6b2c2d442c71acd,5,,,2017-02-08 00:00:00,2017-02-10 19:51:13
b2d5431ac7acdac769552d2728047232,0a2d541ba7c40984543d72b5eb0abcba,5,,"Ótimo produto, chegou antes do prazo!",2017-01-31 00:00:00,2017-02-02 18:33:36
3590167a693b2f2312743bc9a03a8d28,0a5d7e24850c68bf00d39bd62a9a45ee,5,,Tudo certo. Recomendo.,2016-10-28 00:00:00,2016-10-30 20:24:24
15ccee870f868c1fc330d3822243cf78,0aaf52291c13507e7fe4f565f079ad9a,5,,,2017-02-01 00:00:00,2017-02-01 08:47:58
64705002057140d46c08068d176f203f,0b1e73fa546894ad7310916b480de067,5,,Ok,2017-01-17 00:00:00,2017-01-20 21:34:01
2eda15f09642c4ba89201f8dcb784d5b,0b6d11d4a289a1574e8888f2558dd548,3,,,2017-02-11 00:00:00,2017-02-11 18:42:46
3916b65b44b8a957e2b26ad68e4e6ab0,0bda8164c1a12b6a388ebec8559ee287,5,,"Recebi muito bem embalado, o produto é mais bonito do que parecia na foto e o prazo foi 30 dias menor do que o estimado no ato da compra! ADOREI!",2017-01-18 00:00:00,2017-01-18 10:55:28
55b2d875b50539eeb6939579828e5d2e,0c1f5fca68708d9a22f8a9fe30b5c588,5,,,2017-02-01 00:00:00,2017-02-01 13:13:46
10360cbb383db4c9faef0538c7eb51d3,0c22166d9f7e5761e397affa5af438c7,5,,,2016-11-01 00:00:00,2016-11-03 10:58:51
3f7b2236d855588e5a74bd3784798639,0c3a7b14aa5e70ef5991122f6bb552de,5,,"Rádio aparentemente bom, bem compacto, ainda não testei mas parece ser bom. Vem com carregador e acessórios.",2017-02-10 00:00:00,2017-02-10 10:40:30
d212b6c583f36dafb3f70ce3b9127d76,0c5d85fbd4b20a1d9d5fc6a29e739f36,5,,"Meu produto chegou no prazo certo, e eu adorei, estou muito satisfeita.",2017-02-04 00:00:00,2017-02-06 22:55:35
85c08c1da6ade649c3e5547cadb2fa83,0c7fc95baa5e16992ed412ccea7f28b3,4,,"Recomendo. leve, versátil.",2016-10-26 00:00:00,2017-05-11 16:42:59
bf53a0a9f185ac5a6d3987f653085dc1,0c8675dc2e52ab52977a76d810e45303,5,,,2017-02-02 00:00:00,2017-02-03 06:21:53
0467560f511c516ddaa54a60edb0c291,0c995611a99f81268d859184a416f1db,5,,,2017-02-09 00:00:00,2017-02-14 15:58:44
c8a84bd448f61ebddc630e33e30ed692,0ca768c507d1fc3c61bd950bb1c5231a,5,,"chegou antes do periodo combinado, produto otima qualidade",2016-11-08 00:00:00,2017-02-21 00:34:09
c40a6116b2c320e6386218678cd2ba14,0cafd6a7576a6aae0f891008a87f1546,1,,Após a compra a loja informa que por um erro de comunicação interna o produto não está em estoque mais e o pedido será cancelado e o valor estornado.,2017-02-24 00:00:00,2017-02-24 08:41:49
ed6b240aa7ce2019fbb65188193916f8,0cb316841c24af560f6af0e3fb36137a,1,,"Fiz a aquisição de duas unidades, no entanto, recebi somente uma. Encaminhei e-mail ao stark relatando o fato e até o momento ainda não recebi qualquer tipo de esclarecimento. Continuo no aguardo.",2017-02-10 00:00:00,2017-02-12 00:07:00
f1e5cd1574a6be811fc8e285ab492741,0d9664d8da1dc4337269071b39e19423,5,,Produto chegou antes do prazo determinado pelo site.,2016-10-28 00:00:00,2016-10-31 11:01:33
5f9bb3090978168675eb25ebf582c61d,0daff24b7abb3accd3e2638a0d5be0a0,5,,"adorei o produto ,entega foi td como combinado,eu recomendo esta loja",2017-01-21 00:00:00,2017-01-29 01:13:14
ffefc187078bdfa2cb9ae9ea2e18f801,0dbfda5b69f9f25250969962f70929e9,5,,,2017-01-29 00:00:00,2017-01-31 12:23:09
a917ba27181f6c34aafeefdaaa0e1bd8,0e556f5eafbf3eb399290101b183b10e,2,,Veio uma corrente repetida,2016-10-25 00:00:00,2016-11-01 22:36:40
d0e5d23a50f8f2c0e071644f1b04dc6f,0e660617f70b9a3f6bfd3919b49450ab,5,,Amo esse site! Maravilhoso!,2017-01-27 00:00:00,2017-01-31 18:04:10
e4b7f762fdc2c71adf8f9681a5466fe0,0eaa4845a6182d6b72de720fb976abd4,4,,,2017-01-28 00:00:00,2017-02-01 02:17:40
191a393c7480786060e3097900b5f11b,0ec04706b50b8bc69a14dff0d6a26f13,5,,,2017-02-03 00:00:00,2017-02-03 22:28:53
4ebc298a393e45e9622da046dc3e43c7,0ec61157a488963fe217233f74c52760,4,,,2016-11-01 00:00:00,2016-11-07 15:02:44
167e1d0cfc502b72e4c38d5ea71fc390,0ed46f17da8a1c3bd0ed5fdfc50decc4,5,,"ótimo produto da forma que esperávamos, boa qualidade, vendedor rápido muito bom",2017-01-24 00:00:00,2017-01-28 01:04:08
c666eb97add8e7ba62d1959ac0ab62b0,0f3827e8b786c3d934c0863c1690603d,4,,"Foi conforme ,o combinado.",2017-02-03 00:00:00,2017-02-04 11:58:59
171efcba1ab32c5ebbd893abc885fed6,0f475d7e08b52d8abf7e8c6141286c27,4,,Recomendo,2017-01-29 00:00:00,2017-01-31 17:39:57
727a3971643267973c5dff684237dfeb,0f91be4a9bf9ffd2c1ace53b9e5dd9e2,5,,,2017-01-31 00:00:00,2017-02-03 00:54:55
75b77c0c9a1ea37e95a8b70092675d6a,0fd3cee523a106ac501c4cf18f56a4de,4,,entregue antes do prazo.. e produto de qualidade,2017-01-31 00:00:00,2017-02-01 10:53:53
16ca7fb9a20bc453147f77b6d863eb20,10221b5ef57cb66fe37a3b1e594918d1,5,,,2017-01-20 00:00:00,2017-01-24 18:24:24
55a52ad965b425809cbcb87fe4f5d2f1,102b790156f60813474ed025355a59d5,5,,Excelente produto.,2017-02-09 00:00:00,2017-02-09 18:18:29
ab125211266c7cb8542597fc230766a3,1069874467b6a425853288c450f68fc9,2,,"Entrega foi rápida , porém o produto de péssima qualidade, fino , não passou nem perto do que eu esperava , está certo que foi barato mas eu não pagaria nem 10,00.",2016-10-29 00:00:00,2016-10-29 19:56:37
f7cfeb0edd64c19c3e908cdb8f679b16,10ac3b593f06e0dd6b38a53821c1d497,5,,Ótimo,2017-02-16 00:00:00,2017-02-18 22:19:57
158034c5b156d18fc8ecaaf94fb77fd5,10b6352081cd9c4b594e4be0c491ee62,5,,"O produto é bom sim, muito bonito, macio e bem grande, mas achei um pouco fino.",2017-02-03 00:00:00,2017-02-04 12:23:05
aff09ad489e50f8d9b4d98e1ff92e12b,10bce195e3966122a3dd0e2aa676f761,5,,Gostei muito! ,2017-01-28 00:00:00,2017-01-30 22:26:01
aa507f2fe9aafcedc5b2589d704844a6,10d1e90a86d2be981a52b6a927c97dc5,5,,,2016-11-08 00:00:00,2016-11-16 01:58:07
2466124cf9255bf9e281efbf9064fac0,11837ac14fcdfb163c0b78d91be89498,4,,,2016-11-17 00:00:00,2016-11-20 23:30:03
6824079f792ddaa9399c4fcb34c6c69a,119d2d80c921d5b4806a1b19b4e8c531,4,,,2016-10-20 00:00:00,2016-10-20 23:57:05
ec213a856f34bb82fe629a8bd4ed9581,11a6ea18f3646c6e6dcbadbd0207b35d,1,,Produto ainda não foi entregue,2017-02-09 00:00:00,2017-02-12 02:07:23
a87c19be40ccbb6551217e26332a1bbc,123e27a1a4d0b2481d8618ac3dff7d4e,1,,Fiquei extremamente desapontada. Comprei 2 bonecos pelo site e duas semanas depois a compra cancelada por falta do produto. Perdi a oportunidade de comprar em outra loja e o produto se esgotou.,2016-11-20 00:00:00,2016-11-20 11:35:00
d5f364ffc2a1b8f705871011979a5ef3,126da462f642d99483c0691ac474c783,4,,,2017-02-07 00:00:00,2017-02-07 14:43:23
6bf1d2ef762c3913edac21a34ec84fce,12af24617f25e0c8cd411544f704f2f7,2,,,2017-03-10 00:00:00,2017-03-11 01:28:48
132d7c47599263f5a0a604763bc6454b,12ca240539e7029e0328f0a410c12ad1,4,,,2016-10-25 00:00:00,2016-11-12 20:01:41
72f685566b4731422d9472c4fdbaf2e3,1306d7999cdd320272eeea20f5768b77,5,,,2017-02-07 00:00:00,2017-02-10 08:25:26
c2d9e5306d8814e401ef083b8f93f4d8,138630e7e14855ce216a9db0cdabbe06,5,,,2017-02-03 00:00:00,2017-02-06 16:01:39
2c2919a4c6f098338e5e432c04dededc,13a4e0efe42392b2ee22601883f47d24,2,,,2017-01-27 00:00:00,2017-01-29 20:45:52
525140af26db0f66313291ef73dd7087,13f68da1f137146006b4c0c34b6824e8,1,,"Todo meu pedido foi cancelado, então não recebi meu headset e o estorno já foi realizado. Isto posto, não posso avaliar de maneira digna a loja supracitada.",2017-03-09 00:00:00,2017-03-11 01:20:03
f7489c5c8a98beb5d3d129c9e2ebead1,142c8688b5b13e21ac5a448a1688b9d7,4,,,2017-02-24 00:00:00,2017-02-26 23:15:19
efaa822d7e92503776f5949db412eab3,143f8e1be12f4d99301cec6f0d7a3834,5,,"CANECA FERA DO TIMÃO, MAIS UMA PRA COLEÇÃO",2017-02-02 00:00:00,2017-02-03 11:52:02
73bdfc91957f3597d9e6259e60ba5e24,1460b7b8fd63551dc68bfdffdc31edec,5,,,2017-02-03 00:00:00,2017-02-07 09:03:22
ba855727078770fc3a1b5a63ae92edb1,146bfe4003096bc16316672e59c6fb2e,5,,,2017-02-02 00:00:00,2017-02-02 22:37:00
aabed7345c4682dbee8656d1806da0bc,1489856fc5e3169af6b06edbc1aeb1b1,5,,,2017-02-10 00:00:00,2017-02-10 22:23:53
14ebbf02445a7002f16ac37eec124a6a,14b01335f19b97fce1437168032ae388,2,,"faltou a almofada cocozinho, na nota consta o produto, mas o produto NÃO foi entregue",2016-10-22 00:00:00,2016-10-22 09:25:13
6bd763b0a18bc7c57cf36289e4946548,157ec3dc3f38cdbd2706bd216edfe8fb,5,,Comprei 2 produtos no mesmo pedido com os srs 1 chegou falta mais 1 .Fiquei surpreso em ver à nota fiscal com um único produto já que jogar pedido tem 2 .,2017-01-14 00:00:00,2017-01-14 19:55:44
4a6d0a6681e9cef5e488af3ae2f66e1f,15b1aceab346b46189a6eea3b6f4b951,4,,,2017-02-10 00:00:00,2017-02-12 11:15:29
cf179e2948d6c43b0258fe110368d8e5,1612081119e8f23745698ad3367cc14b,1,,"Nunca comprem pela targaryen, comprei uma pelúcia e nunca chegou, anunciaram e não tinha o produto em estoque, uma vergonha. Incompetentes!!",2016-11-19 00:00:00,2016-11-21 03:41:03
f6c6ecd674869546d6a64256b5d04331,164bcbb466afa4e7b9eec1760f0d7096,4,,,2017-01-31 00:00:00,2017-02-01 11:19:01
42919ce363e85bb94de60e0529fe3204,16976f8e43d0c9ee6079e3ed9eaa4fed,5,,,2017-02-10 00:00:00,2017-02-10 08:12:32
56416302fb8560a5dd6a6d9401f1b443,16fe5fdb7f5aa0c9e841387dfec29821,1,,Não mandaram o produto e nem deram satisfação.,2017-03-08 00:00:00,2017-03-08 13:07:57
0164813279fca168f16dc2fce414850b,17f70d10c2acd50864b5dae4885894b5,3,,produto muito bom custo e benefício.,2017-02-15 00:00:00,2017-02-18 16:04:08
9e6b49679769d18c3586112818627c07,17fed53ba6dfef9b594ee2268642e2aa,5,,Super recomendo essa loja! Recebi bem antes do prazo informado e o produto é exatamente o que eu esperava!,2017-01-17 00:00:00,2017-01-17 12:48:11
b5f4bca1dd2976aeb590dfe5d52c06f7,18dad78c0f87f4c45ef196daeaa3ffbb,5,,Tudo dentro do combinado,2016-10-18 00:00:00,2016-10-18 18:07:44
d5cb00d607a9fcb1049e249e3622f5d9,19512a70f62306416782f963d55c8b26,4,,Gostei do atendimento,2017-03-04 00:00:00,2017-03-04 10:25:17
24a60a24e0fd528dc4386386310a90cb,195416246665b8268100ef5fde9722b4,1,,Acho que se pago frente tenho que recebero produto na minha residência,2017-02-16 00:00:00,2017-02-18 16:42:13
304470f2ff10f804a03a0db90857b2d5,1962f977f7b7b5eb73a3c2c39bbc93b5,5,,,2017-02-01 00:00:00,2017-02-01 23:54:51
30438651b2a9f883ff03c86129aed070,1970f2fb4b83ff962a75b064abc37f4c,5,,,2016-10-29 00:00:00,2016-10-31 11:33:50
fe431acef2f3b418c8ca197bc862104c,19feb5627c41ea1b36a8e50a469b3644,5,,,2016-10-22 00:00:00,2016-10-25 12:53:32
e40c852179d8d8068f524eff6a6effb6,1a2b0033f0b7a3116f00594ec5524344,4,,O produto chegou na minha cidade mas não na minha residência pois os correios são um órgão cheio de falhas com isso não levou até a minha casa tive o transtorno de ir buscar o objeto na sede mas próxi,2016-10-22 00:00:00,2016-10-22 20:00:34
35fa5e7e3020710116f5ff6df38b2a59,1a47da1d66c70489c8e35fe2b5433ab7,5,,,2016-12-09 00:00:00,2016-12-09 11:25:52
e57372ed0d7016e2e11a57ca91653cf4,1a4bf675df415785d3d9b3f3521988a7,4,,Rápido,2017-02-07 00:00:00,2017-02-13 18:37:59
eb5637aea3623f9186abce3d427148b8,1add1aa4c6e709fd74a4eb691a9fc6bc,3,,produto muito ruim não recomendo,2016-12-09 00:00:00,2016-12-09 11:59:59
faeda271ac0422948a70e0dd3df69553,1aecadf4362edaca7fa033e882076c8d,2,,,2016-11-26 00:00:00,2016-11-28 17:37:44
771ee053fb5f42c27d39f08b49ed5c2f,1b122a7be89622f672bb41380a83b69f,5,,"Chegou antes do esperado, tudo certinho",2016-12-03 00:00:00,2016-12-06 20:17:42
a6123a3915b677fd524c6e334d334d26,1b2d622f7ebb8e65f7de3e389f052540,5,,"demora um pouco pra chegar , mas o produto é excelente",2016-10-28 00:00:00,2016-11-02 17:44:12
5b3e6a4905490b42830a938b0943ee88,1b3d11cf9f92c0f7baf627ab059621f8,5,,,2017-01-18 00:00:00,2017-01-19 18:59:33
01b83a07696ae1b2778b52dc7c6de2fc,1b694ef5b28d3e949a4f0ffeb2c9fcd6,5,,"Comprei e chegou antes do prazo, tudo perfeito.",2017-01-17 00:00:00,2017-01-17 12:41:29
39b2b0ffd71eadda357559ce2b6b1f1f,1bf6db71e147c950fe9925e0be89ec4b,5,,,2017-02-09 00:00:00,2017-02-10 13:55:00
f8d01f9569a48074a6c5dc3e08ff69f7,1bfa3dbef549cf9ba5c5661ef1b63168,5,,,2017-02-14 00:00:00,2017-02-15 11:57:55
9f349799675fe490d2f235df04545309,1c47e7875c7c3bd3399467e179c5c3bf,5,,,2017-02-09 00:00:00,2017-02-10 16:47:02
8abb8dd1b12844a0af1a09b7b270a00b,1c4cafd25254eee31c8c9b8c141fb10a,5,,,2016-10-28 00:00:00,2016-10-31 16:06:12
ef470825ac59774ebaddb12dfecdbd6b,1c4deb98d216d2fda120204a5fcfb57d,4,,"estranhei porque comprei varios produtos e recebi em varios dias, todos picados, acho que devíamos ser informado disso",2016-11-01 00:00:00,2016-11-03 23:51:41
5bec0620e043423a063641e9a2900028,1cb796218c383fc54a6a4541420201d8,1,,Recebi uma nota fiscal com valor totalmente divergente. Me causou um enorme problema na empresa onde trabalho e até agora não foi resolvido. Eu não compro mais nada no stark!,2017-02-01 00:00:00,2017-02-13 11:43:59
29885b30477705f1d9c8b140dc36b963,1d4744e42dc6d786bbc9512601f7e49c,2,,Não foi o que eu esperava.,2017-01-25 00:00:00,2017-01-27 18:50:56
fea8ff7505c24afd8e0ed7d0cd7d18ec,1d5182e38de4f122947727324f2870be,1,,,2017-02-23 00:00:00,2017-02-26 03:21:20
fc1254241df5c4bf3daf18a4dcc64d31,1dd1d53c1ea5df0ef093bf150807315f,4,,O produto foi entregue no prazo. Estou satisfeito com a entrega.,2016-11-01 00:00:00,2016-11-05 19:59:17
73b30f5f8be2eaeaca05bb7a5dd1605a,1df257323bb550a9b9bb150345c42e45,3,,,2017-02-20 00:00:00,2017-02-20 10:48:27
92b34f28a0fc57e93ba89e45123762f7,1e6025fd19451c74352d0bbf6a218bf6,5,,,2017-02-10 00:00:00,2017-02-12 23:37:48
6fa6f2963c6b1c9fc98db47d01a3a99b,1e6377b497624e8fa908ee4a87e3687d,5,,SUPER RECOMENDO!!!,2017-02-14 00:00:00,2017-02-15 09:39:46
1fde0ec1f083fb2a27629ddc8b47473f,1e69dcdcbc094d39d6ba64248af906fb,5,,A compra chegou muito rapido,2017-02-03 00:00:00,2017-02-06 16:39:52
a47dfc75580e6f802c373d5783aa7ae8,1e8c2b738fde51956f03f1a59bc86003,4,,,2016-11-05 00:00:00,2016-11-07 11:05:22
34dd203e003c764c0555194bb65fe72b,1ebeec1bb9ce388ee2e00d401058ca8b,5,,,2016-12-07 00:00:00,2016-12-11 13:22:58
b64125bfb0e07f0100faed0558b66ffc,1ef09d75953043a71a73428e15bc2f5c,3,,,2017-01-26 00:00:00,2017-02-04 11:00:19
334223f7167865a50f43904738749618,1f59665af8c7408a7c633f9541644854,4,,,2017-02-04 00:00:00,2017-02-07 04:16:02
4e76adc4a5ef5f2cd6e0e5cc50113b28,1f5d62970c5b3cfedc1b2a8d15ffe40d,2,,"Recomendaria o produto porém o tempo de entrega demorou demais, mesmo estando dentro do prazo.",2017-02-14 00:00:00,2017-02-15 11:06:28
9566238008197f539da881e32ba160dc,1f66f9bfd244a5383aeb00a84ad12a66,1,,"Não recebi nenhum respáudo da targaryen a cerca do produto, apenas a stark me informou sobre o mesmo. Não sei como será a questão do meu cartão e o estorno do valor.",2016-12-10 00:00:00,2016-12-10 15:04:35
211a898069d011f6808df2b210d9940c,1ff217aa612f6cd7c4255c9bfe931c8b,5,,,2016-10-26 00:00:00,2016-11-21 11:01:44
4ff87f1806551fc96b37dd39fb26703a,200f4d883fcc701355e46b8c6035743f,3,,almofadas lindas porem meu pedido paguei por 6 almofadas e foram entregues 5,2017-01-28 00:00:00,2017-01-30 00:39:37
c490e7f7e34185db41df5bf5ce660ca6,205d7052a6505124d200f6fea6b423bc,5,,,2017-01-19 00:00:00,2017-01-23 10:51:27
4b5cbe545279c1b613a0498b627c8658,20960ecf3d6ac0b19f3818f15c8e3fc5,5,,,2017-01-25 00:00:00,2017-01-27 17:11:13
54a58d3ea80b75946ae59354ba961af7,20de77e28f73070461781b0eb6228f6f,4,,,2017-02-02 00:00:00,2017-02-02 15:48:26
8f3209e579889265c3d7784603455325,2195712688ef03e20c8053de61c82493,5,,,2017-02-02 00:00:00,2017-02-07 17:08:13
b0a1dababee5d092221979ebbe0a51ff,21aa5570514b188b031255172b1e04bd,5,,,2017-01-29 00:00:00,2017-01-31 14:20:04
0cf5c3271576152c2be4fed54e1e16ca,22266e2f8d8084cd2b5d8488164d043a,4,,Comprei 2(dois) produtos iguais e tive que pagar 2(dois) fretes. A Empresa poderia ter colocado em uma única embalagem e cobrar apenas um frete. Produto entregue em perfeitas condições. Ótimo produto.,2017-01-24 00:00:00,2017-01-25 09:29:37
d26120d9971ed6aefccc2440a5d28db5,22474d84064cd7eb4a907ba3fd8a6398,5,,,2017-02-03 00:00:00,2017-02-04 23:14:14
d36219dfadc3a5b07ab66670d23915ad,22613579f7d11cc59c4347526fc3c79e,5,,"Acho que rastreando o produto devia ser melhor e mais preciso, mas no geral foi uma ótima experiência",2016-10-19 00:00:00,2016-10-20 12:40:59
d4923511144d2fb7fc83653505284e24,2276cb38c742033aac3f4a4d67b57ab3,5,,Indico.. chegou td certinho!,2016-11-01 00:00:00,2016-11-01 23:48:56
00d4e73b0853cf1ebb24f2eb816edec7,22aa0b4e8c7855fd8d534a7692579a36,3,,o manual de instruçoes veio em lingua estrangeira.,2017-01-31 00:00:00,2017-02-04 15:31:39
d9451f0ed6da03ff0319a2fb91d341d6,22c2b8497506479028918303045751dd,5,,,2017-01-20 00:00:00,2017-01-20 22:52:57
bc9c9dec984c7e053cbf991171d12835,230c830e0ace11bcabaf63deebbee836,3,,,2017-02-10 00:00:00,2017-02-13 18:44:10
055238970385d3db87009da9c205e86b,2363f4be725c1746c141cfe7e8432910,5,,,2017-02-04 00:00:00,2017-02-07 11:31:08
ae3257388771feee70ec759f6beb7d33,23ad1ae9db6999293449603e1a247803,5,,Excelente loja e produto. Recomendo,2017-02-05 00:00:00,2017-02-06 13:36:48
8a5d1b6e99d3d1e8e59b1ee7f306cb01,24040647efd179bd506acacbbbabd838,5,,,2017-02-14 00:00:00,2017-02-15 11:19:00
cd22f814f273cc67e4bf232aff02ac38,2410734c3fc6d36010cf6b1b36c2974d,5,,,2017-02-18 00:00:00,2017-02-18 10:44:04
506f32953da5ad22161ae4995b5873d1,24523db64c1af3f40f27cb4416fa5ea6,5,,Entrega rápida,2016-10-20 00:00:00,2016-10-21 21:46:11
2a4c4fd81f49232b6e134bd4655ceca4,2457f30493cdc677ad02b57dd6d17285,4,,,2017-02-01 00:00:00,2017-02-01 19:46:11
8ba47b898687477411c0c4c1e62e3513,24e1c731364b64c76d98e985bfdbef77,4,,Recomenfo os entregues no prazo e petfeitas condições,2017-01-24 00:00:00,2017-01-25 00:05:58
70654f5c6bca9186dc52b53f3052c055,250d181fa1c603024562b93a8f8d5fe0,5,,"Produto entregue, testado e aprovado!",2017-02-02 00:00:00,2017-02-14 12:40:21
97812c9e2b4bb86049195df257f9fa44,2511cdf205337513507a1863f0098d39,4,,,2017-01-28 00:00:00,2017-01-29 21:34:16
4d038732e45b5c55a5d0f5c7b7ddd9b2,255d951095fc26f86cc7a08b822b714a,1,,Só quero que a lannister resolva esse problema para mim,2017-03-03 00:00:00,2017-03-06 23:15:59
522f795c7ef4117402ad81ca96942608,25f680bf746bec3df11d48318ff015de,5,,Produto conforme a descrição,2016-11-02 00:00:00,2016-11-07 12:17:00
517623f52b801129ac4b4c560d70635b,262118ce178bb3e4590a3adcf6d62e6b,1,,Não recebi o produto e até o momento não obtivemos retorno em relação a devolução da fatura e pagamento,2016-11-18 00:00:00,2016-12-19 11:24:05
7ea6dae07c44247687052c51a3e58cb9,2631dba338efbcea9c3ace77ce210c01,5,,,2016-12-16 00:00:00,2016-12-19 08:37:43
3c53a50f18f6ef9d1286aff39b37e5bb,26c18b7ca7a6a870496dafd3633b3412,5,,,2017-02-03 00:00:00,2017-02-06 10:28:52
420b3885501d289357566ccb88418fb7,26fb6c984069988017b2d12b79849865,3,,"O tecido é grossinho, bom para usar por baixo , mas é muito pequena. Comprei a GG para minha mãe, mas não serviu. O tamanho é como se fosse M.",2017-02-10 00:00:00,2017-02-12 09:38:10
eda18aae8aeed53aed5624b2d9726f24,270d816a580cef9525ac73d6c4b87255,5,,Eu recomendo,2017-01-27 00:00:00,2017-01-28 09:24:00
81a2e2003437307732495db92cd38332,27c7c6aa7b6f3de99d2a3a64674d296f,5,,,2016-10-19 00:00:00,2016-10-21 01:08:26
6f3ae5a43a1ce5f0c23a640be902525c,281a4e1ef3ab9d256027ddd2db90c762,4,,"A entrega foi rápida, porém a tampa de uma panela veio cortada. Preciso que façam a troca.",2017-02-04 00:00:00,2017-02-06 13:28:49
984ab9fb9c9785407beb46bc068974e2,2825848807f070485f0f0ef3829758f4,5,,"Entrega antes do prazo, adorei meu produto,perfeito..",2016-10-19 00:00:00,2016-10-20 01:46:12
e9e09c311d83918a20bd3676a9fec753,2867faaa7a912bbc2bf8d8e40d7a0354,1,,,2017-03-04 00:00:00,2017-03-04 07:53:23
70e939b50c20baf9414ce1d5c83cfccc,28f5847427849401fb017537fd20da41,3,,Entregue com sucesso!,2017-02-18 00:00:00,2017-02-21 12:34:59
16edaa6649b6f557c049b7c140d56a17,29d99fdabd0cb6b4e9d82f2f38c04a5a,5,,,2017-01-31 00:00:00,2017-02-02 09:38:11
c35bcb5bcbff6e6cabbf99a4489122b2,2a3d1cc4337b1cc9157560f6b1ca5802,5,,"Produto chegou antes do prazo previsto, muito bem embalado, sem nenhum problema!!",2017-02-11 00:00:00,2017-02-12 12:38:54
41cfb3737b4d3a3790f4f56f95dd6cc4,2a3d67c0d2045bf67abb3d8f320ac29f,5,,,2017-01-27 00:00:00,2017-01-30 06:57:57
ee6779df0912966e7abd04a5d851daca,2a3d67c0d2045bf67abb3d8f320ac29f,5,,,2017-01-31 00:00:00,2017-02-01 11:13:57
a4ee1890b0d8204714b26549f75e5482,2b98d5c9b1969095e65f74308ae2e861,5,,muito bom o produto,2017-02-07 00:00:00,2017-02-10 17:20:43
75d3ac6cca332cde332d1fabbc89b789,2bcf5ca88957e31faab027f2325cfd63,5,,,2017-02-08 00:00:00,2017-02-13 16:17:17
7d02f4eb2feb119b854edcbabe18a44f,2c45c33d2f9cb8ff8b1c86cc28c11c30,1,,consta que meu pedido foi entregue mas nao chegou ha possibilidade de informar assinatura de quem recebeu no local???,2016-11-10 00:00:00,2016-11-16 20:44:19
82ec4a1c6f0134f607033e23431ee298,2c4ada2e75c2ad41dd93cebb5df5f023,4,,Envio muito rápido. Recomendo.,2017-02-15 00:00:00,2017-02-16 02:54:35
17bc0bc3207616ee37afd4a39b10054a,2ce9683175cdab7d1c95bcbb3e36f478,1,,"meu produto não chegou ,prazo de entrega de 34 dias e mesmo assim nao foi entregue ,não recomendo",2016-11-27 00:00:00,2016-12-04 00:03:47
5772931f010034c3a18f55e6cde76a28,2d9e3c3c7f0f3ba8a8fa3db2f1211ceb,5,,"A princípio fiquei preocupado com o longo prazo de entrega em dias úteis, porém ele chegou um pouco antes.",2016-11-08 00:00:00,2016-11-11 19:13:58
c557f1f8cc26c5d4acc80a7d850c1305,2e22dc2fce65e5b9d73a11d717f41724,4,,Ótimo produto ,2017-02-10 00:00:00,2017-02-13 11:59:56
d0a0c4a2b24b11ea46a73d27e6b244f9,2e2e88c4bb691287b71a9e1ee8a193a4,5,,excelente atendimento,2017-01-27 00:00:00,2017-01-28 00:17:57
9d4df583085fec1900dfac4efd0b085a,2e32dea8a4d1ae5499a67674b387bc6a,1,,"comprei duas cortinas a malha pessima,lamentavel, uma esta em fase de devoluçao ,mas nao recomendo esse vendedormas gostaria de fazer a devoluçao das duas sem mais.aparecida",2016-10-28 00:00:00,2016-10-31 05:02:55
cef1ee03ded4d6272894a2eead6e1328,2e7a8482f6fb09756ca50c10d7bfc047,1,,1 mes de atraso na entrega !!! ultima compra q faço,2016-10-22 00:00:00,2016-11-15 16:00:34
c741742b55621f96a1f03e6aad7c46b8,2e84d66424ec0ddb081078d1411fb1db,3,,Realmente é uma cortina blackout. Desde a data do pagamento ate o recebimento deu menos de 5 dias uteis.,2017-01-29 00:00:00,2017-01-30 15:39:02
429856d721b6d33c24c79f7c319c177d,2e8e21db96a8ab922e51cd297678c6b2,3,,O único problema foi que um dos potes veio com o vidro riscado. Como se tivessem esfregado algo. Acho que deveria ser melhor embalado para transporte. Mas tirando isso ok. Obrigada.,2016-10-29 00:00:00,2016-10-30 12:13:33
8a9b6051c18979a6a150af4069cd7935,2f371d97b4ea52be4c04ef49bb4f31ff,5,,,2017-01-31 00:00:00,2017-02-03 13:14:03
f834b477f8ef44384df782b2318005ea,2f9d4ee8ca77fe0951ebfe9064cad953,5,,"Chegou tudo nos conformes,dentro do prazo e de excelente qualidade as pulseiras,recomendo.",2016-10-30 00:00:00,2016-11-01 16:48:31
949d0b9b65f403d71abf4d28972aaaac,2f9d791088532b218b41f892cc16073b,5,,,2017-01-18 00:00:00,2017-01-23 14:17:06
9249dbcae1db6ede3dcbe41e17e54967,2fbb05b3ee700e1897b9fa501e416005,5,,Produto entregue dentro do prazo . Gostei muito.,2016-10-26 00:00:00,2016-10-27 12:55:27
033baa4238fcac803931108093d2456a,2fd1c83dd4714cf3cf796fffb6c8de62,1,,Prazo não foi cumprido ... até hoje não chegou :( primeira vez que tenho problema com entrega.,2016-12-01 00:00:00,2016-12-03 09:21:38
bc869991a9188af673480c222cad8987,3005c05dbcb19ff903a28b5d654bb1cf,5,,"Entregue antes do prazo prometido, muito bom! Parabéns",2017-02-03 00:00:00,2017-02-04 12:47:15
0f8829ab8ea4d3dba8e9d70b4c54277c,3027797ce35841bf74917c0b0ea1a38d,5,,,2017-01-24 00:00:00,2017-01-25 11:45:54
61f132a30f1568d0bea3a72ac27dc456,314c025c229f30a1b32658c7555269b8,5,,,2017-02-17 00:00:00,2017-02-21 18:42:54
c5557ef43e7b1ec8e1926654f089848f,315da0cfbc485bb00c12a581077cf7b2,1,,O produto não foi entregue. Aguardo providências urgente.,2017-03-16 00:00:00,2017-03-22 00:20:22
737bae6e2a5055ce424bb592cea0fc7c,319ccdc182a8c5d60b228310a6432460,5,,so achei que a entrega seria rápida como a entrega do stark mas chegou no prazo previsto pela loja não tenho com que reclamar chegou tudo perfeito obrigada,2017-02-02 00:00:00,2017-02-05 18:19:22
0fa10d41c6cf521b26329abcee0e776b,31b0dd6152d2e471443debf037ae171d,5,,,2016-10-20 00:00:00,2017-05-22 16:38:09
cb7533018dc117bee1c0b3006aa82da6,32339685fefe9062d33175a4bc12d555,5,,,2017-01-29 00:00:00,2017-01-30 14:13:22
f266639fce13f7907e557a7be131277f,323dad8c483c7f8b818a825d257f4aa0,5,,,2016-10-19 00:00:00,2017-04-11 22:05:15
de4bf6b43e5a98bc4be48bc501464792,329465dad46fffab333860e92e7ac984,1,,,2017-02-15 00:00:00,2017-02-15 23:47:17
742f3bdfaab32b26db7ff6dec8361223,330a8410950e2c8bd89631999a37b2c9,5,,,2017-02-11 00:00:00,2017-02-12 10:49:46
3588d2588f4a2b45d9ffe04b38b86315,3312588178a16638759fca54495ef50d,5,,"Chegou antes do prazo, mas o site do stark não atualiza a movimentação da mercadoria. Somente quando recebi é que informaram... Não é culpa do vendedor, eu acho.",2017-01-28 00:00:00,2017-01-29 19:27:04
b977b767d10b380552343a815b19a490,3379d980824f0aa5dab057f2530759bb,5,,Excelente,2016-10-25 00:00:00,2016-10-26 00:31:56
2cac0f6c4ca90b9d3d27f03c64ef2a8f,338cd98c972c8d9b015759974ca7446c,5,,,2017-02-03 00:00:00,2017-02-04 07:17:26
f7441b14a73c5538fd411d97806f205d,33ef079ec39c1b46e6e552e038e67c5b,5,,,2017-01-21 00:00:00,2017-01-24 09:30:53
e8bcd953cd4de4f220c48dfdb9e88b0b,340be9cc41d50a5233f4849d93d8d2f1,5,,,2017-02-03 00:00:00,2017-02-05 22:17:03
9dd0a592e0b22ec019eb8cef1dd43eab,3440f090efa1949bc4e9ebd0b89b2b6c,5,,obrigado,2017-02-12 00:00:00,2017-02-25 19:48:27
1d9be76dbc5d9d2fe9aa084b28c66d2a,3498a243e9fe88c9c4ce97bf7fa4617c,4,,NÃO VEIO A NOTA FISCAL,2017-02-02 00:00:00,2017-02-03 13:46:21
329a83c4f6c144ae50e937927fcc21ad,34ac523be174284d7b9df8e47bce2040,5,,,2017-01-21 00:00:00,2017-01-23 22:49:07
e4721a4b5ea9dc349c7220c8320481ed,34bf4feda1e203af64692d97c6950c39,5,,Recomendo o produto e o vendedor. Certamente comprarei novamente no futuro.,2017-01-17 00:00:00,2017-01-17 12:24:12
c5075a206ee6306f4d08cf95670de225,34c718970b33419ed6d537a90366231b,1,,,2016-11-01 00:00:00,2016-11-16 14:54:08
331ff88b189b70d76a977d90b9bc329c,35444785eacb17aeda6810ebd8dd188e,5,,,2017-01-31 00:00:00,2017-02-03 01:15:07
96e5ecbc9aeef6bbde04819106e9d9ef,354a5b90cf468691c4b06debfd2c8115,5,,,2017-02-16 00:00:00,2017-02-16 22:50:24
371ce1acce42e66850c4860d3bf1d4fb,3568894fa3afedc367d3a4816983dceb,5,,,2017-02-10 00:00:00,2017-02-11 16:29:05
f447e3685523d08cd22795cb21da2d44,356b492aba2d1a7da886e54e0b6212b7,5,,,2016-11-01 00:00:00,2016-11-01 20:00:28
41ed8254635784cbc62d612c5ededecc,35b8e54d765e6b217e2dc5ab34f6b323,1,,"O Fornecedor entrou em contato mas não deu nenhuma solução nem prazo de entrega, não se responsabilizou pelo atraso, colocou a culpa em uma empresa terceira, apenas comprei e quero receber.",2016-12-03 00:00:00,2016-12-03 12:08:14
56a697a6c18ae87216ae4db18b32577b,35d3a51724a47ef1d0b89911e39cc4ff,5,,Excelente!Fui atendida antes do prazo estipulado e pude acompanhar pela internet por onde estava o produto e recebi embalado em perfeito estado.,2016-10-27 00:00:00,2016-10-28 12:04:18
52ffad0c3ef77a4f368dbe61152d84d9,35d8c6d5e060ad24271ffda186312ef8,5,,,2016-10-26 00:00:00,2017-01-26 23:20:30
291af346a29b471154e2fe81e207cb55,3630513f30286ed696e4a2e36c79ae3c,4,,"O aço da lâmina é bom, mas os cabos parecem ser frágeis e arranham facilmente.A entrega foi rápida, muito antes do prazo estipulado. As facas são lindas e para o uso doméstico atendem as necessidades.",2017-02-09 00:00:00,2017-02-09 22:28:51
7d58a5b4bc501c1ece8972fa04351be2,36989eb07a0de2d3d3129eea35553875,5,,"Chegou como esperado, nada a reclamar. Produto de qualidade e bem acondicionado.",2016-10-20 00:00:00,2016-10-21 01:50:25
55ed1b45637a112301118d60fc1bc3ba,36aa7a4fce4353a2a7f6d2aa9448900f,5,,,2017-02-04 00:00:00,2017-02-04 22:50:06
ee61f735caf6cd607feab01fba618cc0,376cc9a8f827d17966ea7c4b182f4426,5,,,2016-10-25 00:00:00,2016-10-26 14:45:40
7abc10a0439b693f09219701b177d109,37d24e9a88068283d102aebd4f765133,5,,,2017-01-27 00:00:00,2017-01-28 13:47:11
e33f11accd34b7184958cd9356340846,389815397a4bcdf3dcf64b90c25b3140,5,,,2016-10-23 00:00:00,2016-10-23 22:40:00
e48def6468ee7a31da5dc7249487304c,38bcb524e1c38c2c1b60600a80fc8999,5,,"Loja entregou no prazo sem qualquer problema. Produto me surpreendeu, embalagem impecável.",2017-01-17 00:00:00,2017-01-18 11:51:43
192bead3e18d277bd91a840df47155cd,38c5c2886f2aab75bb1ae3f79a3f300d,5,,Vendedor muito bom. Recomendo. Nota 10.,2016-10-27 00:00:00,2016-10-27 17:42:46
9cae90990e603e0c76153b5abf344958,38e2829123a2bd1cbe111564824d0abb,5,,"Cara, sem palavras esse serviço, me prometeram o produto em um dia e chegou duas semanas antes",2017-02-10 00:00:00,2017-02-11 02:42:14
3be6e9cb569ed3b2123da67400be3641,38eb881851d90ec36b46d10b81792089,4,,,2017-02-08 00:00:00,2017-02-09 10:56:19
7e3be027ce3ee1ad74cb4fc48ec39be0,3937ff0dcfc2d3e0ccf73d9b6521611a,5,,,2017-02-22 00:00:00,2017-02-25 18:54:17
3c3402a9ef16fc69004eb19f4ee16415,399775d0638168dfd529422f995fcc41,5,,,2017-02-09 00:00:00,2017-02-12 11:53:29
f3002484bca14929da6f0210517ddd84,39d0be719247e3b3a38846ba810197ea,5,,"Produto bem embalado, novo, do modelo q pedi.",2016-11-08 00:00:00,2016-11-09 14:31:04
9139140a625ae1ac8a019f7e1ba9f631,3a1756d7060a993e85f1614b43da0c03,5,,,2017-02-03 00:00:00,2017-02-06 21:34:09
754792e326268538aa7056bcf21af363,3a6cac3e6717e6a7ee4cb28aaa149a91,5,,Foi a primeira vez que comprei deste vendedor. Tudo correu conforme o combinado. Bem embalado.,2017-01-29 00:00:00,2017-01-29 18:50:22
88b68c2cd3f38d9fa50a6c10d0fe38fe,3aa0a75931f649d9e3e83aaa9d6a95e7,3,,"Gostaria de saber como proceder para receber o produto, pois ainda o quero.",2017-03-10 00:00:00,2017-03-14 01:22:11
2c6abee7c7fb142d1e911a04b4efbc96,3aa779fc4b813797c16ac4f02fe808ec,5,,,2017-01-27 00:00:00,2017-01-28 01:35:56
86c422a92d72c42a9cf9e727eab88709,3aa9ae345c5bf7396e8b237717c470cf,4,,,2017-02-02 00:00:00,2017-02-03 02:52:35
b9709aa3b99c04d4607ab7d1104d12f9,3ab4eea6776259ae8dfbabaeffece352,4,,valor acessível....,2017-01-25 00:00:00,2017-01-26 23:35:44
521fe9319e6ca9f463703588b48c0718,3ac963599c50b9beedbcebb47eb33af9,4,,,2017-02-18 00:00:00,2017-02-18 10:38:06
41deaffcf6deae0e5bda248b70048469,3b2ca3293a7ce539ea2379d704fa37ce,5,,"O produto chegou no prazo e conforme,produto de ótima qualidade",2016-11-18 00:00:00,2016-11-21 11:01:11
168926dcca37da797517f0690125c916,3b64ff25a4610fb5599e4fd09f907501,5,,,2017-01-31 00:00:00,2017-02-02 22:44:48
9fe0f66724df77fd63fcc0c94a323978,3b697a20d9e427646d92567910af6d57,4,,Facilidade em manusear o aparelho.,2016-10-26 00:00:00,2016-10-30 21:32:15
549363855db689fed881e4bb5ddfd1b1,3bcf5ba4eec8b84af7663e2e261957cc,5,,,2017-02-03 00:00:00,2017-02-06 13:23:58
e8fb285b7d6ec85253d828e9b153e7d5,3bd5b53dee9d54938f56208bcc03d855,4,,,2017-01-26 00:00:00,2017-01-27 11:12:24
d7c914d0d58cbc3f06887ba1e9ef6544,3be9883ba4ef261dc194228abc739d0c,5,,otimo produto entregue muito antes do prazo,2017-02-04 00:00:00,2017-02-06 02:50:49
154073a27ed4fc007c9b8c4439ae83f5,3c116d50bb76160ee1d7a2e8f5791427,1,,,2017-02-24 00:00:00,2017-02-26 16:39:00
6a6d47eaea5802fde29dad23aca026b0,3c3ca08854ca922fe8e9cedfd6841c8a,1,,a empresa deixou disponível a venda como se tivesse em estoque depois de 25 dias me falaram que não tinha a camisa.,2016-12-02 00:00:00,2017-08-09 20:38:05
296eacd962870f344d72da9a0c85573f,3c4f38e27c5f6f27be39c8a2932c43e1,4,,Bom,2017-02-01 00:00:00,2017-02-04 00:20:11
ee40cf3e49676ed8cff459940798dfd8,3c54678edd9d58abadd6af16d0bce506,4,,,2017-02-05 00:00:00,2017-02-07 18:28:30
758890600eb0ae17609443c1df04df60,3c6f2c25e0bc1279d17395ec365ea14c,5,,MUITO SATISFEITO COM QUALIDADE DE INFORMAÇÕES PASSO A PASSO ATÉ O RECEBIMENTO DO PRODUTO.,2017-02-03 00:00:00,2017-02-06 09:52:09
ca3199bb0d98c494fd25dbf79e50e661,3ce4038922670fead496aeae61a8a393,5,,Uahlll! Recebi minha compra 30 dias antes do prazo definido! Adorei comprar da targaryen!,2017-01-17 00:00:00,2017-01-17 12:50:12
72d9ace542c8f5d68d5985db26e2c249,3d58fd1ee438a43f2a826dda6b013519,5,,Recomendo sempre para todos. Foi tudo ótimo.,2016-10-26 00:00:00,2016-10-27 19:15:09
f031de0a788f05df369652516de2a228,3d668965eb89ea475911ce3364f73b07,5,,Recomendo. A mercadoria chegou muito antes do previsto.,2017-02-15 00:00:00,2017-02-23 07:52:25
0d53eac38f4797fcdadf26d7810dacb3,3d7d60b10ba4b43cf6f6d5df2e933f67,2,,"muito caro, e mesmo comprando mais itens, vai ficando mais caro...",2016-11-01 00:00:00,2016-11-03 19:59:43
325ae2c7d796de8bfa68e2c14aa4c15c,3d7e8f32f5b59e005ccfc1076b4040b5,5,,"Ótima compra, o produto chegou no prazo e em bom estado.",2016-10-25 00:00:00,2016-10-26 01:30:00
b39093a4bf4d82622b75d966864f1d04,3e9334d33c1e64167920675211fb1aee,3,,"Boa, porém Spotify não funciona, mostra opção de facebook e não entra. É um pouco lenta também!!",2016-10-28 00:00:00,2016-10-30 20:57:26
99e48610ad0654fe87264bc66dc10d02,3eceaafe1639eb6b25f3cd604891c218,5,,,2017-02-07 00:00:00,2017-02-09 13:03:41
2ba0e39ea1f450e280e1dd700eb248e3,3f72d2b757e725cd48a4726f831c7789,3,,,2016-10-26 00:00:00,2016-10-27 23:05:25
1fa2f12657d0ab15d3b5b63108a6206b,3f913d30288c117e41ffe5cc74743dc9,3,,,2016-11-23 00:00:00,2016-12-01 17:16:13
1265e727264e2bdc5dea6c6df4567ce9,3ff04db80f0b2c359e8e47fdb913d826,4,,"Adorei o produto, tudo perfeito e o melhor chegou com muita antecedência da data da entrega. Sou cliente a anos das lannister. Eu recomendo a loja lannister e o parceiro targaryen.",2017-02-08 00:00:00,2017-02-08 23:23:35
37e4b611cbbc1fdaabd4a494828a2d7a,4047217c6029782c1996e3cec14ef005,5,,,2017-02-07 00:00:00,2017-02-16 00:12:50
3e769b42496ad5804f129ea866de410f,40599d3d28b75746952ded75566637b9,5,,,2017-01-17 00:00:00,2017-01-18 11:16:40
98d46adf4af42b9f840923efacd5adae,4079df924e51e553825e62f9f8995d59,5,,,2017-01-31 00:00:00,2017-01-31 22:35:01
6207c8c1b3c782f6b5e1218c4df6b87a,4152a677b7acfa7fdab8dc8e1dd436eb,1,,,2017-02-03 00:00:00,2017-02-04 01:16:45
39bfef38ccb8adc74a316d367a1aba11,4269e9f98b1e74f0732bc93de6aaca6f,5,,entrega rápida parabéns!,2017-01-31 00:00:00,2017-02-07 19:09:53
ca7077026f9092b0d08e03bd95d33f94,42c5091238dc63339c79f5f35f8a5a6b,1,,Envia p Ag.Correio não avisa e vence dt d retirada e pago frete? Ñ é área d risco Marica.Perdeu o cliente (1 pedido) .Após 30 dias avisam q não receberei a compra (2 pedido),2016-12-04 00:00:00,2016-12-13 08:15:10
623f89dabbe21686854fa13f139fb88e,43a5d40681ed4ffe2ed88d6fb2639545,4,,Produto conforme solicitado,2017-02-04 00:00:00,2017-02-06 22:29:12
6ac9995954fe04381af93a85fb0d2db9,43d29c6fc78c31c80080d85e5260a9fb,5,,Dentro do prazo e produto super delicado. :),2017-01-17 00:00:00,2017-01-17 15:48:49
c60a1435d9076b0d60eeba3bf8452988,43f8e020752c67130ddf027e0297291a,4,,,2017-02-24 00:00:00,2017-02-26 11:58:53
84598a6f292a29ef6f3f237b71eae204,4418075144d646b6ecb7228571cec59e,5,,,2017-02-17 00:00:00,2017-02-20 12:37:41
aab1fb025099af36b2d7555747ff10bf,4421f094ff828b78aba6d18db005821d,5,,"Produto chegou antes do prazo, de boa qualidade, e essa é uma loja que eu recomendaria aos amigos. E tenho certeza que muitas outras compras virão, não só pelo bom atendimento, como pela facilidade.OK",2016-11-02 00:00:00,2016-11-08 11:35:53
ec7002e46681849e046eaad9d8a402ff,444ba35537c4a2b24c3bf2e576ee98ac,5,,,2017-02-08 00:00:00,2017-02-14 21:10:19
9dca57ccea013fcbc674b6c309d7d681,44ed09232a24ad29cf2457b2780e806b,4,,"Justo pelo valor. Na entrega acabaram batendo um dos cantos do baú, que acabou meio feinho, mas não dá pra ver devido a posição dele. Infelizmente, tive que subir por 3 andares com ele, super pesado!!",2017-02-09 00:00:00,2017-02-10 00:05:27
ca00693cc34e3e80ca90494237cc29a6,452b706af12e25e6c8c740b4dc493ab0,3,,produto chegou em perfeito estado e com antecedencia,2017-01-18 00:00:00,2017-01-20 23:55:07
8757f5e0a1f891b890039b0d95c321c8,4551b488487e6cfa31f9e35073d3c5d4,1,,"Fiquei muito chateada pois deixei de comprar de outro vendedor e depois de muitos dias recebi um email informando que o produto não poderia ser entregue, comprar e não receber é muito chato.",2016-12-09 00:00:00,2016-12-09 11:16:13
d7486b4da781b9d7dc5484ce65868081,45973912e490866800c0aea8f63099c8,1,,Atrasos acontecem nenhuma empresa está livre de passar por algum problema de logística. Mas o fato de não comunicarem seu cliente final é vergonhoso. Até o Mercado Livre tem controle sobre atrasos!,2016-12-03 00:00:00,2016-12-05 10:33:35
9b5e1f71deb23a691a6fed9be65eb7b8,45bff70fb7b99a5a33bc8ccb3786e170,5,,,2016-10-25 00:00:00,2016-10-28 19:23:10
61fcfc9aad23649e8a5b653d539a2d19,45ec58d30f2023e4dac16d956a657ddd,1,,deveria informar o tamanho e também apaga quando coloca ela no bafo portanto não recomendo o vendedor,2016-10-27 00:00:00,2016-11-03 12:02:36
22b25d1dc589a91876a6052e73043462,46046adea0e222a29259bad3d922fee8,5,,ok,2016-10-27 00:00:00,2016-10-28 18:01:55
fa310d7119049166cf8c75c1bbafefc8,46081612169925ef8882b3bbf1c5011d,4,,,2017-01-28 00:00:00,2017-01-31 14:58:30
69b212349e4e4681e4cd639cce93cd91,464de32dc84484c1d26df3e8e38e708b,5,,,2017-01-18 00:00:00,2017-01-18 11:56:08
24a60a24e0fd528dc4386386310a90cb,46936461f0c4e3c80b9289ce5fc1682a,1,,Acho que se pago frente tenho que recebero produto na minha residência,2017-02-16 00:00:00,2017-02-18 16:42:13
7b4742c2fba1288e923be7ebabfd7866,469f0b908881368c45917f1bed8240ce,5,,,2017-02-10 00:00:00,2017-02-10 14:19:26
7ccbed4982c21babfcf8d31aea8a86b2,46e61fd85afa09032021c9b0b507b693,5,,,2017-02-07 00:00:00,2017-02-10 10:23:35
f3a0b5dca7b61a78a814f93fd2f16641,46f05e5ae3a2b822e2f4148d99f69ca4,5,,,2017-01-28 00:00:00,2017-01-29 21:10:01
c429ba5b6d46f7f5e4b9b080ddb72939,4723d255a158f5b6c5a872264e3529c5,5,,,2016-10-22 00:00:00,2016-10-25 10:31:48
c127ce2c669514e8cd05197d58ebfc1c,47378b461210a310c95e17323f7dd726,5,,Otimo,2017-02-08 00:00:00,2017-02-10 12:01:28
b7a660c8ef382b34812132e2b5ce97e1,4799c38fa3f9263d65b42c5f923538c6,5,,"stark está de parabéns,como sempre produto entregue antes do prazo.",2017-02-03 00:00:00,2017-02-05 11:29:06
8039cea2f7b092b68c15bc6c148b83da,481f2db41ea6571226192db2b584fa6e,5,,"produto excelente cumpre o que promete cheirinho delicioso,amei,amei,amei! ",2017-02-14 00:00:00,2017-02-22 21:49:50
5e44012e226e22f48ebba45444c0277d,48ae7afdc684e9aff52a26bb84bce016,3,,Até o momento estou satifeito com esse site .,2017-02-01 00:00:00,2017-02-02 01:11:44
dd065231d3137dfcbfb56eb8ac9deef5,48c43415ea1c4af9afa92542183b6e55,3,,"gostei do produto, funciona bem. nao gostei de pagar o frete e ter que retirar na agencia do correio.",2016-11-02 00:00:00,2016-11-03 09:21:24
55babc7be4dff4613d50f9a707cc8db0,49268496ecf8148bd16540c2a23c6c70,5,,Adorei o produto. Parabéns baratheon.,2017-02-02 00:00:00,2017-02-03 11:50:23
af309bb1fc7c44e25cce0399a7da25f1,494c2e94dcd29167f5fe359a45aa879d,5,,,2017-02-02 00:00:00,2017-02-03 05:15:19
71e48d95a76ba9bd36f00f1c519f328c,49c89a2aba7f8f079681f6967d846465,3,,,2017-02-07 00:00:00,2017-02-13 10:58:28
f44590c6bbab61882aa6e4221a42d377,4a571f5e71e16ce232386c80d485db65,4,,,2017-02-02 00:00:00,2017-02-03 11:27:08
4582e639e5abd14047073ea79ce62688,4a65f44b9d88b8af9f97037e89366abe,5,,"eu gostei do produto, atendeu ao que o vendedor dizia",2017-02-08 00:00:00,2017-02-09 11:54:39
0f03554f547219bdd76e1886c6f93014,4ac9d969022c4a7ba509b39bb0f3d36c,3,,"no entanto, o produto não parece ser de boa qualidade.",2017-02-02 00:00:00,2017-02-03 00:58:08
ab0b54dd2bb2685c2001a3252ebeeef3,4b038a7f8dfc36755eca741381e379e3,3,,"o produto demorou MUITO PARA CHEGAro q NÃO É COMUM TRATANDO-SE DE lannister.COM já conheciaa escovae não entendo pq tem preços disparatados como os que paguei. R$ 128, R$50,00, R$55, etc+ frete.",2016-11-25 00:00:00,2016-11-26 21:22:37
094cf20123c693fc21585c34886ef2c5,4b7c1bc59d4ec725d8530c19ec09b06f,4,,,2017-02-08 00:00:00,2017-02-09 09:14:27
3d6f9450bf846dc09336d14c95fd86ad,4baa3882a6f5d47e5ac98cd10c942c4f,5,,Entregue antes do prazo,2017-01-29 00:00:00,2017-01-30 18:20:04
24a560851883a1a9734e1bdce87e7e57,4ccd8da82485c892ae90284af589153a,2,,Pela indicação achei que peça seria maior.,2017-02-07 00:00:00,2017-02-14 11:54:01
9a85a070a66237ad2521efbe81ec4b59,4ceb9336411700f9568db2ef11bda594,5,,"O pedido chegou antes do previsto, tudo entregue corretamente.",2017-01-27 00:00:00,2017-01-30 13:18:10
eef96f2aeca73e472d8fdc7e56e2d6fd,4d1f73fde643f7a1d08d400816850265,1,,,2017-02-08 00:00:00,2017-02-09 10:21:44
5d0915e582f5c74ae4e0c54ac8df47b4,4d2c3fb1909604d5f9474e4675971ef2,2,,"Comprei 4 kits de saquinhos para sapatos (cada kit contendo 10 unidadess) e no dia 15/02/17 só chegou apenas 1 KIT! Liguei para o correio, eles disseram que não era com eles.E vcs nao resolveram tb",2017-02-16 00:00:00,2017-02-19 12:27:49
06f88914dfe13c2ac14ad3479a880fca,4d66b3a9d12facad48a3b23cc9fe7898,5,,O produto chegou em perfeito estado e antes do prazo. Não tive nenhuma dor de cabeça!,2016-10-18 00:00:00,2016-10-19 01:13:48
1ec3715f5f611369641b260c9650bc93,4d7a365119241cbd17c7afb5b39bb9a0,5,,,2017-02-03 00:00:00,2017-02-04 09:07:11
3bde4fb312205f9ac46446c59a1e4858,4d9aeb0219e736ad9dd72af9f25b3f88,5,, Entrega rápida.,2017-01-20 00:00:00,2017-01-21 04:42:51
deab3ad3f78fd4ef275d9788978b92c9,4dd47e84e6b8ff4a63d0b8425e6d788e,1,,Em 2 meses de espera não recebi o produto. Dividi em duas vezes paguei as duas vezes e não recebi o produto. UMA VERGONHA! Estou indo no procon pois o baratheon não atende telefone. VERGONHA.,2016-11-27 00:00:00,2016-11-28 12:01:22
d4f2c5e3ac0c8bcab6b4ca869942c538,4deb2316dadf42f0daa6b8965d384ba8,5,,,2017-02-07 00:00:00,2017-02-10 02:46:35
fd4d02347063ac2cf3090162b6a98633,4e36d0170c671378f49f701a810360ae,5,,,2017-01-19 00:00:00,2017-01-21 11:38:28
47810286e081f2855bfb0cc41447e4ad,4eca6c2d172953276c75dd0e1bedce25,5,,"Foi entregue antes do previsto, gerando ainda mais a minha satisfação. Não tive problema ou dano algum com a entrega. Recomendo!",2016-10-20 00:00:00,2016-10-21 12:02:00
57ee3911f87ba20a2fb8d6993336bcd1,4ed01120b6d2cbb2a2fe37897f9611f4,3,,Respondi que não recebi o produto correto por que eu comprei um produto BiVolt ( 110 e 220v ) e me entregaram um produto 110v. Como fica isso ?,2017-02-12 00:00:00,2017-02-15 01:21:56
be38ead76ec3449b66af9b572add59e0,4fb7f38042d214ada4d81cc23d228cc8,5,,"Recomendo, porém, o prazo máximo de entrega é muito extenso, sendo um único ponto que deixa a desejar.",2016-11-17 00:00:00,2016-11-21 18:40:34
9dc50077272395ec4c7dcf0ff89be4fa,4fe2e8b329e56a00aba9b0136b46f00f,5,,Super Recomendo..Um encanto :-),2017-01-21 00:00:00,2017-01-23 09:57:30
4efea8a9c1bc5e0598c5e9517773dd1c,50013835d7b14aefb452825864d3e414,5,,Chegou tudo direitinho e antes do prazo.,2016-10-26 00:00:00,2016-10-27 02:11:55
4c7b898f4ce61e4cbdec092de5b162c5,500e2838d85214e92e2c15b2fd5303b7,5,,"Gostei do produto, a entrega foi rápida",2017-02-09 00:00:00,2017-02-11 19:12:24
499bbf4c80a2bfb703f60df742c3cb92,509a52223ecac6d67fb765b3b37c6974,5,,"Recebi o produto no prazo, em perfeitas condições.",2016-10-27 00:00:00,2016-10-28 17:46:59
75f6ff69ce8b427b7b3d6a5e643eb2f3,50f357099566f1be7abfaf8d9dc5b004,5,,,2016-10-22 00:00:00,2016-10-25 00:44:30
b13013b811c2325934e8e049683bdcf2,51725d3e4bdfc97e28b40543310da8a3,1,,Paguei mais caro e esperei mais tempo pra receber escovas Dourada e Branca... No fim das contas recebi 2 escovas ROSA.,2016-10-27 00:00:00,2016-10-31 09:55:13
ba21b2a549144cd4f572c3da69785e25,517e0a52c193102990befc46a5c5245a,3,,"Chegou até antes do dia , gostei do produto e recomendo,espero que dure na mão da minha filha kkk",2016-10-19 00:00:00,2016-10-22 09:57:02
42906e540cbc95c7a5bb4ae3563631da,51b79a492b5e53504ce70340ce111374,5,,Adorei o meu produto,2017-01-21 00:00:00,2017-01-26 01:22:14
53e616f83058b7f7ee042c1f3c2ec051,51ceba3ba51d4b4543e7f78e181e0ba9,1,,a loja entregou outro produto sem previa concordância,2017-01-31 00:00:00,2017-01-31 12:17:41
faf9ce3802b882a10bcd548f421ea9ff,5204d67853f827d1ee32810bf8f2d6c2,5,,"O produto chegou beeeeemmmm antes do prazo combinado. Muito bom, estou super satisfeita!!!",2016-10-18 00:00:00,2016-10-19 19:15:49
580066f61102553a84525b7a5ebbb4a3,5226f1a731e8a1215da5e1bea64e2130,1,,"Me deram o prazo de 26 dias, para entrega, e restando 4, me informam que não seria possível, a entrega de meu produto.. Simplesmente ridículo..",2016-11-23 00:00:00,2016-11-26 02:30:52
0fe5883eca170b1ce365124337aa2ded,529c56bdb881d790cc51c6eea4f7b004,5,,,2017-02-12 00:00:00,2017-02-12 22:17:28
9d4ec31b6834f93bc94610dbd0e12424,53cd36155a7bf507095985b2f26368a5,5,,,2017-01-19 00:00:00,2017-01-21 22:31:58
8ca59ec52d44279f47d41121bfe3de98,5497655681652e7e1306139bb5d04a14,1,,,2017-01-31 00:00:00,2017-02-03 15:31:05
50c851bd79dc0b19f3d9c523ca747df8,54bb06e1ca86bd99ee2a8d6288bf4ede,1,,"Produto não entregue, demoraram mais de um mês para me comunicar que não havia mais em estoque e que fariam o estorno no cartão de crédito. Frete muito caro.",2016-12-14 00:00:00,2016-12-16 09:34:47
9e628acdf082a5eeea001b1ded5d94a1,54d744a4410b1edccc36c6d1f1c7e097,1,,Eu preciso que vocês resolvam meu plobrema eu estou pagando uma máquina que não recebi já paguei duas parcelas.por favor mim de uma solução.,2017-02-01 00:00:00,2017-03-15 02:47:37
c686a09b052744f9c20ea9250cee994e,55090b3dd39aed5a2019b57cce6b174d,2,,"NAO RECOMENDARIA A COMPRA NESSA LOJA DESSE PRODUTO, PORQUE COMPREI PARA DAR DE PRESENTE PRA MINHA MAEDE ANIVERSARIO MAIS CHEGOU UM MES DEPOIS.",2017-03-14 00:00:00,2017-03-17 16:07:51
7e0c87e8ff306146ef6dc005938cd146,552e0a8dae101e32155120202f427b71,1,,"Parceria péssima prazo para entrega com + de 2 meses, acabei cancelando o produto, felizmente me devolveram o produto.",2016-12-14 00:00:00,2016-12-14 15:30:14
e65e7ca9a4a1853e3905866e02e7e702,555761ab2426364f42e9e018047df4e0,5,,,2016-11-01 00:00:00,2016-11-02 14:05:00
e02204812527a62b06d3cb7b845f9863,5582d9b46edf97ccc2f3b993c39ace3e,4,,,2017-02-01 00:00:00,2017-02-02 21:30:36
0467560f511c516ddaa54a60edb0c291,55b2e390d5d80ada31ad1b795ebeb087,5,,,2017-02-09 00:00:00,2017-02-14 15:58:44
72a1098d5b410ae50fbc0509d26daeb9,566f53fc7d36fa366f7e221468121877,5,,,2017-02-07 00:00:00,2017-02-10 10:46:09
c444278834184f72b1484dfe47de7f97,566f53fc7d36fa366f7e221468121877,5,,,2017-02-08 00:00:00,2017-02-14 13:58:48
431f6cde4960f0cd07ca171a34417012,56a726fa0f40d3678696e62aaed9690d,5,,,2017-02-02 00:00:00,2017-02-02 23:04:13
f7c4ece51a1f0f3ebf9a67db7df64036,56eb381fff8db8d35134693062514084,1,,Nenhum dos produtos que comprei desta loja vieram! E um ainda não recebi o dinheiro de volta!,2017-01-04 00:00:00,2017-01-04 09:09:23
78c10ee8df4e47dc877c682fa71855f2,56ef80c564f6fd57cc662adee0379746,4,,,2017-01-24 00:00:00,2017-01-24 18:37:16
ce0fdb50c06ad4826d17d19844361b8f,57c0b0276ce0eaf721a4424bf077ce8b,3,,"EU FIZ A COMPRA DE 3 CORTINA, RECEBI APENAS DUAS, O QUE ACONTECEU COM A TERCEIRA CORTINA?",2016-11-10 00:00:00,2016-11-16 20:16:14
d084917cade2aa09b9ad936b0a2a8d58,587a39d6ab7297ee16b3d5ebdaa0f776,1,,,2017-02-23 00:00:00,2017-02-23 15:00:06
5ec4c247f0bb095f5ad829c5a3c9e5ad,588454faf6ae4ce8b0f387e19b7115a2,5,,"A entrega super rápida, amei o produto...",2017-01-21 00:00:00,2017-01-22 02:26:19
a642e0f91034dd80a7d41d079da556dc,5897449bce69856d88610b3c0f4f63b5,4,,,2017-02-10 00:00:00,2017-02-10 23:05:17
9e4cb7bd7e563f0a95b5d78262eaa810,58c851c107a9a3e21e03a9e2a1951d12,5,,Chegou rapidinho,2017-02-02 00:00:00,2017-02-03 07:07:53
30338e286de08428aebd0afbc9e7cbb7,5933483834803a0e8e9fcd26cdb3774d,3,,Exatamente o q esperava,2017-02-11 00:00:00,2017-02-12 17:14:14
4a23dcf78dfdcd937180e8ec0c301799,594bad57a253656f86d8282c5365be89,1,,AINDA NÃO RECEBÍ O PRODUTO !!!,2017-02-12 00:00:00,2017-02-12 15:16:39
d0426ebd83e70c1222b50b18d4aed651,5965b589a33443dd1f820eb7df39762a,5,,"Chegou antes do esperado, produto é lindo e perfeito.",2017-01-17 00:00:00,2017-01-17 12:47:37
1b61dddec23df36fe515caf13c9f9f22,59db0cf65fd439e6e76ec105e3aa421c,4,,Ol,2017-02-21 00:00:00,2017-02-23 23:50:05
24c08f393f2d716d30adbd58e9a6939c,59e7ca596664da0a459a145eb95cc9c5,1,,"Não recebi o meu produto e nem fui avisada da falta do item na loja.Quando entrei em contato,quase 1 mês depois,é que fiquei sabendo que o produto não seria entregue pois não havia mais em estoque.",2016-10-27 00:00:00,2016-10-28 21:09:40
022b209ce091ff053289d95aa42735ce,59f26737bbeea8142a7e982cfce13e7a,5,,"Excelente eficácia na venda. O produto chegou em segurança, bem protegido e muito antes do prazo de entrega.",2016-12-16 00:00:00,2016-12-16 11:07:22
141e625514063d7a6df6b1254f735c0c,59fa27082bb77c5dbd8a6568f3b34380,4,,"gostei do preço, e um produto com selo do Inmetro pra criança 1 á 4 anos.",2016-11-02 00:00:00,2016-11-03 16:26:46
12899f8e2596718ab76c8abf46d9ae5b,5a1b8ce8aee70bd3445109304936c826,5,,O produto e bom..,2017-01-27 00:00:00,2017-01-29 19:59:16
9b152f254170283b627d339015b7d773,5a37429384be05ca14780e4989543688,1,,"Comprei um produto como original da Samsung e ao receber, imediatamente pela caixa percebi que se tratava de um produto não original. A qualidade é ruim, alcance fraco, som baixo, ""falas"" em Chinês.",2017-02-07 00:00:00,2017-02-10 16:35:10
d6c368b77a772223a89fce373e0c103c,5a4cc097e0e591ab3f150524b83d81af,5,,Respeito com cliente. Entrga no prazo!,2017-02-02 00:00:00,2017-02-02 14:35:12
061418b58ab495c8cc9e7f4fa1b46110,5a7ae4ca802c14fdff19558a4fee8727,5,,Tive dificuldades de manusear o produto mas fui bem orientada pela assistência técnica da HP.,2016-12-10 00:00:00,2016-12-10 10:07:58
123ac38199a760bd830bac89986b5d0c,5b1376fe61863fe3508011db309e35fe,5,,,2016-10-18 00:00:00,2016-10-19 11:53:10
b6d4624478977868a24df510031a0a19,5bda3e4d7080c484cd646a53165a7892,5,,adorei o produto! otima qualidade !,2016-11-18 00:00:00,2016-11-20 11:23:13
6bd88a3b9d13bd5ff07a9f530111f43c,5c5177333fb1fce1f4bb65868988f204,5,,Entregou o produto no prazo recomendo ,2017-02-04 00:00:00,2017-02-05 08:33:35
eb37b493f1df329bd53aca24032f9b77,5c5c9fde60ffb741545cf2608e8c12ca,4,,"Sei que esse não e o canal ideal, estou ha dias tentando realizar esse cancelamento e não estou conseguindo. Recebi o produto, porém minha filha ganhou o mesmo produto do pai. Preciso cancelar.",2016-10-19 00:00:00,2016-10-19 15:35:52
2685a4800004a12ec09d27264ff1915f,5c973d2b4652e1dec15353b59339f3b4,5,,Recomendo a todos os clientes,2016-10-22 00:00:00,2016-10-26 17:47:19
e75346401b7cced62b4aa709ba3d0edb,5cb8558cbb7c0c2f00f43468579d3e3c,1,,"Não entregaram o produto e se recusaram a fornecer explicações sobre o motivo. Pedi maiores esclarecimentos, não obtive resposta. Pretendo resolver na justiça. Fui lesada!",2016-12-07 00:00:00,2016-12-07 11:50:03
911489d0bc7092faa2e845b5300acde7,5cc475c7c03290048eb2e742cd64cb5e,1,,"Comprei um toner samsung, paguei em 04/10/2016 e até hoje não recebi.",2016-11-27 00:00:00,2016-11-29 21:57:20
d565a7363d2e9836a02775db90e54f3d,5cd498954e2b37d71b315166809b4bd7,1,,"Estou aguardando o restante da entrega, comprei e paguei 3 perfumes blackcaviar feminino e recebi 1 perfume, preciso de um retorno da empresa para recuperar o prejuízo .",2016-10-27 00:00:00,2016-10-27 10:41:59
e587cf1954fc358343a8c510c8694269,5d36e8ca3ccd1262b7641467fdba0b8e,5,,Muito obrigada...vcs foram pontuais e uma loja com grande responsabilidade...,2017-02-10 00:00:00,2017-02-11 13:30:56
c1a99837599f1377f2f167e88c8ccad3,5d5b8c94e2bc6b963da5af8a4b02bf08,5,,"muito bom, veio certinho",2017-02-09 00:00:00,2017-02-09 20:49:02
97e60b155b921d80a70650674b8ad2e5,5d6e9993ecc20a59e637ce711858d081,1,,"A COMPRA FOI REALIZADA EM JANEIRO DE 2017,COM PAGAMENTO POR BOLETO EM 24-01-2017, O PRODUTO DEVERIA SER ENTREGUE ATÉ 28-02-2017, E ATÉ APENAS EMITIDO A NOTA FISCAL SEM DADOS DE TRANSPORTE E ENTREGA.",2017-03-02 00:00:00,2017-03-02 14:24:20
5267cb37fed0f8b606ba9cd0ff6d0a60,5d97051b2fbe2d850d8c195e054735b4,5,,Meu pai gostou do resultado está dormindo melhor.,2017-02-07 00:00:00,2017-02-11 00:31:53
98df8bc1d11b1c7e6342361bfa9e815a,5dc269b7c4dce1624653e914a1b739f5,3,,Tive que retirar o produto no correio e mesmo assim paguei o frete.,2017-01-28 00:00:00,2017-01-28 23:04:07
c446690d9f1c29bddfc3557669c19615,5dccad03ac8016afdcdb7cc0227ec9d7,5,,,2017-01-31 00:00:00,2017-01-31 22:20:58
9c8009f137e9b0e34dc23f6aa6e73d2a,5de59551c282b892ae9ff238fd557145,1,,Até o momento não recebi meu produto,2017-02-26 00:00:00,2017-02-26 21:04:54
3081ca9987017fedd2f57e554aed8fd4,5f4c8250b9e6ee47971e0b19da4aa0f2,3,,Entregaram antes do prazo. Estou satisfeita com a loja.,2016-11-19 00:00:00,2016-11-20 08:20:51
08b5796a634d55da0d1a76ed9a400ec2,5f834cc4ee109c58dff88c60b8ba5ecf,5,,Entrega em tempo hábil. Recomendo.,2016-10-27 00:00:00,2016-10-27 19:30:05
ad0b21f9e9968657a6cfa590ec78eb23,5fe46d14177744ae2180101ce19bb414,5,,Produto de excelente qualidade. Entrega rápida.,2016-11-02 00:00:00,2016-11-02 21:12:20
ca39044553da64167a2990b0ae1b16dc,5ffbbd67f14392efe8fd533d38cd1338,5,,,2017-02-07 00:00:00,2017-02-09 22:18:28
fd6a7fcd3fb862a384c472e2470a46a3,60762802b48bb6d256d55b013d115013,5,,"excelente vendedor , recomendo",2016-11-01 00:00:00,2016-11-04 11:19:28
0b637962a16eb130be75783b53f7fa6d,60856ac7677a70cd87ad25d9b34d051b,1,,produto não chegou não tive nenhuma resposta do vendedor ate hj a nota foi faturada no dia 4/11/2016 com previsao de chegada para dia 28/11/2016 ate agora nem produto e nem posiçao do venddedor,2016-11-30 00:00:00,2016-12-05 17:20:27
d1e61ae9738170413b814d636d5e380c,60e2fe3a23e71c24f3ab0f648ebd6a8f,5,,,2017-02-12 00:00:00,2017-02-14 12:51:25
71fbc1feab3216ba3f837a9dbc36d3db,616b813dbea8acc9de0ca0380cd89b83,1,,produto de pessima qualidade e a loja nao retora pra eu devolver ja pedi no dia 1 depois q chegou ate agora nada,2017-01-31 00:00:00,2017-02-04 00:07:36
3077d6f3d13e9d3324a1f1ab3ce3e0f3,616f1f539d7add607844e0199fed7ea6,4,,,2017-02-01 00:00:00,2017-02-02 16:37:46
94f34833d5c8f291cf0dfecd1ebff791,620b0acb9258b51defbc51804c5298d5,1,,"NÃO ENVIARAM O PRODUTO E NINGUÉM ME DEU JUSTIFICATIVA, NEM PREVISÃO E NO SITE DO stark ESTAVA CONSTANDO COMO ENVIADO. HOUVE FALHA DO stark NISSO",2016-12-09 00:00:00,2016-12-09 14:18:38
80952cab0b6a36c4bdd70872dc0896ab,6219ece1f053a3ffa649340e87cd93d2,5,,,2017-02-03 00:00:00,2017-02-06 09:26:06
46e746815b9560ce0b1df90666dca37e,62246c16a32a0866943f17d7b42db940,1,,"O frete é caro e ainda se quiser tem q buscar no correio.Muito ruim.Ainda quer elogios,odiei.",2016-11-01 00:00:00,2016-11-03 23:19:32
2bab987c99f468ddb9d692ac3f27525f,62260701eb6b51252ed47c4967b1a48d,3,,,2017-01-21 00:00:00,2017-01-22 21:08:48
0b4e781eb80776c8327618e765681c3f,6248b0a9b547366913fb67922a7a2b77,4,,,2017-02-07 00:00:00,2017-02-07 20:38:34
8c35437da7b5936942db2c9a4675e71f,625b3ac41fea45dbd5aaa02d0941ee59,4,,,2017-02-14 00:00:00,2017-02-17 08:49:15
a284e94a3799422c7a686c9c2928dc28,632ba34265b5449d1f742d24cacf1208,5,,,2017-02-03 00:00:00,2017-02-06 09:43:07
ed704537b44a3586eede2c0edfc707a3,6335afd8e6b7eb0ebc8bb71ea0008f6f,4,,otimo,2016-12-02 00:00:00,2016-12-05 03:17:45
92a8ee9e8694c9d013b18a6b3a7f21dc,63638a6806d67773f3adba8534553fff,5,,Compro e recomendo.,2016-11-26 00:00:00,2016-11-29 13:58:01
2de33bca03461d659a42d892fa7fc36a,63f4ff5d2266b242ba0ce7c3ad390029,4,,,2017-01-29 00:00:00,2017-01-30 00:54:52
0ab319a49d9e72c13772ae6c70918872,640aef9709beda161ca0b5af58ac437c,3,,Recebi o produto dentro do prazo,2016-10-28 00:00:00,2016-10-29 11:59:08
322b80b895311944cdcdd8b7c39a1d41,64410a4fbf4904d3f9445bf58e9491b5,5,,,2017-02-03 00:00:00,2017-02-04 12:11:52
fc0ad46a8b1440ddc627bd67b62a5258,6460e331ee8f69c01f1423cca48d9991,4,,Demorou mas chegou,2016-11-25 00:00:00,2016-11-28 11:36:38
48df825d3e1d18c88951706e5860692f,64ba433f9d86e1df4e9cb86b1a3884d1,4,,"Recebemos quase 1 mês antes da previsão , produto muito em conta! !! Recomendo!!!",2017-02-08 00:00:00,2017-02-09 11:09:19
5717b8d63e534bfa900ed428e3626ab1,64cad05fe3f34277719621c70f416ad2,5,,Pessoal super atenciosos.,2017-02-15 00:00:00,2017-02-15 09:56:31
06009761376fbf566833ebeaed5cad5c,64f5569ef96004a1e1137bdf28fd4c45,5,,"Ótimo vendedor, ótimo produto chegou no prazo certo eu recomendo",2016-11-01 00:00:00,2016-11-02 10:26:40
f9fe37d91c506b29a0b4d9107f667bde,65d1e226dfaeb8cdc42f665422522d14,1,,"O produto foi comprado em 10/10/2016, não chegou e agora recebo esta avaliação perguntando o que achei. Muito insatisfeita!",2016-11-09 00:00:00,2016-11-09 21:04:42
1f42379aacc415ee194f3eff210dd3bc,65fd2f07bc74b8df1728cc3ee9e19ebb,5,,,2017-02-01 00:00:00,2017-02-01 22:47:06
37825762b4125e62b54e0c8f65595de6,660c604f50fc9edcf854689682d1560e,4,,O produto chegou bem antes da data prevista! Fiquei mt satisfeita!,2017-01-21 00:00:00,2017-01-24 01:01:11
10630c7a4385bed89d985a043a7d9349,660e589af9553d75506968867c922d91,1,,"Solicito a troca do produto Recebi o produto errado Solicito a troca até dia 8/2/17, Pois o produto é presente de aniversário de meu filho que será dia 9/2/17",2017-02-03 00:00:00,2017-02-06 10:24:07
a5e231d9bc16f03552eeda175ac7797e,668ee4108169a1d58c55b20ddc3fa3c9,5,,,2017-02-16 00:00:00,2017-02-16 23:21:27
52eb0fa81f8f576fd9e224034bf0dd5f,66f1a7baf73c12eb3af95058da54b6f8,5,,linda. quentinha,2017-01-29 00:00:00,2017-01-31 22:01:19
40884f2e6816c84ae189706b83c882ae,66f5111aa3f376fd7dfa577aa7c57515,1,,Eu cancelei o pedido pela demora da entrega não sei se é do vendedor ou os Correios. Quero saber como vai ser devolvido esse valor.,2017-03-08 00:00:00,2017-03-10 14:18:45
5d76a01a07627d6eab445af668ac3aef,67418605ab8f9414a2e238bbcdde1312,5,,"Muito TOP o produto. Lampadas de ótima qualidade, que iluminam muito bem e consomem quase nada.",2016-10-18 00:00:00,2016-12-26 15:24:14
d66163091e4a17d5e0e4a7b8f1c6131f,6744d76b253e71e06a89867248227b9c,5,,,2017-02-09 00:00:00,2017-02-10 00:53:24
4885f49de11f4d4436d53678d88d7cf8,676157c2d1075c88ea0009f8d7d2d389,4,,,2016-11-10 00:00:00,2016-11-21 12:36:11
e0ed419adbff8f2b406f4f27c877f1ae,6789a1de9a37be580653e51fc6458776,5,,,2017-02-21 00:00:00,2017-02-21 16:17:54
a7941ed6544a15e24dbf3e546f20fd30,678b28f078641e74d50be86b4ecaec7e,5,,,2017-02-02 00:00:00,2017-02-06 12:35:09
bd5db39f8c74d5d01fe36048af498ed2,67adba02e0955286954975ea56f9d17f,4,,Produto entregue em ótimo estado e rápido,2016-10-27 00:00:00,2016-10-27 20:15:18
9d518864c77b6e0eccf8b0abfecae540,67d0c933fefa1c4ff65e800b8c8bf804,4,,Foi me entregue 1 produto sendo que eu comprei 2 produtos do mesmo . Ainda esperando a entrega se não ocorrerá ida a justiça.,2017-02-07 00:00:00,2017-02-10 02:20:26
135de523fd70686f482946315278bea6,67e2b3a30d665abe59b95f2d60676138,5,,,2017-02-11 00:00:00,2017-02-14 09:24:28
ca514a4c482df7a74fa097aebd4af3de,6acecf438369055d9243e121045cca74,5,,"adorei o produto, a embalagem, o cuidado no envio. tudo excelente. recomendo!!",2017-01-18 00:00:00,2017-01-20 10:01:16
2c275b34017a0d8684ea1cc9a020c8a5,6ad644c08b98d152d28f183097633d41,5,,Bom produto,2016-10-21 00:00:00,2016-10-30 12:49:59
153ef790db4a65fb8acb9f66e7f32299,6b3ee7697a02619a0ace2b3f0aa46bde,1,,"comprei paguei o frete, e tive que buscar no correio, como posso esta satisfeito, e pior abri uma reclamação e estou até hoje esperando uma resposta do MarketPlace.",2016-11-26 00:00:00,2016-11-26 11:27:33
d6de9b9a11c919860b73e5b421d1ec46,6b5e619dedba6d4297fb10dd5886912f,4,,Recebi o produto na data programada. É fácil de montar e muito prático para pendurar roupas e sapatos. Só que aguenta uma quantidade pequena de roupas.,2016-10-26 00:00:00,2016-10-28 21:42:42
99c910f824dd459332143db8c3cdde19,6b686186d43eaa21c407ecf34ebb9ee6,4,,O frete foi muito caro,2017-02-04 00:00:00,2017-02-07 11:33:18
5f7b06f58134e3aabde6b25b71c2331a,6bc6b07e448bae52d248c4df401d6157,5,,,2017-01-27 00:00:00,2017-01-28 11:10:19
8ca24c837b2aaf8ba849cf6d8901674b,6c273b11e7a7b4b410ea29fac9769fac,3,,,2017-01-31 00:00:00,2017-02-01 22:35:19
d81193198ce4566f73227053b9bfca2c,6c6e590c8ce02ecc30bef8bd3b34d82f,4,,,2017-02-14 00:00:00,2017-02-15 00:28:35
9f3315fe09a6ae1371624d76d1072ed5,6c7481b5566c6a3821a91a05b0f9f7c8,5,,Chegou rapido Produto maravilhiso,2017-02-09 00:00:00,2017-02-10 03:19:49
c1c88925faec2ded8121e46c2ec98ec7,6c82197bc099415d9919ccb609a9c072,5,,,2017-01-19 00:00:00,2017-01-20 00:58:49
4d4819ae075cf68cb4e47474833b4ac5,6ca2b1dbcac1751cab45df5faa1b892e,5,,,2017-02-02 00:00:00,2017-02-06 10:52:47
011e34b3e5d332a41d8380a9f039fb7f,6cf5d7a6b6eb9cad292da0b65d6c010e,3,,,2017-02-07 00:00:00,2017-02-10 11:33:59
365e0b773665bb8d94cea6684162064a,6d234dea658ce0c00f91e931cb11f93c,5,,Bom,2017-01-27 00:00:00,2017-01-30 22:39:42
5d81c62be8e72b14a0c9b208ffeb5d5d,6e0d2539e48e84296bae6290de41058c,5,,,2016-11-18 00:00:00,2016-11-19 10:01:20
43a8434857dbf1118c88adfd7773f67b,6e4a67f3a94e46e6cc5af48093d14127,5,,,2017-01-27 00:00:00,2017-02-01 18:20:11
3918306fc04f31c393a12070f6e66966,6e5fe7366a2e1bfbf3257dba0af1267f,1,,"Somente recebi as duas cortinas que faltaram, depois de abrir uma reckamacao junto ao Reclame Aqui. Nao indico e nao volto a comprar",2016-12-08 00:00:00,2016-12-08 04:22:22
1b8f5d1e38be4d33686056a434b0fa65,6eb51c1c9c69f78ea9fd4665fb98b7d2,4,,,2016-10-20 00:00:00,2016-10-23 01:25:24
a0770c7851c2e39d59b2a378164979a0,6ece326e25f193d084e3dc092bbdd93b,4,,eu vejo como positivo esse vendedor bom produto e entrga no tempo combinado por este motivo simplesmente recomendo,2016-10-27 00:00:00,2016-10-27 23:57:32
4d0f5135f9a2024943166671431bd897,6ed4f19dc97f2a4b5d0f15651247dbca,1,,"Péssimo atendimento! Comprei o produto no início de janeiro e somente ontem 01/03, me avisaram que não tinham para entregar, pois o fornecedor vendeu o que não tinha. Não compro mais nada neste site",2017-03-02 00:00:00,2017-03-02 15:33:00
c2207b69c65711a326924e522ae08f9e,6ef172eee30cfbfa01516ce2eb2ee68f,5,,,2016-12-02 00:00:00,2017-03-02 22:32:26
046ffc00480c2daccea691db51d7cacf,6f275c944d1814eca6bfbb2bcfa3b0ea,5,,,2017-01-25 00:00:00,2017-01-26 10:43:06
70e9eb87efb28b69823efc9caa9abef5,6f334a2e1303fe798ae16f4c33269e82,5,,Entregou bem antes do prazo. Tudo certinho.,2017-02-13 00:00:00,2017-02-16 18:14:56
bf22d4de761586bc179a51b588be9a2b,6f748695717d537b882406da58acefec,5,,,2017-03-04 00:00:00,2017-03-04 19:23:13
4543c0d73bad742d9a0a7392b90f6924,6f7626222f2b324b580e36eb22d8bb8e,5,,,2017-02-07 00:00:00,2017-02-07 18:17:25
3781ba8d4a6a73143d9e77fab10a8864,6ff09113fd48861d786d40583b7f2aa3,5,,,2017-02-07 00:00:00,2017-02-09 22:59:50
24f83e3e2c75b58888eec93ab93f2cca,7002a78c79c519ac54022d4f8a65e6e8,2,,"Não gostei. O material não é tão bom. A cor dos desenhos está fraca, não como demonstrado na foto.",2017-02-07 00:00:00,2017-02-10 10:20:44
7df5ae5de34b9676dad86a507260e12b,7004296aa0256632eaddc171edaf727f,5,,,2017-01-17 00:00:00,2017-01-17 12:45:00
a0ba97ce98f76cf57bb2c5530513be70,7033745709b7cf1bac7d2533663592de,3,,dentro do anunciado.,2016-10-25 00:00:00,2016-10-26 23:52:15
c595cabf2e317622e83595caf0890a9a,7090c88db4158f89d839c794cdd73272,4,,,2017-02-08 00:00:00,2017-02-08 22:19:53
522f52e7e26a15e8db36456e8b2cf565,70d0dedf8c23e2cedca5915427acd101,5,,,2017-01-29 00:00:00,2017-02-01 10:07:47
845e2bc6ae8e8a91c1c84cf2aaee9880,711b9be9c346d9ecdb9d38a5e1e7e39b,1,,O controle está com problemas e fiz a devolução do mesmo e estou sem reposta a duas semanas,2016-11-26 00:00:00,2016-11-28 13:43:00
34d62feeefaf60ef6ff7204af19fe109,71303d7e93b399f5bcd537d124c0bcfa,1,,,2016-10-27 00:00:00,2016-10-27 23:40:51
f37d5a15c992c2917846697f9103851f,717d28ee12c7c0ef8b384ff1b62b33c7,3,,,2017-02-07 00:00:00,2017-02-13 14:27:51
c4f839d01cffa0ee89d827f28c0c2fae,719628a909505f12f342015fd53a8d43,5,,,2016-10-19 00:00:00,2016-10-20 11:56:57
6818bc8538e3198c19966c60573f67e8,71f86189760ff1dec6805f4fc7c6f52f,5,,,2017-02-01 00:00:00,2017-02-05 11:19:14
99ab4427eb58f5b364d288a374ccbf2f,721c90253d3c1f625f71e2faf53a6b57,5,,"Produtos corretos, prazo de entrega antecipado. ",2017-02-04 00:00:00,2017-02-06 10:27:04
638d974c6105bec61cb16f288f464dc0,7249fd69ae42373a6a357567e41ecc57,5,,,2017-02-09 00:00:00,2017-02-11 22:20:20
8d58ce9a3daaddef44f4380348fc2f39,7254ba1421bac35de5d5da660715bf0e,5,,Nota 10,2016-10-29 00:00:00,2016-10-31 01:41:29
112d59d7988da8129fa9143e1ae4fe56,72c1d87887d0b9a3965557013e74f543,5,,muito bom o produto,2017-02-08 00:00:00,2017-02-09 02:26:59
a1a2350861d72e603e125d9b3433b782,72c6b41818d5e645f455986b59b7a964,5,,"O produto chegou perfeitamente certo e antes do prazo previsto.o produto que comprei veio do mesmo jeitinho que vi no site,tudo certo!",2017-02-21 00:00:00,2017-02-21 23:36:05
bd4456a60c6bcf1cda23da1a5ddf65c3,73558fe683b9ce228381cf2ca678d322,5,,,2017-02-10 00:00:00,2017-02-13 09:43:37
abe571ae5dbad6eac118ab45dd1dfbf2,73e934755292def8b6519b03f2230723,4,,,2017-02-08 00:00:00,2017-02-11 11:01:36
6e40c4649c50b785d0936e2743b2027e,743cc56ca44d32e3e125c74c98044997,5,,,2017-01-18 00:00:00,2017-01-21 01:31:00
e5d48386325f21f0360c77b19c77feb1,747996a66f5aa711deb8ae58f5ae46a0,5,,Recebi bem antes do prazo informado e o produto é de qualidade. Veio devidamente embalado e com nota fiscal.,2017-01-17 00:00:00,2017-01-17 12:54:52
c1a78938d53284ae7e4bbc594e103789,749a31c1093994e39ecb4aef66a7aa3a,5,,A trasação e a entega do produto ocorreram dentro da normalidade,2017-02-07 00:00:00,2017-02-09 23:00:34
cc979911163c98d5932827fb4ae6eb9f,74b9c5a1b6f7632750a25db4de597512,3,,,2017-02-02 00:00:00,2017-02-02 20:59:54
51809daf94b60a0e22174ac981aa0415,753aaaa715f963740a358c291bc79727,5,,Excelente comprar na lannister. O atendimento é perfeito.,2017-01-18 00:00:00,2017-01-19 19:47:09
2be38141c7e81db0001d2708980fe34e,7559c51df991c6861e6a8be5fb1e3751,3,,Muito bom... Empresa séria,2016-10-27 00:00:00,2016-10-27 21:26:22
f9f4399e58130cccaf3e366eecbce532,75fb23d26903b71ce3dd550ae22d2cc1,4,,,2016-10-25 00:00:00,2016-10-26 17:54:45
b5db92e4cce815ba464fb5fe3733cde8,76458889992169d3135b264dc13aec67,5,,,2016-10-22 00:00:00,2016-10-25 11:53:07
bcf66c6bd6f84ba225c62699ff374999,765442de6466c0bb079c22b8b20e0eab,5,,,2017-01-14 00:00:00,2017-01-14 20:07:42
676afc5d855115f38150fd0902a45b3a,765e82006189100419015233bf26be8a,5,,A entrega foi muito rápida e o produto atende as expectativas!,2017-02-02 00:00:00,2017-02-03 09:43:15
0ce1968027d5ac1433f192d910d093e3,76774c936de5cb5a431120fde98e40da,5,,Ótimo produto e rápida a entrega.,2017-01-20 00:00:00,2017-01-22 15:31:51
5acfbbecbf341e4de6d0c301afdbb080,76bd9ce8aa3ce93bd913f3ec17f66790,5,,Produto de excelente qualidade e entrega bem antes do prazo estipulado.,2017-02-19 00:00:00,2017-02-21 16:48:48
fc4af8aea8ec3f1a3cd181d3d0cadbd5,76c6e866289321a7c93b82b54852dc33,1,,,2017-02-03 00:00:00,2017-02-05 01:58:35
9399c464901dcf9d6a40e6dde8ebdf59,770d331c84e5b214bd9dc70a10b829d0,1,,"o produto é falso, ridiculo!",2016-12-01 00:00:00,2016-12-19 20:08:30
638b701242c109ae59fff3fd2772eb8b,775eb0ae1891c8dd8f12c2f8c6850006,4,,,2017-02-08 00:00:00,2017-02-09 03:16:46
226ba46ae4b953bb6423960120aa9900,77c34615b2963e4bf4b48d59da0eb5e1,5,,Produto sem detalhes. Muito bom e bonito. Alem de que a entrega foi muito rapida. Estava prevista para o dia 17 e foi entregue dia 01... Produto resistente e bem aderente.,2017-02-01 00:00:00,2017-02-04 09:20:08
8c96613dc3f72333d96c51ea2901b29f,77c75c0f9b0b1c5417b62c696c4734e5,5,,,2017-01-25 00:00:00,2017-01-28 02:13:40
e5e416ef74d4af97afcdb6c765a36367,77e102ecf08e057581ef2ce55c80c6c0,5,,"Entrega rápida, ótimo preço loja muito boa.",2017-01-27 00:00:00,2017-01-28 00:09:20
df7efb8408259b08cbcd57d8dbd24df4,7853cfd26dee49109295b3e604567180,5,,,2017-02-04 00:00:00,2017-02-05 16:47:12
1cbf43bf9e572672bf4ad084738bcb19,78a1a87882880114ee891ccdcbd1ccde,5,,"Produto entregue conforme comprado, dentro do prazo, até antes. Recomendo, com certeza",2017-02-04 00:00:00,2017-02-05 10:17:23
38b7052e458c9d2f5f4e620a52df56ae,799dc0fd216e2a8e571a2684ddb6f940,1,,Não consegui obter informações sobre a entrega do produto,2016-12-25 00:00:00,2016-12-31 08:44:59
1edb1e0331873cc2085a59daa354a510,79ffdd52a918bbe867895a4b183d6457,1,,"Demorou quase um mes pra chegar.. E quando finalmente chegou, ele nao liga...",2016-10-27 00:00:00,2016-11-10 13:15:14
82f52b40b12ff177fcfdfd06d7b26a26,7a094f321857b6925fee399192bb5ebd,1,,,2017-02-11 00:00:00,2017-02-11 18:04:18
ef0cb49c494b34d55782e4c91bdc8730,7a18a504c1a4b32d883e68de2e1a7db0,5,,Adorei a embalagem e o atendimento. Produto maravilhoso. Sempre darei preferência para compras desse lojista. Amei.,2017-01-17 00:00:00,2017-01-18 11:54:40
c6b4a4cae9b07536c1c9cc6ec57b8371,7a36fa82d4bcff7d936c10be470b9c8e,5,,"Produto bom, prático e fácil manuseio . Recomendo a todos a comprarem.",2016-10-20 00:00:00,2016-10-21 00:45:28
d6bf917f19cd51622bf95a1e686a779e,7a7d2c889e27d93b2005462a8788e168,1,,,2016-11-01 00:00:00,2016-11-03 02:12:04
0d5886256e41c682dcf138af317ff3a0,7ab9c55c59eaeea579d047e2d8aaed81,5,,,2017-02-02 00:00:00,2017-02-02 22:31:06
5cc07956bd0c9fe0671cf44b866837ba,7ac6f4778cd283c6b76c66fe1e0d4431,4,,"Produto chegou como combinado em perfeitas condiçoes, recomendo.",2016-10-19 00:00:00,2016-10-20 09:43:06
c68ab10732712c84ea727750535b2596,7b4fb0197b18a0fd0e75f9e44b3fc757,1,,A cinta térmica quando ligou na tomada começou a derreter e começou a queimar a pessoa que usou,2017-01-31 00:00:00,2017-01-31 22:28:58
804c9ec4cb9a402f2c49fdb30c5456ab,7c0ff60ea08a0885a1404c299f7ed4f2,5,,,2017-02-04 00:00:00,2017-02-07 17:27:15
a38486de2bb39222c0c9f1bea5dff5ac,7c28cd51bc7b7b5b8e81ae0bb7f17340,5,,Satisfeito,2017-01-28 00:00:00,2017-01-30 11:05:11
1747b2640e626aeaf7928e802bf3bb54,7c933084ae34df732cfb3b47968b1666,1,,,2017-02-24 00:00:00,2017-03-04 09:26:30
af980ca9bafbc96e2fbb0576a76310a7,7cb5aaf8b7b7b439174c2e4efdf4c7a3,1,,Paguei pelo produto e não recebi mas no sistema está como produto entregue em São Paulo e moro em Faxinla dos Guedes -SC. como assim ???? quero meu dinheiro devolta,2016-11-08 00:00:00,2016-11-08 10:01:52
d148e91322399dc2090eb677c2e26e68,7cbc58346dce935abff14a7c5a0488f5,5,,,2017-02-04 00:00:00,2017-02-06 10:25:04
e6d268fe017db96dec33292dc3415ff2,7cc5f7da21653de1b71a6f4ad590e5a1,4,,"Prestar mais atenção na solicitação do pedido dos seus clientes, para não haver transtornos!",2017-02-14 00:00:00,2017-02-22 01:56:45
e8162c435cc934213c57c53816811940,7d0eb8de17d494f4151e4470cd1b0605,4,,,2016-10-18 00:00:00,2016-12-07 02:59:50
9190e6754710d977b6bc3185688e3ffe,7d7bf3ee337c36ce012762da5f28f53a,1,,"Um absurdo um cliente se sujeitar a um prazo de entrega demasiadamente prolongado e ainda assim, não receber o produto.",2016-12-03 00:00:00,2016-12-06 14:46:16
874b3612c564c7516c780ddc5e7e44ac,7d86c4aa9e59504b23f16c7ca68954a7,1,,,2017-03-12 00:00:00,2017-03-16 16:35:37
a450b65b40eef4bd63aed18e935770b6,7e2dddf174cc4d2768bf39c43ab2bd7a,1,,Meu produto veio com defeitoem uma das peças . Não tem como montar e não estou conseguindo a devolução.,2016-11-11 00:00:00,2016-11-12 09:59:18
306626c42bbfc473b136025f40c691b6,7e61a4c6d93d6ad8a4ca4a8d00094339,5,,,2017-02-10 00:00:00,2017-02-12 19:18:04
138eb76f28aa88a0322a4aa2c4406550,7e6b55f6388682bf51a05d8f13c2d466,1,,"Muito ruim, depois de quase um mês esperando o produto o pedido foi cancelado automaticamente, tendo inclusive a agencia bancaria aprovado o pagamento da primeira parcela. Aguardo reembolso!",2017-03-04 00:00:00,2017-03-05 22:30:11
7b893b28580fec7c9ddaf9cc00ebd566,7ead6c8726098bd70de2b16cac42df74,3,,,2017-02-10 00:00:00,2017-02-11 11:57:56
c91410f72935babe0547a45f223dee17,7ece3f32d060f91a98d50279ab15ebaf,1,,Bom recebi o produto errado a voltagem errada em fim fui enganado pois comprei um produto 220 e recebi 127 sem maleta .,2017-02-10 00:00:00,2017-02-10 16:13:56
6ad41775ad5fd3e58af0ab1e32a01ade,7ef1da1730f64df72be4189c5ea58c66,5,,muito bom e seguro comprar aqui!,2017-02-04 00:00:00,2017-02-06 23:14:27
534eb825c1ac66ec8fe5e7a7e0cc6e01,7fd4b0e047195ca197c3660772a8d8c0,1,,A loja me avisou quase no final do prazo que o produt comprado não estava disponível e não seria entregue.,2016-11-20 00:00:00,2016-11-30 17:23:18
7ebcbd71169c0b8b863dd503b9dca63c,80606b26965c5ed21e85a085e0667b63,5,,Satisfeita!,2016-11-19 00:00:00,2016-11-24 00:48:31
69ac6a27fde9855ebeaaecac0f78058b,809a282bbd5dbcabb6f2f724fca862ec,1,,MEU PEDIDO NÃO FOI ENTREGUE E NÃO FOI DADA NENHUMA SATISTAÇÃO,2016-10-02 00:00:00,2016-10-26 12:31:00
ca26a97baa1580f8acbc755587616eb3,80e9acbfd99b46609bded7263945fe15,5,,,2017-02-10 00:00:00,2017-02-11 12:54:54
537af341b003976eae54d043d0fa121d,811eadaef225935d84d4d3fdcca7ee85,1,,Vou entrar em contato com a loja .Acho que a maquina veio com defeito.Pois ela não tem pressão alguma pode ate mesmo jogar água na pele que não faz diferença.,2017-01-17 00:00:00,2017-01-18 16:10:28
101d6bfddd4b53567ffde9d24f99ebe2,81251f18621a822ad5b09593dfee4fc9,5,,"Muito obrigada , uma atenção nota 10, profissionalismo em alta. Sinto me satisfeita. Será recomendada.",2017-01-28 00:00:00,2017-01-29 19:20:32
aba16ccba4d09a4250f9c4877011f984,81e5043198a44ddeb226002ff55d8ad4,1,,"Comprei vai fazer dois meses, paguei o frete e não entregaram, vou no Procon.... não é a primeira vez que vc fazem isso, nunca mas compro nesse sait",2017-02-22 00:00:00,2017-02-22 16:49:47
4062b881e2dd16a2ea180333dcfbe5ca,8213bc96304fc0881189c4525f3002f7,5,,,2016-10-20 00:00:00,2016-10-21 15:58:28
991fcba8b650fa3139109cdc7b73cd35,82bfafb84a5843f06b8c3983edb1883b,3,,"o produto parece ser de bom corino, mas suas presilhas de elástico se arrebentam, o velcro mal costurado se solta, não tem furos para os encostos de cabeça tudo tem que fazer, danificando o banco",2017-02-11 00:00:00,2017-02-12 10:19:38
b31b20d1366006aa90bcc8086f6bd7b9,82e4f033f60598903866557d89c9c042,4,,,2016-10-29 00:00:00,2016-11-01 14:24:38
a9d8d154b0906d8948d7256e59a4ede1,835bf4777ad72891587719f1098e3528,4,,muito bom ,2016-10-25 00:00:00,2016-10-31 11:36:47
d4be1b414b710c5622c4fd8176b4f031,83812118bb682267a9880ea1b261ac4b,4,,"Quase tudo perfeito.. Apesar de entregue no prazo, o prazo dado poderia ser mais curto.",2016-11-01 00:00:00,2016-11-03 06:21:50
93eaa9fa0159c008eb11af3fff3b1338,84d8cb80e8228cbea6d970499c3ce3c3,5,,Produto original e lacrado. Nota 10.,2016-11-01 00:00:00,2016-11-01 22:05:17
c444278834184f72b1484dfe47de7f97,8557dabbdacec1a9e250f5e70afe1eab,5,,,2017-02-08 00:00:00,2017-02-14 13:58:48
b2fc2fac36fdef519925b2f55a95d8e4,85841af0d94e5d0cd3a9c0e42e565b74,5,,,2016-10-18 00:00:00,2016-12-06 20:48:13
85e45333f39f7676d0aa5caa21f8cf68,86df4a2f1f5cd47ee3f5bf1781240d1a,5,,,2016-10-27 00:00:00,2016-10-27 17:20:31
8b8ec505c06d139a816146c9173e88fb,8729a8f7c27d03afe731463091711489,5,,Recebi o produto antes do prazo...,2016-11-02 00:00:00,2016-11-05 15:04:58
6a760d6d7c876b76f77353f24d9c14fa,88130f20a472f28fcca9dd5d50358820,5,,"O produto chegou antes do prazo de entrega,em ótimo estado.Estou muito satisfeita com a compra",2016-10-19 00:00:00,2016-11-04 09:08:50
6938008852faf2ef8e5c1b0463bb919c,882c1e2076610adab15e5a68430d2180,5,,,2017-01-29 00:00:00,2017-01-29 18:16:26
c1f27ee3bfc87dee6858a13d3aa013dc,8846a9571a893b22eb57d4732b978bbb,5,,,2017-02-04 00:00:00,2017-02-06 22:15:44
b2a3bd080217f589d4ddfe533ec7fb31,893dc49276696129a9bf6f2a9fe23e57,5,,,2016-11-04 00:00:00,2016-11-06 23:04:33
fedc26f006f9bf1ec8649c1deed6e504,89484162f10c48a5cbccb77221419395,5,,,2017-02-14 00:00:00,2017-02-19 20:55:12
318fda127789f06057ffce308d66124d,897702f9f3fe72f18863ffc09e7ddef3,5,,"produto bom dentro do esperado, entrega rápida, pena que algumas emissoras não libera o sinal digital via satélite, como globo,record, gazeta,",2017-01-31 00:00:00,2017-02-01 19:50:25
d9d7fca238a89614684f66977b19c9e4,897ed337ed4c3fba920924b9143c2ea0,5,,,2017-02-07 00:00:00,2017-02-09 20:10:57
19232d185d499934b048f16285e6d20e,89898719573722b59b173f76fb213501,1,,Não recebi até agora! Não indico,2017-02-17 00:00:00,2017-02-23 02:36:21
cfd1a90938ae22eb9738d386bf8cbe5b,89f586f0cbddc6428831c41c8c333c66,5,,,2016-12-04 00:00:00,2016-12-06 12:18:05
3d1a9381854446c25e98012c64bb5460,8a784d47854e4cbc5562362393d504db,5,,,2017-01-18 00:00:00,2017-01-18 11:57:16
f60e942a213a57b16dee10b28b800468,8a7f0e6d9767d52a05dd48229e24d766,2,,Estou aguardando instalação do produto em loja especializada.,2017-02-04 00:00:00,2017-02-06 15:52:04
f8e1efd927b9f7db95198e55bdebfb29,8aa9f9fb8d016c8abd90a65dcd7f2ab6,5,,,2017-01-31 00:00:00,2017-01-31 23:22:36
6e0aa1e1ab7c533224d933fe5606d539,8adafb3466daa5395694d3a906ff9d40,3,,"Recebi 5 anilhas, faltou apenas 1 de 3kg",2017-02-15 00:00:00,2017-02-16 15:24:27
04b84feb08271e8c40cfd6fe82e2cdb8,8b160e3e272dcca4665850aae31ae6fd,5,,"Excelente material, recomendo. Chegou bem antes do prazo .",2016-10-27 00:00:00,2016-10-27 20:35:59
9da6f73dde10ac7108db7686a03174c5,8b388d845a3e8700444b971fa2bef902,4,,Avaliação positiva,2016-11-09 00:00:00,2016-11-12 09:52:41
19ea286c998549d60b2a7f9d51e96138,8b6d201fff0b1b32e59f7cbdc6beaf54,5,,,2017-02-07 00:00:00,2017-02-09 22:30:14
f8c0d1b3652378ced5b08a5e3647a1ec,8b93f79b1a4d6b3388dab2356493c0b3,5,,Produto muito bom!,2017-02-08 00:00:00,2017-02-09 02:26:09
e0fd4fb84435cd327b8f7469fbc5761a,8b94c85a97b61f51a419a57e451d4e3a,5,,,2017-01-19 00:00:00,2017-01-21 13:36:12
b28309e8253951a954123e039d3242f7,8beb59392e21af5eb9547ae1a9938d06,1,,Produto não foi entregue. Não foi enviada nota fiscal. Telefone para reclamação não funciona.,2016-10-20 00:00:00,2016-10-24 17:18:09
f2fa4b4ab1dbe6d8a53b9a1e0c4ec8eb,8bef37e0a778afcdf32118f376beb9de,5,,,2017-01-31 00:00:00,2017-02-01 10:20:31
09e9d3c703da2e6a685bafbd84a9639e,8c0a4c58ee098fea192d86cb195786e6,4,,Recebi bem antes do prazo previsto.,2017-01-31 00:00:00,2017-02-03 22:12:23
6573885e5a81f41e87e99c41a8a4beb3,8c10b4712b6c450e49bcfb6b1e48449f,4,,,2017-02-08 00:00:00,2017-02-11 06:38:19
f8f08a06979cf17ef16d8a68a56d9036,8c482c28bfcadc891bc37e13dc7ace34,4,,,2017-02-14 00:00:00,2017-02-14 12:03:24
68527c158a36d2fd93c284664ccc6dcc,8c72f52f7655510c1ec81f3b9019c638,1,,Pedi voltagem 110v enviaram 220v não recomendo,2016-10-21 00:00:00,2016-10-30 18:43:13
4fb086c542bb7e4ec510a3463c1657b7,8c78d01de3a9009e23d6877a7cc9be20,3,,"Ainda faltam me entrega um produto ,quando chega eu avilo melhor .",2016-10-22 00:00:00,2016-10-22 20:04:45
fab3587ace3a5370f22ba29be6d46cd9,8cb07e7e810ad9e5f33062cb4735d488,5,,chegou antes do prazo,2017-02-09 00:00:00,2017-02-10 01:07:06
c5a815f89971cd69e828bc8c2d992524,8d47519f5c9c42540b37bd3db0492878,1,,"Demora absurda na entrega do produto, isso é se eu vou recebeR ele né",2016-11-08 00:00:00,2016-11-08 23:45:47
9e762eac70dbcc98d3f6dd63eb988079,8d9a9808c4a5546adb15d524d6ab2e91,1,,Prazo de entrega muito longo,2017-02-22 00:00:00,2017-02-23 00:56:46
e4bebcfc5687911d15a24b367da4d756,8dc67de08c1738a90e70f62f2920b432,5,,EQUIPE ESTÁ DE PARABÉNS!!!,2017-02-02 00:00:00,2017-02-02 22:55:52
da0cd4b04372ffaaed0bdb2852e8da0f,8e7ef380ad5ae407dffbe2f0826cae73,5,,Produto entregue antes do prazo,2016-10-21 00:00:00,2016-10-24 11:38:29
9bea28503e4287035f1faba4605b57cb,8f1a2a26d4f0ed5608a8857e0e88b7ad,2,,gostaria de receber o meu produto que ate gora não,2017-03-23 00:00:00,2017-03-25 15:06:57
6b963b1150c616b27485bc5c900cbae8,8f359a870a6206af39d54ab82c99619d,4,,,2017-02-04 00:00:00,2017-02-07 16:19:52
19704c3e508bdc4933c5fd3f4d6604fc,8fe36dfd03ccfe3ed3d492c146705b9d,5,,,2016-10-19 00:00:00,2016-10-19 23:59:49
c4abcb90df17c2f908f7d30d560878dd,8ffd24fbf822586b2712a4becc7217dc,5,,A baratheon é muito comprometida com seus clientes pois produto chegou perfeitamente em minha residencia e dentro do prazo.,2017-02-08 00:00:00,2017-02-09 01:36:33
ef468ee6d6910150dc4ea20c19ad116d,9021fdebb45ac827a6033d6969d5c2e3,4,,"Pensava que era maior, mas tbm não tinha noção de 20 cm. Fora isso lindinha amei , tudo perfeitinho , estava pra chegar dia 09/02 mas veio dia 13/01 que bom pq eu queria pra 27/01 níver de minha filha",2017-01-14 00:00:00,2017-01-16 00:02:47
9f4b94c3e28acd186ac9fd8f0bcb33ea,903c880841c9b1af32d6d086b9763133,3,,A entrega deve ser mais rápida,2017-01-31 00:00:00,2017-01-31 19:48:58
e723ed85e1f4b217802e4df4848c63e5,9058bc799c3791077efb3aaa8e0d5e02,4,,Foi bom tão de parabéns,2017-01-31 00:00:00,2017-02-04 23:33:58
2631f3521b15aa29f26bb954d19e2d6f,90aea7c4e52538a18cb9bbfd16f09185,5,,"demorou um pouco a postagem, mais foi entregue dentro do prazo.",2016-11-18 00:00:00,2016-11-21 16:30:19
2961357aed5485e126a05fc91fa8e9f3,90bd4466c2905d7b5b56370149e62bcc,4,,Recomendo este vendedor.,2016-10-22 00:00:00,2016-10-22 21:10:00
3d77035e9da83db820607d6f33157c0b,90bf0d006edb962cf09943bf3e4ad217,5,,,2017-01-28 00:00:00,2017-01-31 12:07:52
6b683416a0746f5d11bf49cd16193e4f,90d2bbc31356e711e2fe7b0b78181687,3,,,2017-01-26 00:00:00,2017-01-30 12:17:55
b5c66480c76e304e904cf9c16a883113,91750e4d3d89e619cd557a6da400be06,5,,,2017-01-31 00:00:00,2017-02-01 10:04:17
4d6cf326697cc22327cbab8433d135b7,917ca364b9fb9460dee6ea613ee2a5ab,3,,Quero trocar,2017-02-16 00:00:00,2017-02-16 22:47:05
0edbe207e4a84842de8ce30a7d05a85b,91c52e15672343c61768b4d10597eea8,4,,Rápido.,2017-02-09 00:00:00,2017-02-13 18:35:40
040001387dba8164e025b9e919adc29b,91c96626f9e13b1b71a1f3e7ed52dd7a,5,,"Muito bom vendedor, produto chegou antes do prazo,excelente",2016-10-27 00:00:00,2016-10-31 00:54:26
e062b869874884605b94cb557036c158,91d1bf2b7745903cb0d17162d1bbd750,4,,,2017-02-02 00:00:00,2017-02-03 16:57:17
8afd6a4d5b7af40d856d667ce938c2a5,92580e7039e427da2884d35809a95996,4,,,2017-01-26 00:00:00,2017-01-28 08:34:01
e04c5b55d009fa34754fe9d38c76d181,92b44b87f1f7670b8911c5f0e642435e,5,,,2016-10-22 00:00:00,2016-10-24 19:24:58
eea04af75e81c41d7ff59afecb666edb,92d731517f17c26f16182d45498c4c3d,1,,"Comprei dois mascotes do boneco Tom , das Olimpíadas e depois de quase dois meses essa empresa "" parceira "" mandou e mail dizendo que a compra foi cancelada !Paguei à vista , com boleto. Nunca mais",2016-11-18 00:00:00,2016-11-18 23:38:40
a3e66bb18241cbbb7c5453f3333e043e,92e3415f60fec80f07ebca939434c3a7,5,,OTIMO,2017-02-04 00:00:00,2017-02-05 23:16:54
7c550b9bf9cd966aaf4d713682fe63da,9315757eaf0e782619bed131508dbddb,1,,O produto veio com as peças trocadas e não consegui montar. Quero providências !,2016-11-08 00:00:00,2016-11-15 19:55:20
1eb629865d32d54bbb43d0ac17134d9d,942cb81b8e0a2f33510159729f69d8b1,5,,òtimo serviço,2017-02-09 00:00:00,2017-02-13 13:18:05
f7fa525752dfdb0ddd1664010ddb08ef,944f618b790d6d01c2c78750fc0f700a,5,,,2017-02-03 00:00:00,2017-02-06 11:21:20
a47999256f8cbb48324dced2bc04a468,94b35c9542f07ad80b3367f9051b63af,5,,,2017-02-08 00:00:00,2017-02-08 22:39:59
9dc35c0d556a65f1c4aff189de0d60c3,956f15dfe9a7f2414a02c445fdbb865a,4,,Recomendo!,2017-02-03 00:00:00,2017-02-12 19:50:16
e9651b370d483da0e3997896680ac286,95d31d53ccc53bca2c13fcd535d67526,5,,Veio antes do prazo que era de 38 dias veio em 7 dias e eu to amando,2016-10-18 00:00:00,2016-10-21 05:00:10
6e5a3f92c612d553580c0d45429731d1,95e01270fcbae9863423400103359279,2,,Chegou no prazo estipulado. Porém veio faltando umas peças pequenas que dá o Acabamento. A cadeira o material percebo näo ser muito resistente.,2016-11-05 00:00:00,2016-11-08 08:22:49
99e62ac9bd8af67ec60d65fd3cfdf87c,95e4477d8423c69a93c55d840e02d9ba,4,,Recebi certinho chegou antes do prazo pelos correios,2017-02-10 00:00:00,2017-02-10 18:21:15
0c2b39c06caaee66f8cd9b4d937d49fa,95fd5e469d8ce5093adeace50b5a4389,5,,,2017-01-25 00:00:00,2017-01-28 02:40:59
0ed5802ea93f04e9bf2364c664dadbbd,96123b9ae5a9cdfd4efe5fe402a94675,1,,"Fornecedor targaryen me mandou um massageador completamente diferente do que comprei, de preço inferior e cheio de avaliações negativas. Ninguém erra mandando um superior né, curioso..Ou seja, n recomendo",2016-10-28 00:00:00,2016-11-01 18:44:47
de9f64e09412ae0a405eeaf126e4dd0d,966f96af9d189dc428ff04ebbca821b8,5,,Produto excelente e prazo de entrega ótimo. Recomendo. Parabéns pela seriedade e compromisso.,2016-11-26 00:00:00,2016-11-28 12:50:21
31141dfed2926370722234f0f344ac70,96867881a8d245ffae18dd2f1c4898d2,5,,"Chegou em perfeitas condições e dentro do prazo estabelecido, produto simplismente maravilhoso.",2017-02-09 00:00:00,2017-02-23 17:55:53
bfe717904be6ed435223174b21d73178,96caf486ad384c707d860dbb4e519794,5,,,2016-10-21 00:00:00,2016-10-24 11:45:13
6950a5ba6194062bafa4927ebb38db84,96e60a8b7fe4d9cd4f5ef7f3399a502b,1,,Eu comprei 3 unidades mas só recebi 2!,2017-02-11 00:00:00,2017-02-14 19:39:04
93d6b69f6d337449667bad822585db71,9758e655b4d2fca01c69a4dde9d4fb5b,4,,"gostei, mas a panela veio com um pedacinho do cabo quebrado, nao tenho paciencia pra troca. mas atencao da proxima vez",2017-01-31 00:00:00,2017-02-01 10:37:43
f4e4b1fc48e60d47e672e304e5c878fe,9786c52ca3e1ed1ef3ba5c65941627f0,5,,,2017-02-10 00:00:00,2017-02-13 11:40:04
6d06808638ec0701bccd70bc8d462c28,97d2f8fe76f2f253b8291e17b5383884,1,,"O produto não chegou no prazo estipulado e causou transtorno, pq programei a viagem de férias do meu filho, baseado no prazo. Moro na Bahia e ele em Cuiabá sozinho. Agora, a casa está vazia.",2016-12-09 00:00:00,2016-12-19 14:10:43
ac864f9837c1b5ef81056b927454fd94,97df4160390cf20ee63b032b5a93d0e2,5,,,2017-02-02 00:00:00,2017-02-05 03:15:56
010038fadf80b7f60e993609e3f845c0,984d046c833232079162e22c7ef8c15d,4,,eu recebi a chopeira na quinta feira na sexta feira testei ela .a torneira está vazando e estufou a madeira embaixo .como faço?,2017-01-27 00:00:00,2017-01-29 23:28:00
21b6466c2fc39dee8e793652af06f9e9,985db56d4cabd2577d0960194dd2cd5a,5,,,2016-10-29 00:00:00,2016-10-29 23:50:50
74515ea15719d4a06f557320b824c8b0,98750f114ae6088d04ea0d3cfe3f137f,5,,,2016-10-29 00:00:00,2016-10-31 20:16:28
77bfe4bdc0cd1d42f8354ae9231897e3,98974b076b01553d49ee6467905675a7,1,,O prazo de entrega muito maior que concorrentes - mais de TRINTA DIAS,2016-11-18 00:00:00,2016-11-18 22:06:05
943bb65c3c5c4cd65b23c261ae7d8ad4,98beb6d036255a151fd6d5000ad66da8,5,,O produto chegou bem antes do prazo!!,2016-10-25 00:00:00,2016-10-26 16:15:59
d45c11e184ad8ab4590b3a41e284fec4,9980c5519e01cc5a1c1c35bd247bb499,4,,Muito bom,2017-02-02 00:00:00,2017-02-02 21:07:41
969478bfa3f047a76e4c50adf26d6705,99a4238f13a11d486a5eabe5c8b1a1ab,5,,excelente.,2017-02-02 00:00:00,2017-02-05 08:32:56
d907d8efa369884f251224667fca2d28,99c0817d6ecd5fe55d21540917f1f5f9,1,,O produto veio errado,2017-02-02 00:00:00,2017-02-03 23:24:37
8e4207488174b7e97ca5d69a2a429b8f,99d3df1714b20b9eb9734e731927379a,5,,"O pedido (como sempre acontece quando compro no stark) chegou antes do prazo final, produto bem embalado. Gostei muito",2016-10-20 00:00:00,2016-10-20 17:23:54
ee2e913db310e9bc7c52e97c629cecbc,99e3f90c535337b45eace6f8a8a9400f,5,,,2017-01-27 00:00:00,2017-01-30 08:49:08
6f9d98d08a8977df4055360a8d73828b,9a3e437ab219133c20a7033be9087edf,5,,Muito bom,2017-01-18 00:00:00,2017-01-18 23:44:14
5a9db428efe9dde510ea2156990ffa14,9a4ae4d5c3a3dabdf42e5d7ec4203ed2,1,,"fiz uma compra, meus pedidos vieram separados até ai tudo bem, mas ficou faltando um produto e até agora não foi entregue! e isso que paguei caro pelo frete prazo era dia 06 já é 08 e nem satisfação!",2017-03-08 00:00:00,2017-03-08 15:47:31
f20abca39ec75d171dbeac48989e5521,9a75a775d17d37cd19193fe02c3f21de,3,,,2017-01-25 00:00:00,2017-01-26 10:09:32
b2d5d8db2a841d27a72e4c06c6212368,9aa3197e4887919fde0307fc23601d7a,4,,Só chegou uma parte do pedido ate agora..,2016-10-15 00:00:00,2016-10-17 21:02:49
da5b5825c706fcb2e08415e570ca1190,9b2e5e7107f9b0d28873782803e01ecd,5,,tudo 100% correto,2017-01-27 00:00:00,2017-01-27 18:21:49
e31380f2d58ac5c7e6f098bc2e8707a4,9b42f8813f6bfa620e0c91a4e132f2c0,5,,,2017-02-04 00:00:00,2017-02-04 19:36:29
34d5cdc76f6a0a4e6a49c0e74cae400f,9b91ddcbd6cbceb83d4fd2462ca1f95e,5,,Recebi antes do prazo de entrega informado e o produto veio devidamente embalado e com NF. Recomendo 100%,2017-01-17 00:00:00,2017-01-17 12:49:22
54b8a270796ea170b5d7af617c61859c,9bd5312d12f48b04a460f702baff3d8c,1,,"O Pedido e pagamento foram efetuados dia 06/10/2016,com entrega em 26 dias,dia 09/11/2016(33 dias após a compra)recebo um Email cancelando por falta no estoque,Um absurdo vender e não ter para entrega",2016-11-18 00:00:00,2016-11-19 18:32:36
c2fc21bafc2cfbcbd14ef06a1719ae75,9c0b834fc89f4dd70679baffe8bed38e,5,,Satisfeito,2017-01-27 00:00:00,2017-01-28 00:15:40
7c46b82b29a9caaeb06d6c03bbcecab4,9c54a1816e487456bb7eb5082b9823ff,4,,,2017-02-09 00:00:00,2017-02-10 09:36:39
b5c66480c76e304e904cf9c16a883113,9c54a1816e487456bb7eb5082b9823ff,5,,,2017-01-31 00:00:00,2017-02-01 10:04:17
b81aebffa783e17260a58bec1c1ab74d,9d00e5dd1d0a6dc258a09e9c90854357,5,,"Recomendo seguramente a loja para todos. Produto chegou bem antes do prazo esperado, super bem embalado e com nota fiscal. Com certeza voltarei a comprar dessa loja.",2017-01-17 00:00:00,2017-01-17 12:09:39
1767f5fd06f582f0f4b4f0fb9d8a07e9,9d34d5659dfa39b38d29bfcf0c85ead9,4,,"A única coisa que achei desnecessária é que comprei duas toucas e elas vieram em duas embalagens, com entregas em dias diferentes.",2017-02-10 00:00:00,2017-02-10 20:53:26
a5e50067f0644a8dec40ef96c8eb7a81,9d57e7a9c3dae94772187f73e97d9854,5,,,2017-02-03 00:00:00,2017-02-04 23:32:17
63593aa97da5e0e27664cd382a30f372,9d664ec86be69d869bb6870294c4fdd8,4,,"gostei bastante, fiquei satisfeito",2016-11-01 00:00:00,2016-11-03 23:59:19
001b3b4666d0e109d7563e1465f4ba60,9d6f552c9b731d52bb9c9b6051ddf5a2,4,,,2017-02-14 00:00:00,2017-02-15 14:28:07
c4baf95d8031270b3cc288594f21fbe4,9dc6746a8f29fafaa637f2239a9f3d28,5,,,2017-02-02 00:00:00,2017-02-03 10:17:42
006bcd01f85609bdf065fd6a2ca1b78c,9e1b7a7d17aa42da16ee605b5fee2e0a,5,,,2017-02-04 00:00:00,2017-02-06 19:26:18
dfa9314f87d474c7ebff6a13fafc6452,9edaabce3c4beef5432b6327ade4109b,5,,Recebi o produto muito antes da data prevista para entrega. produto em perfeitas condições.,2017-02-15 00:00:00,2017-02-16 10:52:29
0ef03d58e2f75c024fdcaf768418a366,9ee391a01004a9f330f16ebf9f7f0966,1,,"O produto e a ótima qualidade, porém veio na cor errada.",2017-02-08 00:00:00,2017-02-09 10:12:40
37206734968d19363addecb878b50f46,9fb6e7ca3a34e0500eb810d98b00b81d,3,,O botão liga o aparelho porém não desliga. Tem que tirar da tomada para desligar. Ou seja veio com defeito.,2017-02-07 00:00:00,2017-02-10 10:19:25
1bddc8a76a185e9a912afe207cd0ceb7,a01cc79e3afbac4a52ce1d528080e438,5,,,2017-01-19 00:00:00,2017-01-20 09:28:37
47a9e6e1a6807dc6ebcb3db41d09a60c,a041155864e5141116458291313b35c2,5,,,2016-10-26 00:00:00,2016-10-26 22:59:11
95452206aa8abd78a57303bc16b736ed,a08d1f4b300c3d7ec52f5f9a74234eca,5,,Excelente...... SÓ faltou o manual do produto. Fora isso gostei muito.,2016-10-27 00:00:00,2016-10-28 10:03:06
6f8c1ef7f89ff93c9ac72287c1316864,a1597cc7eca8c8d095e5de327444d9d0,5,,Muito bom! Ajuda muito!,2017-02-14 00:00:00,2017-02-17 02:19:12
91a9d9bb359902aedfc510a17ed0338a,a15df161654da3f47c2984ffd7764920,3,,,2017-02-11 00:00:00,2017-02-12 13:15:54
abd41883b42247d56967cfebfa2c831a,a241bea87dcdd0160ca94ebdba5bdbb9,5,,recomendo a todos os usuarios do site pois tudo foi conforme o combinado.,2016-10-19 00:00:00,2016-10-20 00:34:22
852c5de4da9f35558037dd39c9249800,a2c7b8f8a4fe1bc4a8f4e30a5311861d,5,,Ótimo serviço,2017-02-09 00:00:00,2017-02-09 15:17:17
4f1b7d2fcb9be63e9f52efd4e3ac8494,a2db088616f079ceb7a0e856f8a741ca,5,,Tudo bom,2017-02-07 00:00:00,2017-02-10 02:25:23
770d484fd1d09282c87f3a0d79711601,a3d1ef2562cf71542edfed06c1a7b6c8,5,,,2017-02-14 00:00:00,2017-02-28 11:51:16
657654f17abc5a7ce8290f148efb3dd3,a41c8759fbe7aab36ea07e038b2d4465,3,,,2016-11-04 00:00:00,2016-11-04 23:45:17
df7974255a6abc32e2d452b5aac60ba5,a47c6e02b84d8dea0ec21748a611293e,5,,,2017-02-04 00:00:00,2017-02-05 00:37:33
b8963caf68726c8fdb78430efda76d47,a503ed3639b58426f15f719d61bfe408,5,,,2017-02-16 00:00:00,2017-02-17 01:29:17
359db63856a2bd3a4a0531eb4f446b30,a50d16f8c24acdc0c3d2fe0af2cd5c87,3,,,2017-02-21 00:00:00,2017-02-21 09:45:29
f4cc3067cb5ae76978801c0fce5cd0da,a52e6fa2d7c6ecaf73ff5f7f10438339,3,,Satisfeito OK ,2017-02-09 00:00:00,2017-02-10 05:43:23
2d84d56571c0faa1650252595226d07a,a6475bb7a50387e3c665534e15bd40ac,1,,Espero mais de 3 meses para dizer não que tinha o produto!,2016-12-01 00:00:00,2017-01-05 17:51:36
c92bc08c3d7ad52714bd1155c62d2ddb,a68667474430fadbcfc1bfbb9e2adc0b,1,,Passou do prazo e eu não recebi o produto.,2017-03-10 00:00:00,2017-03-10 17:11:54
b399a4b417fc794a814ef957423bd67a,a68ce1686d536ca72bd2dadc4b8671e5,1,,Comprei o produto dia 06/10/2016 hj é 15/12/2016 SENDO QUE ERA 38 DIAS DE ENTREGA JÁ FAZEM MAIS DE 60 DIAS E NADA NÃO RECEBI O PRODUTO NÃO CONSIGO LIGAÇÃO PRAS AS lannister SÓ DA OCUPADO,2016-12-07 00:00:00,2016-12-15 19:57:06
3ab438be1d464d84f06a803eca504d08,a6cd683d4bd3b9b1f0aa37b27f8116d3,4,,,2017-02-12 00:00:00,2017-02-14 15:28:56
29dabeb58406ab32d7d1d6723c6a9742,a6dfab363a9e239287c4b1e3c275fb93,5,,"Adorei minha compra, estou muito satisafeita.",2017-02-15 00:00:00,2017-02-16 11:26:31
86e9daecdd745e074b9babe4443aefec,a6e307f50d1a494a1ad373af7a748e1d,4,,"olá , meu produto foi entregue , muito antes do prazo . minha queixa é apenas pelo produto não ter sido aquilo que eu esperava.",2017-02-03 00:00:00,2017-02-06 10:45:42
794c2e0bbcc3179ac44dc4634c3e3be6,a73a38a5eeac4ab94ef2bcbd90f92e43,5,,,2017-02-09 00:00:00,2017-02-10 08:56:24
e970e87d6a9f60d97ffc81b54417ac12,a74a1bb28cb0ae0a239270f8e3a85cdf,4,,"Produto muito bom, veio com nota fiscal e não veio lacrado e protegido.",2017-02-07 00:00:00,2017-02-11 05:26:19
e37a5af7813907b10bf86eba70761dd9,a7765f04ecc5f2e0683f08a97ee8174e,5,,"Produto muito bom superou minhas expectativas, entrega foi bem antes do previsto, pediu 32 dias úteis e entregou com 8 dias úteis porisso eu recomendo a todos e de confiança parabéns",2017-02-09 00:00:00,2017-02-10 17:01:40
8377ab2b2edd9909e86b15dace1b310c,a8305d2dfd60042d6000b3de3bc533a3,5,,,2017-02-02 00:00:00,2017-02-03 02:25:16
df801eedeef2ba89c550e9f755c31276,a87f63f16c37c383775f476c6f22b635,4,,,2017-01-31 00:00:00,2017-02-02 22:23:38
d674c265c1b5c2cc34594ae6fbfee3a7,a8846701b9f3e21e64c9062ed3f4dfd7,5,,Foi ótimo chegou antes do prazo,2016-10-25 00:00:00,2016-10-27 13:26:50
a4feb6650b4769e52b7534e69ba38114,a89b268d1a28bab0770e650f25232b06,5,,,2017-02-02 00:00:00,2017-02-05 23:56:43
e9278ca2b4139c45f741e9679b5ed837,a8c3f65a43b2e956cbfca10db4300853,5,,,2016-10-21 00:00:00,2016-10-22 00:04:48
585a0799719ece8e51ad17304ea580fc,a8f7a1d76c02dc4a7c5177aee8c2b02c,5,,"Recomendo a loja lannister ,desde o atendimento até a entrega.grata.",2017-03-02 00:00:00,2017-03-02 23:51:29
715d3f3f7ef4c0d9dc0e8fc2b7d64d3c,a909c24a30d5a05204ecb7ef3f11e321,5,,"Com relação à compra e entrega, só tenho a elogiar. Muito obrigada!",2016-10-26 00:00:00,2016-10-26 21:56:49
da4b154f311bec3afac98bbe688be114,a9506e4af5c19ca12362961efdefb20d,1,,produto não correspondeu as expectativas. não funciona ...,2017-02-04 00:00:00,2017-02-04 19:26:57
db27636ea82d449a9e0d1bea6b419465,a9a93c428c6103f2151bb63a1d32a520,1,,MINHA COMPRA NAO CHEGOU!!,2017-02-01 00:00:00,2017-02-01 11:12:46
84abfdd70238ebaea79ccc22bf783c54,a9ad904bde6787e355771489eef73012,5,,,2017-02-08 00:00:00,2017-02-13 17:24:11
7a2aee933c922e020937f52b77379331,a9fc3ae13c740ad46532fd50b61c69d5,5,,,2016-10-19 00:00:00,2016-10-19 20:38:50
e8995c053d3db2d9c07407efe7de52dd,aa04ef5214580b06b10e2a378300db44,5,,,2017-02-08 00:00:00,2017-02-11 12:37:36
8000b4fd92f310baf7fee7f2cb4665de,aa4f1c4318226e2f86adeb5578d8726b,5,,,2017-02-10 00:00:00,2017-02-11 16:19:26
73ee1ac83471c6e0dc242344ead1c1ba,aa58df9711205e09b4ef6d704db7871e,5,,,2017-01-28 00:00:00,2017-01-29 22:56:25
f4d3b3c0a74b98548a9bba0132dbbc4c,aa799c67bfe59b0de24f6db1dc1b776e,5,,Vcs estao de parabens,2017-02-03 00:00:00,2017-02-04 15:13:12
6b67d22b0d51e1b2d11a99fa4277d44e,aa830d74d3e7d4a392cb7eac51a9c719,4,,Entrega rápida antes do prazo previsto e produto correto e parece de boa qualidade. É o que procuramos hoje. Com essa falta de tempo para cuidar das coisas da casa. E pretendo comprar mais uma colchas,2017-01-26 00:00:00,2017-01-27 10:44:41
be05b98d05c7662457bcfb4ef74ba625,aac01d5ce6fab5aa0e191d71aedbaa3c,5,,Bom Produto,2017-02-10 00:00:00,2017-02-10 22:59:43
c557f1f8cc26c5d4acc80a7d850c1305,ab0c90a5da04e0132ea07c113bedec0d,4,,Ótimo produto ,2017-02-10 00:00:00,2017-02-13 11:59:56
fc99ee7ba987afb31151c127989ed8af,ab8e5f9b860cd703f5f647200c2c7b58,4,,"O produto é bom, atendeu às minhas expectativas, contudo o prazo de entrega deixa a desejar. Foram cerca de 25 dias após a compra. Dentro do prazo de 38 dias, achei demais a espera.",2016-11-01 00:00:00,2016-11-05 21:22:43
4a1a3cda2ec06fd3b32e28b11dc71f47,aba7884f1a6e6e52b774eb7654651325,1,,"Infelizmente as lannister junto com a targaryen, não entregaram meu pedido, foram me avisar mais de 40 dias depois que o pedido tinha dado um problema... ",2017-03-16 00:00:00,2017-03-16 17:30:08
1d2783cf7a04a2b804081fdf2729db11,abbbf52551bc34cd52a7851c06dfca90,1,,,2017-03-18 00:00:00,2017-03-19 18:02:42
b118cdef6c3c167e2c6b4db66a80c9f6,abef8b5d0f7fa066c7473db7d650c870,5,,,2017-01-26 00:00:00,2017-02-01 15:37:28
2b6002145ff864e46c3045387ca3e1a0,abfb34ed11820c7247adfb30fe5bb7ae,5,,Fui muito bem atendida e estou satisfeita com minha aquisição. O site de compra mais uma vez me enviou o produto dentro do prazo que eu necessitava receber meu produto. ,2017-02-02 00:00:00,2017-02-03 01:46:01
b730a8019be04fb7e7ecebfccb98aeb9,ac00d3859c095d282f6bef69e0ed1b38,5,,Chegou antes do prazo e em perfeitas condições.,2016-10-25 00:00:00,2016-10-26 00:12:55
efef5a00aac989951350619e06681dcb,ac2b7c522d811acba0aa270ed3e112e4,1,,"Loja lixo, entregaram produto errado, mandei email pro stark reclamando, nem obtive resposta, bela consideraçao por um cliente de tantos anos, qro ver o valor na minha fatura, ja q sao diferentes!",2016-10-22 00:00:00,2016-10-24 23:33:19
ea2cc07c6fbdcf7ce85d5377fc4dfe93,acb3a4ba3d4d4b0c57cd93736fa61558,1,,não recebi meus produtos e nem o ressarcimento dos mesmos. no aguardo,2017-03-22 00:00:00,2017-05-05 14:06:43
c2a956b620f13253d6ca604f81a8160c,acc3d4031cbd2f28ac6b5b71427a054c,5,,,2017-02-09 00:00:00,2017-02-11 16:55:24
d05a436bdc88d550f356f43b1a6ada8a,acf83f0e8fb878cb25197344426ed10b,4,,Uma entrega antes do prazo e bem sucedida.,2016-10-26 00:00:00,2016-10-27 11:01:03
09f5dc93a5bff4ba95b2dbc09e3f9a27,ad1aeeb1a99c9f021e38a49865bb812c,5,,Recebemos os produtos e já estão em operação. Obrigado!!!,2016-10-27 00:00:00,2016-10-29 21:00:28
43c846975cad387b7c0a36aad510f825,ad818323f40e1a353eb3a3874d138c51,1,,"comprei um aparelho para voltagem 220(sta Catarina), enviaram 110.Em contato com a Diluka Power disseram que mandariam um transforormadorque foi recebido, mas pinos não combinam,teria comprar um T",2017-01-21 00:00:00,2017-02-06 15:15:40
d4a4243a0a11bc1c9e1107ad873f4133,adebb4dfc650b98f7c7e38bb11cb0aa9,5,,,2017-02-04 00:00:00,2017-02-05 19:41:17
c1644211f1fe90951c81499cbd08f7b3,ae0913baa54f18027667d8049c36fde2,1,,A barraca veio com falhas na costura. Dei uma estrela porque não envia se não der nenhuma,2016-11-01 00:00:00,2016-11-01 23:50:30
ba77e3eb32ef5f7a6f46f7f1b034c76b,ae25aaffc9b89e8519bb9b5aa59cc8ef,5,,,2017-02-09 00:00:00,2017-02-10 14:01:06
71ef07e5f0edbfcbe1be6b43e6f6e712,ae8a60e4b03c5a4ba9ca0672c164b181,5,,"muito bom chegou antes do prazo, super recomento.",2016-11-04 00:00:00,2017-01-30 17:17:50
4acf8f889619e683c767c2c5568e246c,ae917963181c56c14f8d0e873b1588ac,5,,Antes da data prevista,2017-01-28 00:00:00,2017-01-29 14:02:21
73d5969cf1851ccdce3250fc24e857dc,aef214f769de82d355c5d2ab49e15891,5,,,2016-12-04 00:00:00,2016-12-07 13:18:44
a81eb782d6daeff3401efbe3ac8d9e6f,af9cf6a8b011e9fea2be4c295942e58b,5,,,2017-02-02 00:00:00,2017-02-02 14:18:31
285b75d9148dc5a604d1c42541224f09,b017dafe7c59c8aaf92ab3fa1ca54d78,2,,O produto ainda não foi entregue e o prazo já está vencido desde o dia 06/03! Gostaria de uma atualização de vocês sobre está situação! Obrigado!,2017-03-04 00:00:00,2017-03-09 15:31:55
d429df0b5f44f13b731c74ef28e7e6c8,b04bd4e0a1a21fef81b1f24f6fb81c08,5,,parabens pela atençao e eficiencia,2016-10-25 00:00:00,2016-10-28 17:42:46
c035952ab08e78be9cae6cdaf0a8256e,b063bf13bfec7c847d7a6bdb54554c00,4,,,2017-01-26 00:00:00,2017-01-27 18:26:43
1447bdd1202184fcbff044f7dd71984b,b08dfa6db006194a07108b6ff6330313,5,,,2017-01-31 00:00:00,2017-02-03 13:07:41
b212b7df25b4bd6fdc43df8e43c6ed3c,b0cfee6ce5503781be6004e0e31e4309,4,,Gostei chegou no prazo e o atendimento fui ótimo recomendo,2016-11-30 00:00:00,2016-11-30 19:39:33
fcc801c097d650d0a0acae28a952cc1f,b0f913cb83681e8a8563b96b641b3e1b,5,,"Produto chegou bem antes do prazo estipulado, mas tive que ir retirar o produto, pois não era entregue pela transportadora.",2017-02-08 00:00:00,2017-02-09 09:48:57
2328414a50c82c2a786047421e6287d0,b157079a62d77688a0f66043aa1f0306,5,,"Excelente produto, chegou antes do prazo",2016-10-20 00:00:00,2016-10-21 18:07:23
7d41f8269eb532a7f86290e33669b667,b174fa32929e4af3622213e835cfa84a,1,,faltando peça!,2017-01-19 00:00:00,2017-01-20 10:25:14
87159a093663b2a1bb847dbb84879c41,b19169c7cb8391fb8561e094d61c531a,5,,Excelente produto. Vendedor nota 1000,2016-10-29 00:00:00,2016-10-31 20:00:13
f24e1946d658c13928818f1a73b6d899,b19169c7cb8391fb8561e094d61c531a,5,,Excelente produto. Obrigada,2016-10-27 00:00:00,2016-10-28 12:21:53
335d5ecdd8c7cfc9f1aa14670861fabe,b1d88d1e4179448cac98b8d433e23316,5,,,2016-10-28 00:00:00,2016-10-31 11:32:57
a550516cf299801f549ba3d8a0c0aa07,b23dfa1c97d08f8d2017e85dbdc5b1aa,5,,,2017-02-18 00:00:00,2017-02-18 13:27:27
815e1b04599377590d462178d524b69a,b2f92b2f7047cd8b35580d629d7b3bfb,1,,"Comprei uma Escova na cor DOURADA e mandaram na cor rosa, e ainda colocaram a caixa da escova dentro de outra caixa da Marca Laka toda rasgada, um descaso com o consumidor.",2016-11-18 00:00:00,2016-11-28 12:30:30
560630b759bebc99ef9b0a77d15a5067,b330d4bdde86ff11a726ee57dd2a7d75,4,,"Entrega rápida, bem embalado,produto muito bom,só achei que fosse um pouquinho maior, mas é lindo mesmo assim",2016-10-18 00:00:00,2016-10-19 00:49:06
069a1e0d18e39510f3c357ae1952902c,b34d8ec665f905d3c7583b291f54b605,2,,produto entregue normalmente.,2017-02-08 00:00:00,2017-02-10 10:13:01
061b09e966783810ed1cece6c414c520,b379b3d63e1948d3692990c4e0a5adc8,5,,,2017-02-03 00:00:00,2017-02-04 03:14:23
7cc3d78254a965b81c30140b85649d66,b3a60e4531d82485b6ed7c49ba266c66,1,,Não atendeu ao prazo limite de entrega.,2017-03-19 00:00:00,2017-03-19 13:48:15
34bf3d03f9cbfadb1027ad3fa986931e,b3aa45b7ba0f950a1b163a9f85f613de,4,,,2016-10-20 00:00:00,2016-10-31 15:24:04
1403c8e7ac926ea549c7cc06788d4609,b42efbd88abf3882f91928b08cf74d6f,5,,,2017-02-02 00:00:00,2017-02-02 14:22:04
fae76806cdb052d20c72da714ae8d89c,b44d71edad65f41824d2e177470ef8f6,4,,"Muito satisfeito com a compra que fiz neste site, tudo ocorreu como combinado. Recomendo.",2016-10-26 00:00:00,2016-10-26 20:43:03
a2698b0a465207be657d2138d6755bd1,b4924647a0523d99010023d68b76c18d,4,,,2017-02-08 00:00:00,2017-02-09 14:55:11
85a3530979d9fadf46580b766612e815,b49998737b7359ebe1b64b0b7ffb20f6,4,,,2017-01-27 00:00:00,2017-01-28 19:15:41
a6bc8568a68bab4173726338c55e6134,b4a600b2f7cc0efe40a086465eca8799,5,,"Chegou antes do prazo, o produto está em perfeitas condições de uso",2017-02-09 00:00:00,2017-02-10 09:06:35
915385577eaf9b7f239992efcb1bdb62,b4d81b7ba0a5e97d9b77104dc0f3b82d,2,,"O processo ocorreu direito, mas durante todo o período da compra aparecia uma valor de frete promocional de 18,00 reais e quando eu fechei a compra o valor subiu para 56,00.",2017-02-08 00:00:00,2017-02-13 12:52:17
bac56acc30f6040aeeacaeb3cf2b90cb,b4e9e179195a7cee910bf458c5b6e01e,5,,,2017-02-09 00:00:00,2017-02-13 19:12:09
1d05fc92b63e46f67761f2a33053fb64,b533dea24ada4dc5c1a9041d25d7c812,5,,"Abriram, sumiram com a nota, mas não era droga! Veio em caixa de Maggi.",2016-10-29 00:00:00,2016-10-31 21:53:36
e3ed0be982ca28717f4d395f0f21ba46,b582532527260a8be949eac9f4d0ccff,5,,"Fiz uma compra tranquila, recebi emails sobre o andamento do produto, não houve nenhum atraso e meu produto chegou novinho embalado e bem antes do prazo.",2016-10-24 00:00:00,2016-10-24 15:24:44
6faba0c70369c63f6e99f49c836fe2c9,b5c037cf61074d84c0a994fa0d024064,1,,A loja emitiu a NF com os 2 produtos e tinha apenas 1 Item,2017-01-25 00:00:00,2017-01-25 22:19:43
a1eab70154ecd3ebaa71be1d799a1dce,b5d124183f47ec6adf54b1cfc3e445f8,4,,,2017-02-01 00:00:00,2017-02-01 18:37:03
36a611aa3d66a3bce49941a88c5bcce7,b5eeec1b045b05d3e3010ef57120a8dc,5,,,2017-02-04 00:00:00,2017-02-04 18:59:50
0ed1c37e14b02ac87a7b69d88eaeeeb8,b626a11507dbce56f74a5b1b1a6af615,5,,,2017-01-28 00:00:00,2017-01-31 01:55:20
8600c6c8b100296750e056f4d4f04f08,b6e5aa946acc4e29e7069510f28a0bce,5,,,2017-01-29 00:00:00,2017-01-29 23:23:17
948a6406a9e50a798f9e3c5b3dfced86,b6e5aa946acc4e29e7069510f28a0bce,5,,,2017-01-27 00:00:00,2017-01-27 23:51:32
a9815ff889a8e9c67023e892f642edf5,b7026ba7432929d99880463305b8ce98,1,,nunca fiz uma compra pra receber com tanta demora,2016-11-11 00:00:00,2016-11-14 18:00:30
2eb15e736be44a8a8cc65ef7fd2a545a,b782d486ebb05fdf0ba6ec05652f704f,5,,,2017-02-07 00:00:00,2017-02-10 02:19:47
f20b46557caa7ac2cfa0792fead88f9c,b79559dba6909e4d8ac0ddf501a99f14,4,,,2017-01-31 00:00:00,2017-02-02 18:27:24
5996f015679189ea4416c5c7b73f3e30,b7ae7c643ef9274727f48dcb0ba08593,1,,"o produto foi entregue,mas demorou muito.",2017-02-09 00:00:00,2017-02-09 22:52:00
0dabdb1d239298a24de152f6a55e73df,b8297ee8722ce94cc9a2e9263124cd36,5,,Fiquei muito satisfeita pq chegou bem antes do prazo final.,2017-01-31 00:00:00,2017-01-31 22:19:15
6f3ae5a43a1ce5f0c23a640be902525c,b866af202be0692766081310cd4085e1,4,,"A entrega foi rápida, porém a tampa de uma panela veio cortada. Preciso que façam a troca.",2017-02-04 00:00:00,2017-02-06 13:28:49
5d369f0070f24cb17ec69c8ae95b85c3,b88cd65e1d90bf6e185bf9b6f0b614cd,1,,Minha película de vidro veio quebrada e não veio junto com o celular. Tive que esperar muito tempo e não deu pra usar.,2016-10-25 00:00:00,2016-10-29 15:24:58
1a35992dca7b906158ea4b5cd05b9291,b8a4cbf978ddb7ef0264c480a122329f,5,,Chegou tudo certo e correto,2017-02-01 00:00:00,2017-02-01 19:08:13
53752edb26544dd41c1209f582c9c589,b8b9d7046c083150cb5360b83a8ebb51,5,,O pedido foi entregue antes do prazo pr0metido,2016-10-16 01:00:00,2016-10-16 15:45:11
8b8ca94a15db8a34b9c4365202ec39cb,b9581bf1b646f4fc021b131e1ca4d034,2,,o controle remoto nao funciona e ai.recomendo a loja se resolver meu problema ou o controle e so enganaçao mesmo.,2017-02-09 00:00:00,2017-02-09 20:06:34
4e9bc73d2795d85dc2e8b7dbb99e304c,b95a0a8bd30aece4e94e81f0591249d8,5,,"Adorei o produto, condiz com as imagens, a entrega foi no tempo recorde.",2017-01-18 00:00:00,2017-01-18 10:56:46
46907c9ba781125502596f09b62ff4dd,b95b454428554b28f33786b07e41edc4,4,,,2017-02-14 00:00:00,2017-02-15 04:09:24
89cd5131fdd598b29789a8a4ad616f7c,b96f5299909903eedc435d396f90f726,1,,,2017-03-09 00:00:00,2017-03-14 10:48:27
39cd1a5a64851d6e1623c3ec91ab5010,b9b51e569a2e79970555eb81107eb369,5,,Ótima loja realmente recomendo,2017-01-31 00:00:00,2017-02-01 17:41:18
2346404c6c66b261c9810b61a538d40e,ba3d713d46b9dadf35bf0ab911b06408,5,,,2017-01-25 00:00:00,2017-01-25 14:08:09
e2c2bc61644e6ae264ac70cba4e10af4,ba78eeba3ae33579487bedc08dce96be,4,,,2017-02-11 00:00:00,2017-02-14 06:19:03
38d10a77c07c6a77fb06074cbd136d90,bab0a62e41a5f0abc7f04989cdd7a6fd,5,,,2017-02-09 00:00:00,2017-02-09 12:16:12
70f8b6b6477918b33114f459a2ff0d69,bb0ef554fe35f069cb84d62115f885f0,4,,,2017-02-04 00:00:00,2017-02-04 13:01:56
0ad58cdf5054add1a5569e58ae1b2ceb,bb2dfe6031f35f7abc9a3c7dad5e4467,3,,Foi tudo no prazo. . Bem embalado e perfeito estado.,2017-01-31 00:00:00,2017-02-01 13:56:00
86dd2326ed7da613a99b98c5042fc1f3,bb448c2c512a6883aa2a26cb57b6cf4a,5,,Tá de parabéns essa loja. Entrega rápida e produto de qualidade.,2017-01-28 00:00:00,2017-01-29 05:02:41
ee2a725b65382d6ba40b74c2142dcc89,bb9fd560a08ca7403789dedaca85da14,5,,,2016-11-06 00:00:00,2016-11-06 19:50:04
d7d3f6d427e0119daf702bdd58d08a34,bbcec25aefec973dfa1b9499147fdf76,4,,,2017-01-28 00:00:00,2017-01-30 18:48:20
595211dfc3502997ba5ced9d81086ec6,bbf0608a4772666602f2fe57fe81742e,5,,,2017-02-08 00:00:00,2017-02-10 17:24:39
419ad0bca36f52cf9b91262de3394564,bc0e0c28cbe995798d3afb7c7c75d269,5,,"Excelente compra, vendedor excelente, entrega dentro do prazo. Estou muito satisfeito e recomendo.",2016-10-18 00:00:00,2016-10-24 13:43:09
3d085e2e91bfea3927ef38697bb1346e,bc7bc14f585b1879f63e89cb0e4cfa17,5,,excelente,2017-02-04 00:00:00,2017-02-07 10:50:17
f5066e6591ef1f9af9cceed72822df72,bcb093f60b7e48f285bf92f681e65651,5,,,2017-01-27 00:00:00,2017-01-28 12:42:16
98de2ed46bf9a8835089f29126a41a13,bcbc0973414b1dd97555e6f8e9713cfa,5,,"Todo conforme o planejado, amei os produtos superou a minha expectativa!",2016-10-26 00:00:00,2016-10-27 15:58:28
7d0c00030d21d80d833d2325e4242ab3,bd2623f3663c5daa3f89e6b527fd49da,5,,,2017-01-31 00:00:00,2017-01-31 19:44:37
19bede7c5c1b2ef2b85f4ba698c1cf54,bd50a7fe9fd97ea4b7663031a319e150,5,,Recebi antes do prazo. Tudo chegou corretamente. Excelente lojista. Produto de qualidade.,2016-12-29 00:00:00,2016-12-30 11:52:57
6853217151251a79c09aa41d8e551ba8,bd726a1bcd046edd7019cee8a66245f7,5,,O produto foi entregue rápido do jeito que eu escolhi muito bom o site ,2016-10-21 00:00:00,2016-10-23 23:35:51
e57d3c1c75e45e647d736b2231df32cd,bda31774eda0320ee68c33da94027e4d,2,,"Entregaram somente a furadeira, está faltando a maleta como estava descrito na hora de compra. Fiquei muito chateado e fiz uma reclamação.",2017-02-07 00:00:00,2017-02-07 14:33:26
c38339c3ae50ee587659bc4f74daccd2,bdf4423bf60eac03b6786ebd0e507cc1,5,,,2017-02-16 00:00:00,2017-02-20 10:34:48
8a24b9108e492e22e16764ce68fe3111,be09f109e6aa72ccad1f72f521f8d525,5,,"Entrega muito rapida, muito antes do prazo",2017-02-16 00:00:00,2017-02-16 19:27:59
dc62f1e20d7f280e54066b6a92841086,be5bc2f0da14d8071e2d45451ad119d9,4,,Tudo certo...,2016-10-28 00:00:00,2016-10-29 11:29:53
3da1047b6fc7c0fa63ae23b1777488fd,bec25025b8d0b7db00c510720053761e,3,,"Chegou junto com o pedido principal, mesmo sendo de outra loja, porém o celular chegou com lacre da embalagem violado.",2017-01-31 00:00:00,2017-02-01 12:44:14
ce5e5725c5f923da4cf2f9c1948520a0,beeff7037aa708c19973290382629a4c,2,,,2017-02-22 00:00:00,2017-02-23 15:36:11
f23f447888d495a473a8e569ccd5b114,bf44408de1d05eef70fb026ba64a90ea,5,,,2017-01-13 00:00:00,2017-01-13 21:07:09
f6ace549c60a1ecd332148a3d4ec5bcd,bf4931e6025b2bdd77ffa4264659c9e6,5,,,2017-02-07 00:00:00,2017-02-10 14:06:44
25766dbcf21d72eaa9300e8d0d49cde8,bf88003f2580db7589007ec44bc85695,5,,,2017-02-07 00:00:00,2017-02-10 11:07:12
87ebe5b0be5cfeda54e9e1964733da1d,bf9d705db9fe15b5bd6a0a35c3e3365f,5,,,2017-01-22 00:00:00,2017-01-23 13:40:01
d2c192300177f09e9a6d79e78304110e,bfa74f7450cf978b57226b70a6a8936f,5,,,2017-02-06 00:00:00,2017-02-06 09:07:23
6916ca4502d6d3bfd39818759d55d536,bfbd0f9bdef84302105ad712db648a6c,1,,nao recebi o produto e nem resposta da empresa,2016-10-06 00:00:00,2016-10-07 18:32:28
239eea8a701c766755ac2de31b0da54c,bfbf87cc2829df6adac299ab0cc012bc,4,,,2017-02-07 00:00:00,2017-02-10 10:40:43
6a91e35dd43fa13587108e698937cef8,bfd31c6f76ff82a41e7beb05565aec4d,1,,"Não sei quem foi a responsável pelo transtorno, mas mendiguei atenção sobre esse pedido. Tentei cancelá-lo inúmeras vezes. Espero a fatura do mês que vem para saber se realmente o cancelaram.",2016-12-16 00:00:00,2016-12-18 07:41:22
eb922ebe9fc4f89799921c50a438bdc0,c004caad90ab5b86dcc0e253eee4491b,5,,Gostei muito do serviço prestado... recomendo,2017-02-14 00:00:00,2017-02-15 11:54:58
16fb8d46e948a7cfe0e47aa500fd84f2,c022b7da8ab7a4a04bd561c8f765a14a,5,,,2017-01-26 00:00:00,2017-01-27 00:13:31
083a2f691ff078f383753c0875899281,c0c48daac5ca760ce57d4e500886dc56,4,,,2017-01-28 00:00:00,2017-01-31 05:11:49
5a5721c8993fa56ed7a1f13347b617c0,c13e334a4d2b0b11e6422e69d009de0c,5,,,2017-02-19 00:00:00,2017-02-20 09:39:10
7078799822a6ebed2d48773d567c4235,c13f61a17915a48e0741b02a6b7a3fe8,1,,"Entregador dos Correios foi grosseiro, ficou berrando na porta de casa, me disse pessoalmente q não estava nem aí pq ele era concursado e, por fim, o produto chegou detonado. Nunca mais compro targaryen.",2017-02-03 00:00:00,2017-02-05 23:18:20
a8353da830468c234d99152e0b714fed,c1d4211b3dae76144deccd6c74144a88,4,,Bom custo x benefício pra proteger o crânio da criançada,2017-02-01 00:00:00,2017-02-03 11:18:15
301d75e89a62f8fa780c681768dd455f,c37d452db8a3abfa3d99c322e92ef0ef,5,,,2017-02-04 00:00:00,2017-02-06 14:11:29
57ca18bcc163df65294f77b57658537d,c383ab7c64e3ee1503e3574b22e37dab,4,,Site super confiável.,2017-02-21 00:00:00,2017-02-22 22:09:42
af73e2ba5098ca6c02e8079aa82bfa78,c3ad507aba1f6b47354085e7e6bed0cf,2,,Pedi uma colcha 100% algodão e veio 100% poliester.,2017-02-14 00:00:00,2017-02-15 16:47:38
ffcf259643ebd47312c8a774e3392aec,c3d9e402b6a0fbe2a5f7fc5b41117c38,5,,,2016-11-08 00:00:00,2016-11-09 14:05:17
33a409ef2044ad96ef5db741b7419a4a,c45c354aed442407610326035c6c44d6,5,,,2017-02-14 00:00:00,2017-02-16 22:33:28
f194b2728d6af8f3b563d075b8b7b9dd,c4669e882068cc0ade2697ed2169326e,1,,Ainda nao recebi,2017-02-09 00:00:00,2017-02-11 14:42:31
eda1c642a265c4fc22d278ebcf26140e,c46b48abd599551232324a6e9077bf19,5,,Produto entregue antes do prazo. ..,2016-10-22 00:00:00,2016-10-22 20:08:16
6808a89093907ba64d560347e1bf94cc,c4b41c36dd589e901f6879f25a74ec1d,5,,,2016-11-10 00:00:00,2016-11-12 23:49:36
d10c67a24f4506d9aed50cb4cf9d7953,c4e980a1d822db426982878b3cfdda6e,1,,"Jamais imaginei ter que esperar mais de 60 dias por um produto, pagar por esse produto é o mesmo não chegar.",2016-12-14 00:00:00,2016-12-14 10:19:23
87159a093663b2a1bb847dbb84879c41,c4f710df20f7d1500da1aef81a993f65,5,,Excelente produto. Vendedor nota 1000,2016-10-29 00:00:00,2016-10-31 20:00:13
f24e1946d658c13928818f1a73b6d899,c4f710df20f7d1500da1aef81a993f65,5,,Excelente produto. Obrigada,2016-10-27 00:00:00,2016-10-28 12:21:53
6b2bee3c8b5eab994014e56b2601a3a6,c504b1d68ad8d98a627dadca7ca53673,4,,obrigada,2017-02-02 00:00:00,2017-02-03 11:15:33
7a8c9a1c9b72d8109f35dacbea4cb225,c52edad050bea3d2f56fbc6be373c44f,5,,"Recomendo o site, bem como o produto. Chegou antes do prazo previsto e muito bem embalado.",2017-02-15 00:00:00,2017-02-16 15:14:18
179eb58d89cacb452762401af33c7a42,c549f0d88f33bfe43351b893f1fb55ac,1,,Depois de mais de 30 dias da compra efetuada recebo um e-mail informando que o produto que comprei não estava mais disponível. Simplesmente um descaso com o consumidor e um atendimento lamentável.,2016-11-18 00:00:00,2016-11-22 10:04:59
9dc50077272395ec4c7dcf0ff89be4fa,c5a468ae781ffb0ec6d36ae89fe512b0,5,,Super Recomendo..Um encanto :-),2017-01-21 00:00:00,2017-01-23 09:57:30
bbcb79c4f684edfe7fb963583d9e3ca7,c5b1a5d21958f98a0c66114d622bc0ed,5,,,2017-02-03 00:00:00,2017-02-05 01:08:10
cda941ffda272c247bdb2247d5f56c7c,c5e86e382215a14b35e8a51f1110f39d,3,,Meu filho gostou bastante era o que ele queria,2017-02-04 00:00:00,2017-02-07 00:51:32
9f2d41929815ed9877f3da6897fd1bfa,c6be81e3c1e9e15e5893e19d7ce49647,1,,"Primeiro me ligaram que não tinha a cor que escolhi no site. Posteriormente, recebo um mouse com fio (sendo que comprei sem fio) e não é um mouse gamer (conforme consta no anúncio). Péssimo produto.",2017-02-03 00:00:00,2017-02-04 11:15:15
fa1475b7a08503ff28c0484c61ce0bb4,c6eb5dced200e49271f44b142658b6bb,5,,,2017-02-09 00:00:00,2017-02-10 00:12:07
51dfec2468b97c6b91fc5e871bd88e9f,c78634fb21ecbb54b2b2498a660082ac,5,,,2016-10-27 00:00:00,2016-10-28 18:04:55
82a9742acefb78082b8403b58eaae93c,c7da1b57f7d2251252370bc7d94168fe,5,,,2017-02-10 00:00:00,2017-02-13 10:27:09
a0c63ab67e501925657f5260f094fc70,c818ed0d99c7998f73659bd934936177,5,,Muito bom,2017-02-14 00:00:00,2017-02-15 02:47:15
8f757e6ba841f6c409a4d968a9b29a74,c8258090bca7cc6a62c1e15d7fd995d4,5,,,2016-11-09 00:00:00,2016-11-15 23:42:46
c3682d2306d35a08c131aa228bb3ef2e,c870c1f3a9ba62194d1060c0accb18dd,4,,,2017-02-02 00:00:00,2017-02-04 08:19:08
44cff23dc6c95bcfa3e8d23c0ef07c95,c870ef6a8e1d8eec841d79b42a6a20e4,3,,Produto vazando.,2017-02-01 00:00:00,2017-02-01 02:08:29
ff8944a526d085af291bd55e86aabfb9,c8aea852a760205e92591d5053231e07,3,,,2017-02-10 00:00:00,2017-02-12 23:15:41
5fc1aa72af605f201858c768316cb01f,c8ea1ac95f4f994f94fb57e99dcca985,5,,"Amei o produto, material bom. Ótimo vendedor, atencioso e esclarecido. Recomendo com certeza!",2017-01-28 00:00:00,2017-01-30 22:40:28
a6429b2898b165b81727dcbbb97c1f37,c96209cd1d43d071d3bdf48d299b7aa5,5,,O produto era de ótima qualidade e a entrega foi super rápida.,2017-01-17 00:00:00,2017-01-20 13:43:14
e2fd85e5df711bd91e6e96e13c741843,c9645496b715730a1a5d07eb97a6bf6b,5,,Produto de qualidade excelente,2017-01-31 00:00:00,2017-02-01 16:56:49
0ebfe8313806bd1ea58091e73fbc3e3a,c96867b4091191ba74279fc255656525,5,,Recomendo a loja e o produto,2017-01-21 00:00:00,2017-01-22 05:51:16
ffb4dabe331c9305796df591c5c3d04c,c98b0fbac2717f072d5089e8af088304,5,,"Já sou cliente do stark há vários anos e, por esta razão, tenho o cartão stark e sou atendida com presteza e correção, inclusive no cuidado com a embalagem. Super recomendo.",2016-12-02 00:00:00,2016-12-02 09:45:29
8cc8ab89092a5907d2ce5250c63d3437,ca3b8093576a51bea61c9782c7771f62,3,,"Demorou para chegar mas, veio em ordem. Recomendo o vendedor mas , não tem pressa em receber.",2016-10-27 00:00:00,2016-10-31 19:24:28
02de1b32a4cf06fe9fc0dca6c49fbfcc,ca5a215980675471f0cf8199c041909a,5,,Recomendo a loja! Produto entregue dentro do prazo e de ótima qualidade. Exatamente como esperava.,2017-01-18 00:00:00,2017-01-18 11:56:57
6e8c6d988f06f7fde8005864914c4499,cac247cece621e1bc64748d44331d22d,5,,EXCELENTE EM TUDO. PARABÉNS! O PRODUTO FOI ENTREGUE ANTES DO PRAZO E DE CONFORMIDADE COM O PEDIDO.,2016-11-05 00:00:00,2016-11-07 11:50:28
9cdeb85ff80aeed9c649875068308de5,cb27e0d6c6f92df591073fb6ad5ef7f0,4,,,2017-02-01 00:00:00,2017-02-04 00:58:46
35166e4e735bdbc0d586522eaadbf563,cb29497c3782a76b57327c055d58b0e0,1,,,2016-10-30 00:00:00,2016-11-01 20:14:18
3dfd7987a8ae6f4106543b474587034c,cb2b577a4ebd84bf84ff3990084d490f,4,,,2016-11-01 00:00:00,2016-11-02 23:08:57
b4f7dbd5cf374ed25494424fc4ef12b5,cb4980b31efc7af3ee819aa60582c31b,5,,,2017-01-26 00:00:00,2017-01-26 19:18:07
590e7846651e807cd0081b679663d2fc,cb71bbdb68e876878e7c73346725a901,5,,,2017-02-16 00:00:00,2017-02-18 17:20:47
6f97d8b5afaf78f8658cfc0634840b40,cbbb524a0e1646aa6cf7a3c0bbe517ad,1,,"produto entregue diferente do que foi comprado,não recomendo o vendedor.",2016-10-21 00:00:00,2016-10-22 10:10:28
4209998d0eef8449199ffcecb705e14b,cce1b8a1c5f8b1d224e19628299c8f54,5,,,2017-01-18 00:00:00,2017-01-23 14:15:42
8e86ab7cbf5267022f7a79c7d8f829fe,cd068e0974cffc5007e3b5dcb416da26,5,,,2017-01-31 00:00:00,2017-02-01 00:27:10
cd7bf546cf9c0b1eba72f0b043a623ea,cd3ad05bdb70488e29c3afb5641cc178,5,,Atendimento excelente.,2017-02-04 00:00:00,2017-02-06 12:15:32
212e6ab2b4801ca707b950aa0207ff8a,cd3b8574c82b42fc8129f6d502690c3e,5,,,2016-10-19 00:00:00,2016-10-22 00:23:57
143c167862a04420e64b957f1f5bbac8,cd63595a31d3717ff7ea9a0b041104a9,4,,"Nâo recebi meu produto até o momento, porém, fui informado de todos os detalhes do motivo.",2017-03-04 00:00:00,2017-03-10 11:35:16
fe3ed8f254ea9a65667c8351ac4fdb81,cd6f777c4734b77c8f01725d6a3500c0,5,,10 Estrelas,2017-01-28 00:00:00,2017-01-31 11:26:40
3058caa14cbdac741c17eb300fdb96e1,ce500b2ca0d960f937fb4d24282d3291,1,,Preciso de informaçãoes sobre o pedido que não chegou ainda,2017-02-16 00:00:00,2017-02-16 16:42:35
4d64cf40c8e65b3e4ebfa2f76c32326e,ce678bd6591f2487c9b4f5af45b4619f,3,,Realizei outras compras pela internet em datas posteriores a esta compra e já recebi os produtos. logística deixa a desejar.,2017-01-24 00:00:00,2017-01-26 10:45:38
6fb5f5135c0519a45eb83e0a9127db99,ce86fa5a5108884726a2244bcae51ae6,5,,"Comprei e chegou antes do prazo, tudo perfeito. adorei!",2017-01-17 00:00:00,2017-01-17 12:42:21
3da21443e782f216e4ec61b84c8f5b69,ce9840efc17fbec501472f7c784be1bf,4,,,2016-10-25 00:00:00,2017-01-08 03:25:35
9e25e81049d81e8eb177f45a311636f6,ceb2344189044ab3b6fa590520a71881,3,,O tempo de entrega poderia ser mais curto.,2017-02-14 00:00:00,2017-02-14 23:46:43
84735efbd0c461e91fc4104413db4904,cedfe51bd6a794860c83382885f2328c,5,,Sempre compro nesta loja ...entrega rápida só o frete que está caro....antes era melhor,2017-02-10 00:00:00,2017-02-10 22:21:53
cf5b0d8dcdce9652cbeec203d09e1c0d,cee2ddf4087d91aaf4874fc1436f9901,5,,,2017-02-04 00:00:00,2017-02-12 02:03:04
7386b68489e00081752ae75cf5007c48,cf47ad2fb60cae3f74b943646f685c94,5,,"Totalmente responsáveis, produto entregue, informação dada ao cliente, preocupação com o cliente. Recomendo.",2016-10-25 00:00:00,2016-10-28 08:46:42
93f45bc3677448080001e4fe1a46dec2,cfba3ca25a049f8bdf836baa3b8be493,5,,,2017-02-01 00:00:00,2017-02-01 10:43:29
13eff5faa3978a8ce971ae19a9747862,cfdc6f2061897ed3b3f1a9ac3437c6f9,3,,"Preço muito bom, porém o prazo de entrega é muito extenso.",2016-11-30 00:00:00,2016-12-02 12:19:04
f858ee18beb8660a491d9a9e23442448,d006112ce36cbbb57fec00ebce1de147,1,,,2017-03-08 00:00:00,2017-03-09 10:45:08
13481e6069e7b8d09f46763ee9b3ecb3,d01c0baa4630bdd8a5d0266931837209,1,,Fiz a compra de 2produtos sendo um o sanitário ecopatio entregue no dia 04/02/17 podem o segundo produto que é o bebedouro não foi entregue como ficará está falta aguardo retorno !!,2017-02-05 00:00:00,2017-02-05 23:39:55
94cd1042a721bd3cd16a0e2379c5a95f,d01f0aba52a4d7b2cca8d7623538a434,4,,muito bom gostei,2016-11-11 00:00:00,2016-11-11 23:15:08
340b6614d5bdc518ed8f5dc5e97b7289,d0a4948ce19a51837d5e24c26ab83d76,5,,Boa cortina,2017-02-01 00:00:00,2017-02-01 18:21:15
8f051411ebe431a0ef4bce88e0c74c08,d0fc18b01244d3a08b0fd12deede8201,4,,,2016-11-01 00:00:00,2017-01-17 09:06:37
a7b72ef0a5d669cbf55197d351719c51,d12824c34f6e0552f57e8d8821242084,5,,,2017-02-02 00:00:00,2017-02-03 09:57:11
9eb4d4e722bdc4f8456f22284a488d1f,d1b32a0715fa2abd2ff4f3ec5e751964,2,,"RECOMENDO O PRODUTO, MAS TENHO UMA RECLAMAÇÃO A FAZER REFENTE A LOJA QUE ME ENVIOU OS PRODUTOS, POIS ME MANDARAM O SHAMPOO E AS AMPOLAS COM DATA DE VENCIMENTO MUITO PRÓXIMA, VENCENDO JÁ EM 10/2017.",2017-02-07 00:00:00,2017-02-10 20:59:19
5c0e0341b2115336ec6b975f5c8abfe8,d1eb8e4e276a4eea13a5c462c0765e60,5,,Recomendo,2016-10-20 00:00:00,2016-10-21 01:13:00
444d04d7ca0131b3b40619f81d0facd5,d207cc272675637bfed0062edffd0818,1,,"Boa tarde o produto veio correto, porem a entrega é pessima precisei buscar em outra cidade. Acho absurdo se comprei pele internet e paguei o frete nao entendi porque nao entregar em minha residencia",2016-11-01 00:00:00,2016-11-02 16:52:00
693f18ad0dec798d100e7c56df7e991d,d2266b035a47467c40d174c6f55cf4dd,3,,,2016-10-25 00:00:00,2016-11-12 21:48:48
aa92c88736dc78513691bd54f4194728,d2292ff2201e74c5db154d1b7ae68cbb,5,,Gostei muito do produto ..de boa qualidade eu recomendo. .muito obrigada ao fornecedor e o aniversário shoptaime. .,2016-11-04 00:00:00,2016-11-07 22:10:45
1b5ff500ef25043744753d7916419c64,d263c89354a73314488491185858af42,5,,"Produto muito, só um contra versia que o aparelho é muito pequeno mas de resto ele é muito bom",2016-10-20 00:00:00,2016-10-20 21:33:16
e02bff6f1a322faaf040a54b31c63358,d2945e686c883978378a10e49be7fb24,5,,,2016-10-19 00:00:00,2016-10-22 00:25:28
65128c95d2309170ba0cba5492047e06,d2d67121a09535b3a7b6a000e58d8625,3,,Achei um pouco demorado a entrega,2016-10-25 00:00:00,2016-11-12 21:28:56
9605093c39b470d71ae1ae25076b9cd5,d2e9aead95751dd6bd0ce80e7d506c53,5,,"Produto entregue antes do prazo estipulado, em perfeitas condições. Recomendo. Satisfeito. P.S. Preço bom, também.",2017-01-28 00:00:00,2017-01-28 23:04:01
31dfcf227b041e35a2c80101f1096c9e,d322025aff44e8bead04f4e81023ede8,5,,,2017-01-27 00:00:00,2017-01-30 02:54:57
1e5b311dda92a3cdfaf37927b78295f8,d34e369fbc5cb753012079961b615121,4,,,2017-02-04 00:00:00,2017-02-06 10:10:01
01217c69b27054a1cf6c82c41e7703af,d3a3e3dd365abc6013aa6321b0c12c79,1,,"Bom dia! O produto chegou dentro do prazo de entrega, porém chegou quebrado, estou tentando falar na loja, mas ninguém resolve.",2017-02-09 00:00:00,2017-02-10 10:04:33
51df8a28fbbd51be23f247130f4ed1a5,d3a49dd2f9c21558b7a82c8f076f6c1d,1,,"Perguntei se era entregue pelos correios ou transportadora, disseram que era transportadora por isso comprei. Porém não foi, tive que ir buscar em um correio super longe da minha residência.",2017-02-24 00:00:00,2017-02-26 10:34:48
da520c13fbd4886bc0c1207df180106c,d3a84031db6c5de813d5a3a3489712ca,5,,,2016-10-18 00:00:00,2016-10-19 21:21:25
6e97423635790db1bf4d3f2311d0ec59,d3aa5667ad65af7fa58a5481d0aff07a,1,,Não recebi meu produto ainda,2017-03-10 00:00:00,2017-03-17 20:44:16
160850927a5f16f903dc83a05e0a5826,d3c8851a6651eeff2f73b0e011ac45d0,1,,,2016-12-11 00:00:00,2016-12-13 10:17:32
19d4d3598ce092f36a955b72a90597d1,d3f7c0e804b501782903f7af749eb797,5,,,2016-10-19 00:00:00,2016-10-20 17:09:08
2281591899d4947e8d37d9e2997ad4e3,d4421539677ce8da70f3abf867adf15c,5,,,2017-01-29 00:00:00,2017-01-30 15:07:04
6e1b345432be1258a2bdaa0a2b95b896,d469b51abffc6d74299c8a0a56db5314,5,,,2017-02-08 00:00:00,2017-02-11 17:13:13
a1a692f23e2db235790c99b28ac26fd8,d568f094af70874d55d22a89e093fe18,1,,"O produto foi entregue, porém veio faltando os acessórios dois fones de ouvidos com fio e dois suportes de ouvidos",2017-02-03 00:00:00,2017-02-06 14:38:24
91662fa21e1a782e29687b274facafac,d5d777fdf41da773664443c2fd9acc23,5,,,2017-02-07 00:00:00,2017-02-10 11:50:58
b9ee533406179adbe0fc449bd9a9ef20,d62c14881563a74903e7d10f685406aa,4,,,2017-01-31 00:00:00,2017-02-03 10:40:32
ddde20466811fa935b4f496d1f5a2453,d64aa68e4a96734f280b7ddf0852d511,5,,,2017-01-18 00:00:00,2017-04-14 01:57:38
b4f2d709b05fca861b166882414fab18,d6d06ebdeab0297fe7460931b29b4422,5,,Produto chegou certinho e antes do prazo.,2017-02-09 00:00:00,2017-02-11 22:10:38
d3864eb9b3ade6685b99daaa0d316932,d6d7c431275f0029dcc3538850930046,4,,,2017-02-02 00:00:00,2017-02-03 04:48:09
6ae2f4403d64910933b2fae18430a35f,d6e32818428593eefe8ffd7e15acb83e,4,,"A loja fez a sua parte qto ao prazo de entrega e entrega do produto, so acho q deveria avaliar a eficácia do produto antes de por a venda ...NÃO RECOMENDO O PRODUTO, não realiza o q é proposto.",2016-10-26 00:00:00,2016-10-27 18:44:02
78213e20266f2b3d9abe77ca81665617,d6f83d3377bbf1697831ea355301fb87,5,,,2017-02-15 00:00:00,2017-02-17 19:02:23
b8b1e3d3475e57893affe9798daad68d,d743f434cc2921729af830ce00d474b3,3,,É bem bonita e bem acabada mais pena q veio a almofadinha d uma cor e a casinha de outra 😢 Por esse motivo nao vou enche de estrelas 😭,2016-10-25 00:00:00,2016-10-28 00:50:19
ca9f56b7298eb6b17e4ba2150a88df4d,d809ddde66fee6223df16b11231491f9,1,,"PRODUTO NAO ENTREGUE, COMPREI DOIS E VEIO SOMENTE UM.",2017-01-26 00:00:00,2017-01-26 22:21:28
58fd5e8968a445280ff157b85f694d44,d81dff089ae648dacea746f77643f86e,5,,,2017-02-02 00:00:00,2017-02-02 18:30:05
24f29af7e0160915b63db804ec27d87b,d82cef48824870df9946d57e827ed727,5,,"Vendedor muito bom, chegou bem antes do prazo, produto de boa qualidade e super bem embalado, adorei! ",2017-01-17 00:00:00,2017-01-17 12:46:57
d6de9b9a11c919860b73e5b421d1ec46,d868cf92a5a1305fc7277c60062e81ac,4,,Recebi o produto na data programada. É fácil de montar e muito prático para pendurar roupas e sapatos. Só que aguenta uma quantidade pequena de roupas.,2016-10-26 00:00:00,2016-10-28 21:42:42
b05a52a4185173fc1b05d93448943c6e,d8a40a1358d3b2dca231abdaa566b054,3,,,2017-03-18 00:00:00,2017-03-18 09:31:59
c8ba82d64270c29e7ec60b754a72e439,d8d04eeca6703f5545f4c25b8ace1ee9,5,,,2017-02-01 00:00:00,2017-02-02 09:26:21
c40b886753f7498a20ada0b6e9a3985f,d9a08faa201940dd3302f06944b5c739,4,,"Produto veio ok, mas na descrição diz vir fonte e não vem. Só não funcionou o ps3, não sei se a fonte faz a diferença para isso, mas o resto, PC, Xbox, blu-ray funcionaram normalmente, então esta ok.",2017-02-01 00:00:00,2017-02-03 22:25:18
ed5c454256c5082cc493e327c9d6dacc,da0571dd2e59b32cca46279a02bfb40e,5,,,2017-01-25 00:00:00,2017-01-26 21:42:05
28112c56c882286e0b235173e84c5370,dabf2b0e35b423f94618bf965fcb7514,5,,Compraria novamente pq cumprem com o prazo de entrega e os produtos vem super embalados,2016-10-19 00:00:00,2016-10-19 20:43:13
005a68c1e45d2ef683bbdc7354c9d3d8,db0b12b763f716df3f27218724161479,1,,"Comprei 2 mini bike e só recebi uma, aguardo retorno.",2017-01-26 00:00:00,2017-01-29 13:30:24
3785f7620dedcdd534e1bbbfcb263e58,db4d2ecc1c1a157d6250c84dd86eb838,5,,,2017-01-28 00:00:00,2017-01-29 04:52:46
860417673b5b42c224c2176abc9256d9,db7576b1fe440f4c0a808855aacf0948,5,,"Entrega rapida, produto com qualidade e otimo preço.",2017-01-17 00:00:00,2017-01-18 12:05:16
a70028371b5e9cb97f3c5405f73c577b,db7d019ce87ceb1539bd37353ab408ba,5,,,2017-02-08 00:00:00,2017-02-14 11:13:04
8d69964ee5a55afe3156d8f178a46dd2,dba1b6fd34a7fd5961e829fa902ca702,5,,,2017-02-03 00:00:00,2017-02-03 23:42:45
0e78e53b34bbdb054bc13e8c1a4bfc77,dbbbc904081f8e928028432e2e3d7686,1,,"Comprei o produto e depois de 45 dias, a loja americana enviou e-mail dizendo: Devido a uma divergência no sistema de controle de estoque do parceiro , não será possível efetuar a entrega do produto",2016-12-16 00:00:00,2016-12-16 10:41:22
07988533c380bcc8dc8f990a4ac814b2,dbd4885aa71d304f95eb40c67bfbec35,5,,,2017-02-09 00:00:00,2017-02-12 14:29:43
26cd23041b56b17585d0e6c720443693,dc18a044b56ed174037ca164cdf2e921,1,,"Eu comprei o produto no mês de Outubro com a intenção de deixa lo instalado antes de eu viajar. Já viagei, retornei e até hoje não recebi o produto.",2016-12-01 00:00:00,2016-12-01 10:39:57
a71338154c9d26f71af841e078abcee1,dc5f6cd4492bbffe5bcda9b87856c9a5,4,,,2016-10-28 00:00:00,2017-01-08 15:09:32
3fedda7e6030edecbeeeebdaa5ff3ccc,dc91dbf7defabdf37c52672a989bad1b,4,,"a cama iglu é otima, minha cachorra adorou, ela é macia e confortavel",2016-10-27 00:00:00,2016-10-28 10:22:29
769db2600a5e4ebcd21cd9a76210e6da,dceb6ab566e0d15ffaba53ef637afa3c,5,,Só não tinha o produto que eu queria mas recebi meu dinheiro de volta. ,2017-02-23 00:00:00,2017-02-25 09:43:47
843acce35ffed0c646c20d64550db7ab,dd11631d8b02780b78bd97ec44a1ca8c,5,,Super recomendo; entregraram no tempo certo !,2016-11-05 00:00:00,2016-11-07 11:32:49
e1bc9e2f33c3fa1cb40845c285f0c02b,dd359d3c294458c6d642b2eea9212bf5,2,,"Já comprei várias vezes no site ""lannister"";mas desta última vez,fiz uma compra de um TONER no 04.10.16 e só prometeram p/ 25.11.16 e ainda não recebi o produto.",2016-11-27 00:00:00,2016-11-29 14:19:59
3ba7ae5f7b59a0126aeced383ff2586a,dd480c63548e3c0b7219520e3784ebd2,1,,Câmera com defeito estou tentando entrar em contato para troca ou devolução não consigo .,2017-02-09 00:00:00,2017-02-13 16:12:45
0a55a99c93ca3fa4119c5fed56081806,dd845e1cdb19f08d029a727adc9a5a77,1,,Ainda nao recebi o oculos,2016-12-08 00:00:00,2016-12-08 09:49:46
f837bc2ce327c43a4a00f1c8d44fb3fe,ddaec6fff982b13e7e048b627a11d6da,1,,"Nunca chegou o produto, deram uma excusa e trocaram o valor porcum vale.",2016-11-20 00:00:00,2016-11-20 12:49:39
41cfb3737b4d3a3790f4f56f95dd6cc4,de05dd73ee1b5a964eaa56f814c49851,5,,,2017-01-27 00:00:00,2017-01-30 06:57:57
ffe4b0eb9c831fb681f3606b8a2d4510,de1404a068c6c8c909897886a314bad7,5,,"Produto chegou bem embalado, e atendeu minhas expectativas. Super recomendo!! Parabéns Equipe baratheon.",2016-10-27 00:00:00,2016-10-30 00:27:55
2ed1494f9e91342a5db42dac68d47f97,de59016b99422f0bbd7e51a301bf2578,5,,Sempre que compro com vocês meus itens chega em perfeito estado.... ,2017-01-26 00:00:00,2017-01-27 18:00:49
73a800e5d1c124670b154a46582477c7,de8f4a82099fe4fa6bcb8952ca51420f,5,,amei super recomendo chega muito rapido e em ótimo estado amei,2016-12-16 00:00:00,2017-01-13 17:34:52
4f7aec562b99678b6acb3749805bf3e8,deb08269080b64b8e69bcd06b808889a,5,,Perfeita a entrega. Comprarei mais vezes.,2016-10-19 00:00:00,2016-10-19 19:35:47
4a4ee5e7df28899a96d9e971b0a48f7a,df1b378ac0b21d71ef1e642971d31530,3,,,2017-02-26 00:00:00,2017-02-26 12:56:17
2fbf193d1cc24a781b5775a10ceb6ccb,df30f88407baa98218b16abe7032899a,5,,,2016-10-21 00:00:00,2016-10-22 04:09:29
6689aabfeb781e9fc59aceb91b5de579,df410b19c3e348fb548ae68badd49827,3,,so demorou um pouco mais valeu,2017-01-25 00:00:00,2017-01-26 02:28:29
25eddf8dc03be2e15aec8ac8a32f1923,df537c849af44beef86a7ef7de12126a,1,,Essa capa não encaixa direito. Não consigo trocar.,2017-01-31 00:00:00,2017-02-01 01:04:39
44f3e54834d23c5570c1d010824d4d59,df56136b8031ecd28e200bb18e6ddb2e,5,,,2017-02-09 00:00:00,2017-02-09 09:07:28
72a1098d5b410ae50fbc0509d26daeb9,df56136b8031ecd28e200bb18e6ddb2e,5,,,2017-02-07 00:00:00,2017-02-10 10:46:09
c444278834184f72b1484dfe47de7f97,df56136b8031ecd28e200bb18e6ddb2e,5,,,2017-02-08 00:00:00,2017-02-14 13:58:48
84eb5394d1da80f48f553b5b49cdb096,df6e0cd0f23b4735b02cb6d9279bb310,5,,,2017-01-26 00:00:00,2017-01-26 23:54:47
7999fc29eeb737df6f0fbd69f0c98642,dfd954e67c5eeaa6432cdc40a6b66d73,5,,,2017-01-31 00:00:00,2017-02-03 09:13:08
4837ed6e891788ecb3511e6f97699fd6,e01e0edd184fa69973f66cfc1fde15b3,5,,"Produto conforme descrito, entregue no prazo.",2017-02-07 00:00:00,2017-02-09 22:31:42
7ae464061185ed6b318165f0d353d86c,e04d9eacedc0dca9d83c14fcb0d7276c,5,,,2017-02-09 00:00:00,2017-02-10 20:27:39
5a4f0fe15c7a914e40cabe9a06d81513,e04f1da1f48bf2bbffcf57b9824f76e1,1,,"Até agora não recebi o produto, e já foi descontado 2 prestações no meu cartão, estou esperando solução do stark para não tomar medidas mais drásticas.",2016-12-01 00:00:00,2016-12-03 11:24:52
b118cdef6c3c167e2c6b4db66a80c9f6,e068276f5e75a66212f75b84ebfeaccf,5,,,2017-01-26 00:00:00,2017-02-01 15:37:28
5ee6b039f72469780c9757fadf52f896,e08f76fed43c999d57979d1879871ce1,5,,,2017-02-10 00:00:00,2017-02-10 12:58:09
d058dca0fce39b0bf287bd8729f7c08c,e09dd765041e9934d762d51ccb26adee,1,,"a loja enviou outro produto no lugar, sem previa autorização",2017-01-31 00:00:00,2017-01-31 12:16:03
386e3d3663fb7743c23d1287c1aaec67,e1000df659259b29cb73a4798ccd7454,5,,,2017-02-10 00:00:00,2017-02-11 21:05:11
a0baa36a377fcbdfef035add348b602e,e19721a12bc1caeb2095db14d8d6fc4e,5,,,2017-02-15 00:00:00,2017-02-17 23:36:15
49180505e856dbdac671d368b5135201,e1fe072ef14b519af1f0a8ed997c1301,5,,"Loja recomendada, produto era como anunciado e a entrega foi bem rápida.",2017-01-13 00:00:00,2017-01-13 22:36:29
743d98b1a4782f0646898fc915ef002a,e2144124f98f3bf46939bc5183104041,4,,,2016-10-15 00:00:00,2016-10-16 03:20:17
31b17f5883fc417e29395c250b856a27,e224d9d6fa66b26b8b86e73d2852136c,2,,,2017-03-19 00:00:00,2017-03-21 09:49:54
31a0ede9ecca87acc4f020ef361bbb51,e2b56835030c81195a5f1d65a17a2c1f,4,,,2017-03-04 00:00:00,2017-03-09 18:55:39
e424567c193df873bda8a4bdfc2357f0,e2d092db21e901d04985350bf0e748ac,4,,,2017-01-28 00:00:00,2017-01-29 02:16:03
f96addf36d6a28a79c165d92ea17f361,e2ea01f68f92f0c55b08ca739af834b6,5,,,2016-10-28 00:00:00,2016-11-07 15:58:21
2c9eac63112b72ae2dd2102b056bf942,e2eaf909eb6ba881117aa407992a5ffb,1,,sem comentario,2016-11-15 00:00:00,2016-11-16 16:43:47
dad605a71e59cdef6fcecfc9bf514ca1,e38f9946fb20db4a597eed7547c59afc,3,,,2017-01-31 00:00:00,2017-02-01 12:04:36
442bf24c2203556c6570c6af40c38f15,e3e80c87ef38162cf2d0fb01c481f5df,5,,Muito obrigado por entregar meu produto nota 10,2017-02-11 00:00:00,2017-02-11 22:30:35
c89636f979b85970bdbcc6528bf82e7d,e3f7a673dd1981e0d7b330c8a7220220,5,,,2017-02-07 00:00:00,2017-02-08 20:49:58
ca776597ae37c14b9c81b69aa6b4977d,e40815dcb739e03cb2c06547ef7c3092,5,,,2017-02-12 00:00:00,2017-02-12 10:32:00
d6057688274ddb3b9f7d9fcf7ec9b286,e439ced3d48f1a77f6ecc029cc946a6f,3,,"produto artesanal, eu mesmo deveria ter feito. nao era o mesmo da foto no site",2016-10-26 00:00:00,2016-10-31 13:13:56
511d2c729235aec9b13c1b459427edde,e4774d4c3b28de27487f1caa9de5a6f5,5,,,2017-02-12 00:00:00,2017-02-14 20:22:27
66e993fb29cd3cd3914a7a2b9c366731,e4ccaabafa125b3b39a9331b0abced9d,5,,"Chegou bem antes do prazo, é o produto é de excelente qualidade!",2016-11-01 00:00:00,2016-11-03 20:19:42
a21f0586328bd19a0c01e2b22944c29a,e4f669bb9b79875231a2cf27ab8dd229,2,,Bom,2017-02-04 00:00:00,2017-02-09 12:43:05
49f695dffa457eaba90d388a5c37e942,e5215415bb6f76fe3b7cb68103a0d1c0,1,,"PRODUTO NÃO CHEGOU,E JÁ PASSOU O PRAZO DE ENTREGA",2016-10-09 00:00:00,2016-10-11 14:31:29
45725fd02407124db6d9061bbb419f46,e5ecfcbdbc07f8edf7ec0df1504a74a6,5,,Perfeito,2017-02-07 00:00:00,2017-03-03 15:03:53
a93139d9d1314158c080e3db7e79618b,e5fa5a7210941f7d56d0208e4e071d35,1,,"Comprei dois produtos desta loja parceira da lannister e nenhum foi entregue, ja faz Mais de dois meses e NEM Dao retorno ...",2016-10-29 00:00:00,2016-10-30 01:47:48
af73e2ba5098ca6c02e8079aa82bfa78,e660da13091dbe48784500c1c3e2fb75,2,,Pedi uma colcha 100% algodão e veio 100% poliester.,2017-02-14 00:00:00,2017-02-15 16:47:38
7fc9322b4aa0f81bbb91030fb2a81d03,e6ba7ef3fa398a176291132b06cd519e,5,,Produto entregue 1 dia após a emissão da nota fiscal.,2017-02-11 00:00:00,2017-02-14 10:39:13
d80e6132380b0b06c79fd7daa327012f,e6db6e9529fecbe14cd05dd349816656,4,,A entrega foi super rápida e o produto de ótima qualidade.,2017-01-14 00:00:00,2017-01-17 13:18:41
5ed946778dd90586a0097ad35d3a349b,e75011be2ec3dec23d2ed6757d35c792,5,,"Ótimo. Rápido demais, chega bem antes do prazo",2017-01-24 00:00:00,2017-01-25 17:00:35
3cbb8b594197dfc89e52ad1ca06e2c23,e7bbb39c507d08caa0aee263d3d6ca55,5,,,2017-01-27 00:00:00,2017-01-27 22:50:25
d552e263c8870c4730cbc6fd8873986b,e81600d4371046078150ab84d31175d3,4,,Muito bom,2017-03-02 00:00:00,2017-03-03 09:44:51
9e44facffa4133c681f86fae56a50a6a,e8d766b30a09fa62922aec00c6fecc85,1,,"Achei um absurdo a demora , sendo que o produto já foi pago e mesmo assim levar 1 mês para entrega . E até agora não recebi .",2017-03-09 00:00:00,2017-03-09 12:01:22
37e997267cf911f765204bbd5fa7aed3,e90f9a57c17a06b37c5830a2ab1bd209,5,,"Excelente, entrega dentro prazo.",2016-10-20 00:00:00,2016-10-21 10:44:44
91f30fe56a84d369d913e7bf6d1d85a5,e9555dc20eba7e4e62210df1f438ea00,1,,"Eu realizei a compra de 4 unidades e só chegaram 2 unidades na minha residência, porém, no meu cartão foi cobrado o valor referente as 4 unidades, ninguém resolve o problema. NÃO RECOMENDO! ",2016-10-27 00:00:00,2016-11-05 23:44:06
e22082f45ef8d3e09a4ab849b94c3b5f,e9beb67cf376905f8cd308ef0f02071d,5,,,2017-01-28 00:00:00,2017-01-29 04:00:44
9c3a29ac6f96fd1978cf55114344d488,e9cd104dfc8837e084c067292c013b0a,4,,,2017-02-03 00:00:00,2017-02-04 12:22:54
6c2cb2424637c7ed6cb8cfd30b5dc593,e9df4254faf2fe70bfbff4c0abe4fb7c,4,,,2017-02-08 00:00:00,2017-02-09 14:15:20
f460cb3a243456a2512832b4eb41b624,ea5f30a182b04fd1296273605983b9a4,1,,Comprei duas faixas e somente enviaram uma.,2017-02-03 00:00:00,2017-02-06 19:24:07
1f096111c0fd02263274a27e200baf6e,ea97616a19d3b2683ab949def1037708,5,,,2017-01-27 00:00:00,2017-01-29 18:28:50
e9fccb4e28738f14afccd362a434ac8f,eabfb81cf01d772d65405ff27c793ddb,5,,,2017-02-04 00:00:00,2017-02-06 20:56:14
a7c399522c1a67529ce44c70fc3c3804,eb17935134e6fdd210b40a3d4f8235b2,5,,,2017-02-05 00:00:00,2017-02-05 22:45:37
e146e108db2520d865889322dba96355,eb45ce36240dbf895bef98be0d1a85d3,1,,,2016-12-11 00:00:00,2016-12-12 17:10:54
dce56698f23bbd7bac679f9fac5b7625,eb87432d1b32d99db89d573d77767a01,5,,,2017-01-26 00:00:00,2017-01-26 23:40:16
76195d97e334d919f28c656d21ede3fe,eb9cf2c383ca81f5d9750cc9e75fef41,4,,,2017-02-02 00:00:00,2017-02-02 22:31:44
ca9853979ac3a2d2aee5dd9f8e570927,ec63c198f700051fb0a74c40a757af0e,1,,Outro produto foi entregue no lugar,2017-02-02 00:00:00,2017-02-02 14:24:56
5f45d6aa32336fa26cbc254721c81880,ec7a019261fce44180373d45b442d78f,5,,Adorei o produto! Super recomendo o lojista. Recebi muito antes prazo e tudo veio conforme o esperado. Realmente adorei e recomendo para todos no stark.,2017-01-12 00:00:00,2017-01-13 20:22:46
d45965fae57dea667e24fb16b45ba4d4,ecfdcaa1a2dacb4e5297d8251b115002,5,,,2017-01-28 00:00:00,2017-01-29 00:08:51
2828785626837da1776381ed8e1a234b,ecfec80cd0ce1a66543b6bd5e278a76b,5,,,2017-02-12 00:00:00,2017-02-14 10:14:41
6689aabfeb781e9fc59aceb91b5de579,ed2ea4498bcd56d90d461a23fa47ac56,3,,so demorou um pouco mais valeu,2017-01-25 00:00:00,2017-01-26 02:28:29
8e8cc3353ea9bd13e1450d8fa269d474,ed3d575bd3358123b063ee64cdecdef5,5,,Chego dentro do prazo tudo bem embalado,2016-10-18 00:00:00,2016-10-18 20:29:05
05a82ef7eec443d16dd35560ec541067,ed5c53daefe487fab95ccd2afaf61bb0,1,,Demora. Eu compro tudo pelo baratheon aí vem tudo separado no cartão. Pq as lojas são diferentes. Horrível,2017-01-27 00:00:00,2017-01-28 11:04:27
66cc728301f6c4b14f947d8549f3dbdc,ed6878f64d1bb00f07e210dfaaf9e4d3,5,,Excelente produto,2017-02-02 00:00:00,2017-02-03 13:16:07
3b850443ee703ff8381534dc0349847d,ed83f6065ae47112c8cfbd22e231b6d8,1,,Atendimento péssimo. Vendem um produto que não possuem. Jamais voltarei a comprar nesse site. Nenhuma estrela. Só foi uma porque fui obrigado a marcar para enviar a resposta. Zero p stark.,2016-12-02 00:00:00,2016-12-06 14:47:09
db848ccc3e7f893c8eb4a04a861a0ac4,ed8c7b1b3eb256c70ce0c74231e1da88,1,,o Escorredor nao e de INOX esta enferrujando,2016-11-19 00:00:00,2017-04-27 21:52:21
d1dde8e5d73506c5e7ad18f271237dc3,ed90ba41c41da31da8e891ff43a584d1,5,,,2016-12-01 00:00:00,2016-12-05 11:52:39
921049da2de940d19c9948ea7eee6155,edb2a55c055efbb898171ec9fd840ab9,1,,"Usei o secador uma vez só , na segunda o fio da tomada pegou fogo.",2016-11-30 00:00:00,2016-12-06 11:18:25
a36150969fe6bd09ed011dd78aeb0189,ef1b29b591d31d57c0d7337460dd83c9,1,,"Demora na entrega, detestei o atendimento e NUNCA mais compro. baratheon quando vendia por eles mesmos era bem melhor!",2016-11-02 00:00:00,2016-11-03 12:04:24
25687d21387f459c27caf0f0892c86be,ef445757c25db3525a25a2b9641ef288,5,,,2017-01-26 00:00:00,2017-01-27 09:40:10
4cf34dc829ec80f501a9d0ab4824c543,efc734aa0895a5973f3e783a742f1119,5,,,2017-02-14 00:00:00,2017-02-16 18:50:21
dbf347b3a608b8550ee645b0f4e4dda9,f001655c8c646cd1b5185bbc2e7534f3,5,,"super recomendo, sempre uso esse perfume e gosto bastante.",2016-10-27 00:00:00,2016-10-28 01:19:59
d80e530d6b215ee288bc467df2b5baf6,f04479bb4e07ce7b8ac1d2287b528541,2,,Recebi o produto com a cor errada. No anúncio dizia que a cortina era lilás com palha e veio lilás com branco.,2017-02-21 00:00:00,2017-02-23 12:09:10
369c19f8a738d263852a7b500bcfba59,f175d67589e059cbbda956f10f0702e6,5,,"Produto de boa qualidade, chegou antes do prazo, vendedor extremamente atencioso.",2017-01-18 00:00:00,2017-01-18 10:52:04
8ee14babdad4ad45c1188f8a93b58b14,f205336be829af209878b6339cf02c7e,5,,Chegou rápido e o produto é de boa qualidade. Recomendo.,2016-10-28 00:00:00,2016-10-29 00:09:15
1f6792ed4fd4dfd6c2e564dd1d1e6750,f2a5336cc1662ad56b16f4ed6e4b2de5,5,,Boa,2017-01-26 00:00:00,2017-01-26 23:14:30
524b32c45c6e03c198984e38522f559f,f2dd5f15184c73c0d45c02941c7c23d1,3,,,2017-01-14 00:00:00,2017-01-15 12:48:49
3795f2dcfd5602b3ecaf418962ed7d96,f30663edef2c5ccbd8ac1901275ecf64,5,,,2017-01-31 00:00:00,2017-02-03 11:57:20
47f27f4eb37f314733e7afb331692b95,f313be47c42e07616027ad6d6ac3034c,4,,Obrigada,2017-01-27 00:00:00,2017-01-28 02:05:05
0d10871e728d2c7034d8396a6fc65ed3,f31853a4f30d4851c847e4494663e749,2,,,2016-10-25 00:00:00,2016-10-26 11:34:06
643587b39d2f6054e9a5eced092eb89e,f38755557b9876c68991673e64852af8,4,,,2017-01-26 00:00:00,2017-01-27 09:12:09
47b82a0036dfbf0aeebab18e70ef8606,f3c95cc4d7074e5b709ac1a9c10dea1c,3,,,2017-01-31 00:00:00,2017-02-01 20:36:36
58530d17ffb83e5716e4d0a876d84244,f3f12fc90564a9b036680a887cd64668,3,,"Entrega muito demorada, apesar de não me atentar a isso quando fiz a compra, o prazo era de 30dias e mesmo assim ainda atrasou uma semana. A intenção era presentear minha filha no dia 12/10, não 01/11",2016-11-02 00:00:00,2016-11-05 02:33:46
f2216e721836279057e5819e6a489fc4,f400946403a78fdd034cf522d3f85512,5,,muito bom,2017-02-08 00:00:00,2017-02-14 23:22:33
e874a3e376bd5ddc89e40d553886c7d0,f4026d9ae34e982204b4f7b627939d32,5,,,2017-02-03 00:00:00,2017-02-03 09:38:07
002fbdbf4b1671be0127c601abb17f11,f53b39c6c91ce86717c15d8e4e5da0c2,5,,O produto chegou com bastante antescedencia e fiquei muito feliz por isso. Obrigada,2017-01-13 00:00:00,2017-01-14 11:20:25
f2e2ca88c78dfa03b5458de711b156b6,f5d54f3d6cc2c7125dc1de8888ce8975,5,,Recebi produto bem antes do prazo e em perfeito estado.,2017-01-31 00:00:00,2017-01-31 19:37:46
4b3eee59f0db0e4e86fe46150f536e15,f63be24880200ae32aa24f5b458a3dc3,2,,Estoque do parceiro zerado.,2017-03-18 00:00:00,2017-03-19 11:07:33
b8ee78b3ced2f119b89b611a0efdba7b,f688669f48063536e082bb32d634cd46,1,,"Meu pedido consta como entregue, mas na verdade não foi. E a loja não respondeu meu questionamento sobre a não entrega.",2016-10-22 00:00:00,2016-10-26 11:21:05
7b6cf1c09041a79e596a1f1793790c13,f69ae31bce06a78d626762b53067c7e0,1,,Gostaria de receber meu produto,2016-12-04 00:00:00,2016-12-06 16:45:35
7e48aa2d51b708a31ce5fbec896ff1c3,f6b63a36cd2dd4fd184e6da3f911a4de,4,,,2017-01-26 00:00:00,2017-01-27 13:42:10
4446f5d2181c7107b2386b9bce43be6a,f716dffba1232aaef7c899fb8c14db97,5,,,2016-10-19 00:00:00,2016-11-08 20:45:09
0aa8b628ffe8130e26b668f9f3a2f6ef,f7310018040436b01ab03f81b301b5de,1,,Realizei minha compra no dia 10/10 porém só chegou 1 produto sendo que paguei por 3 unidades MOP Spray. Estou muito insatisfeita inclusive com o atendimento.,2016-10-25 00:00:00,2016-10-31 16:21:14
8600c6c8b100296750e056f4d4f04f08,f77dc5ef53142abf2e1734622d81f664,5,,,2017-01-29 00:00:00,2017-01-29 23:23:17
f62a205db78c3eb12f2c94315e1a0dc6,f781dacd75aa73166785a35929546894,5,,otimo,2016-11-09 00:00:00,2016-11-10 15:57:56
71e7648c5decbc8e841f8dc2be52e8cf,f7886facb594e65f0c41cdbb0583b560,5,,,2016-10-21 00:00:00,2016-10-23 23:34:41
fc9d10eecf8ad945391cc37357ec0b26,f7a4be4d6edb66bd0e62e91e1bbc9061,3,,"Houve pequeno mal entendimento devido a cortina ser anunciada como 2,80 X 1,80 e na realidade são duas de 1,40 X 1,80... no mais, tudo ok...",2017-01-31 00:00:00,2017-02-01 11:15:28
ad6cf8eaea460341666797f3fea1773f,f7b9821d83a86f942cd40560f3c06622,1,,o produto chegou antes do prazo.porem chegou danificado(suas rodas de plásticos vieram quebradas).,2017-01-26 00:00:00,2017-01-26 16:58:19
62ef935f312e4aada46eb94cf5938275,f7d546d5833e27f1f2815dc05d94b4c0,4,,,2017-02-04 00:00:00,2017-02-05 13:00:42
b9869039a961040d56b1a87942bc896f,f8156c3c902b5ae88ac59a6c7b28f72a,3,,,2017-01-25 00:00:00,2017-01-25 22:14:36
40539aeb639ac485cafd6ae2c1fa8800,f85e82f7a3b6d26dc7d16b7c2c39b31a,5,,s,2017-02-09 00:00:00,2017-02-09 18:23:55
d522ce89534860fb92c10bf9f6aaaa99,f878206572adfa47110fed4947806589,5,,Muito bom a entrega foi muito antes do dia marcado.,2017-01-27 00:00:00,2017-01-27 20:05:22
604097d05c7b80206fc808f6781ebfc4,f883e09a1fb01318052c6ab839efb34a,1,,"Produto não foi fabricado com toda atenção que deveria ter,parte do couro esta menor que a placa causando perda de qualidade do produto.Deve ter mais atenção do fabricante para não ocorer mais erros.",2016-10-29 00:00:00,2016-10-30 01:35:29
1e6b3cd230a5a1bf664264e5271d8a40,f88aa9b677553d2e3f0e77b495066619,4,,,2017-02-09 00:00:00,2017-02-09 22:29:15
9d1eb9becd0831bc797562f303f2b477,f92641ff0446a0e1c57195ebfe76e16a,5,,"Amei o brinco, é lindo...",2017-01-18 00:00:00,2017-01-18 11:55:01
08686763f3e8333a98e3655edb013532,f9427374480e37251d5c279ebc41a3ab,2,,,2017-01-26 00:00:00,2017-01-27 09:12:05
b19afce57c3a86afbe3327b68de2a13f,f9b03f7a6e5788ffb6cb6b4cd0d01892,4,,Bom produto. Boa empresa: entregou no prazo combinado e sem problemas. Compraria novamente.,2016-11-17 00:00:00,2016-11-21 09:28:42
a5bb3aa21e746eb38caa0fb1f251f5d9,f9c44da06151c190a9a6c9c712873d10,5,,Ótimo produto,2016-10-19 00:00:00,2016-10-20 04:27:48
49f67ed306be8302c752fb841f0e8056,facac214a771c262175219d6c5a3a439,4,,,2017-01-31 00:00:00,2017-03-23 02:22:07
3ec60dec755e23c788b026be90faa337,fb5114c39f632a52598cf770c6076620,1,,Comprei uma capa para um tablet e a que foi entregue não foi a que escolhi no site da lannister. Não emitiram a nota fiscal do produto. Nunca mais compro nada desses parceiros da lannister.,2016-10-20 00:00:00,2016-10-20 22:37:13
ed5c79c4b34fc81698b8118b3d66edcc,fb975e889b11a08705d3b2734b626916,3,,"O produto maravilhoso, só não gostei da demora na entraga.",2017-02-21 00:00:00,2017-02-22 12:34:59
8775f243d6ef066004334ad8e8e26896,fbbc9a4fa88f1ccd651790df665b3e57,4,,É um pouco difícil de mexer pois é inglês o papel de explicação e não é original também demora muito esquentar,2016-10-29 00:00:00,2016-11-01 08:45:27
389c453b569a52990da32722f07c18d8,fbee80ef6891c144af8ff9dc788aaa89,1,,,2017-03-09 00:00:00,2017-03-13 11:54:52
2cf9e6725bd381e3f980474d6c797fe1,fc28aed78cb8bcd22a7dbd82cb778946,5,,"A UNICA RECLAMAÇÃO COM baratheon É DE QUE CADA PRODUTO É COBRADO FRETE INDIVIDUAL, COMPREI 4 PRODUTO NA MESMA COMPRA, PAGUEI 4 FRETE, ISSO NÃO É BOM.",2017-01-22 00:00:00,2017-01-24 19:36:06
75e30cfa65a59982289d30c125619c74,fc79bdcefc8fbd9f44f8cf9633793359,4,,"Entregaram dentro do prazo, mas meu protetor veio em parte descosturado, pena que veio com esse defeito de fabricação.",2017-02-04 00:00:00,2017-02-06 01:20:46
b78ffbba38f07d0efbb7f7647f3a7097,fcafab7fc942d51e9f45bfeeb5bb684d,1,,,2017-03-04 00:00:00,2017-03-06 15:47:26
4bab591ef7c7eb3a3a5bc866f214237f,fd4787fa8be4afcbd8ba795e775cab51,1,,o produto não foi entregue,2017-02-07 00:00:00,2017-02-10 11:47:48
4f0f66126c962e92d1e99fe5d84a772a,fd4b04818375a4ba579a80c8d37f1b24,5,,,2016-10-19 00:00:00,2016-10-19 23:30:43
9ca6ff986e87a2dbeb8f292f67048da5,fd930246eb1c751ee75add493e49ea34,5,,A entrega ocorreu normalmente. Recomendo.,2017-01-26 00:00:00,2017-01-31 00:59:39
8a2be1a0a6b43336c591d98cb6455b11,fdb3ef83ea6f7bef7d13bdd9b38da661,3,,Td corrreto,2017-01-27 00:00:00,2017-01-28 05:26:34
372fb1411a35554234363e58dc883c14,fe2ac30768e07e362b649951cc625144,4,,,2017-01-27 00:00:00,2017-01-28 00:24:19
ff55fd814d383dc42cb2a49a479014e9,ff42eee9423ebc7d468a3709e1cbefb7,5,,Recebi antes dá data combinada.,2017-01-27 00:00:00,2017-01-30 10:43:49
