order_id,order_item_id,product_id,seller_id,shipping_limit_date,price,freight_value
001dbc16dc51075e987543d23a0507c7,1,777d2e438a1b645f3aec9bd57e92672c,4a3ca9315b744ce9f8e9374361493884,2017-02-01 13:17:57,69.9,18.0
00b4a910f64f24dbcac04fe54088a443,1,ba05e2861971098fc7ecd8162c23452a,d50d79cb34e38265a8649c383dcffd48,2017-01-22 17:55:34,33.99,16.6
012973f4cb6743d00d7e2644ddc8804c,1,cd59f488cef311feb633141ad1e8563d,8d79c8a04e42d722a75097ce5cbcf2ef,2017-02-02 22:02:29,15.32,18.0
016dee69b3de35a39bfccee5309307c3,1,68bfdbfe84f03af17733b10362f10020,827f8f69dfa529c561901c4f2e0f332f,2017-01-18 16:35:59,45.0,17.19
01ba72e24cf883d74c5479c0a626c740,1,fb060ad9a8625b626189641799bccf89,b1204cfda1d4948679db3cfc0d3cb95c,2017-01-21 19:55:40,44.6,14.52
01f216b447564f9ea791b521db577ccb,1,473795a355d29305c3ea6b156833adf5,620c87c171fb2a6dd6e8bb4dec959fc6,2017-01-28 18:44:53,59.9,14.59
02190241f7190a1f3c7e0df95a749c6a,1,e00d2c49504aeaf7acdc9ff7cf8a6107,46dc3b2cc0980fb8ec44634e21d2718e,2016-10-12 04:44:23,249.99,10.74
02190241f7190a1f3c7e0df95a749c6a,2,e00d2c49504aeaf7acdc9ff7cf8a6107,46dc3b2cc0980fb8ec44634e21d2718e,2016-10-12 04:44:23,249.99,10.74
021d08e4057e5b6414c8d2f69f4f72a0,1,a819714dd23a6ac18b1be2b13686017b,ffff564a4f9085cd26170f4732393726,2016-10-17 19:01:41,51.5,14.53
02a0eb7c22b0616c767a45954a2a28f6,1,5f8c74f4a3d2b616857fcb7d4dd1f61a,83e197e95a1bbabc8c75e883ed016c47,2016-10-14 08:14:53,119.5,25.04
03128233e78ed8ade6738f2043f4cf8d,1,3cacd5299c846cb08ae1e445fd78392b,c7dcd301ecfe5ab7f778ac172cf74be7,2016-10-21 16:25:24,57.9,14.61
032bc75236a1cbaf410bb596a509e774,1,1f50c7757334d6acef5e3c5fa64eb3c7,dbb9b48c841a0e39e21f98e1a6b2ec3e,2017-01-24 22:18:06,39.9,11.74
035ab6fc3b7f9d16f714a337ee63b7be,1,9117307cf75efa6e964d697f0d1297f9,0ea22c1cfbdc755f86b9b54b39c16043,2017-01-27 23:36:55,19.9,24.84
03b218d39c422c250f389120c531b61f,1,c1488892604e4ba5cff5b4eb4d595400,1554a68530182680ad5c8b042c3ab563,2017-01-18 14:20:01,38.5,11.74
03ffce741877a000ca0fb3520673d4c4,1,660422061e06da17ca6101e9d6b7aae8,76d5af76d0271110f9af36c92573f765,2016-10-10 16:02:37,649.0,169.12
042e247be09aeae88a74e35766aa03ca,1,7721582bb750762d81850267d19881c1,0c8380b62e38e8a1e6adbeba7eb9688c,2017-01-30 22:28:07,59.5,17.16
042e247be09aeae88a74e35766aa03ca,2,7721582bb750762d81850267d19881c1,0c8380b62e38e8a1e6adbeba7eb9688c,2017-01-30 22:28:07,59.5,17.16
04bc36cd51141e11c2cbbd188b6e47ca,1,0fc6914383c2bea767a9562c9d8b43a1,8c16d1f32a54d92897cc437244442e1b,2016-10-13 14:35:21,43.89,14.52
052523fd2c735b15cb107afc0a413bc2,1,c1488892604e4ba5cff5b4eb4d595400,1554a68530182680ad5c8b042c3ab563,2017-01-31 17:21:48,38.5,18.0
055eb7e5645d86bd278fc4f419622e8d,1,46f739c1cd676603026c0af4d29ef7a5,198c7ea11960a9844b544d9bcdca860c,2017-01-30 13:14:02,139.99,16.09
0571cdb407bf04b419c94ffd7acbd874,1,91b08d34d0ba4db44da2dc382867ba49,b76dba6c951ab00dc4edf0a1aa88037e,2017-01-23 21:24:05,6.9,15.65
058afe6c6322b4773393a66003934493,1,3cc52e01a315aba7f650574a3a256b1a,e5a38146df062edaf55c38afa99e42dc,2017-01-23 19:35:35,229.9,15.39
05bfcf9e287cad216cadb8a850f8db5c,1,eba7488e1c67729f045ab43fac426f2e,620c87c171fb2a6dd6e8bb4dec959fc6,2016-10-10 16:05:52,249.9,17.59
05bfcf9e287cad216cadb8a850f8db5c,2,eba7488e1c67729f045ab43fac426f2e,620c87c171fb2a6dd6e8bb4dec959fc6,2016-10-10 16:05:52,249.9,17.59
05c7d88e9c05e1fa1428f1ff2dcc29da,1,4e0946aebc8e1d7521219ec1e7380aed,817f85dbb65aa3e70831d90fe75cdf89,2016-10-21 16:18:08,128.9,16.04
05ca3bba2e4c3bc5c601b57af96cf3cf,1,f422d0d9f8b5f7c27289382b14b61248,1554a68530182680ad5c8b042c3ab563,2017-02-07 14:24:28,66.99,18.0
05cd156f0f47579a36d7a52724fc31b8,1,913580fde3e72c3b3e4ce0b79963bee6,b76dba6c951ab00dc4edf0a1aa88037e,2017-01-18 18:27:28,10.99,14.52
062f0992a050330334749ffa530fa796,1,5b8423dc7f23089c9c59c5d140eb5a1c,a3a38f4affed601eb87a97788c949667,2017-01-31 16:55:48,129.99,18.0
063b573b88fc80e516aba87df524f809,1,3d37da85f5e66558333fb5daee494736,ecccfa2bb93b34a3bf033cc5d1dcdc69,2016-10-21 16:23:11,69.9,17.63
0675116b5556a78cf0413f70aa9f235e,1,d41a53937c9fddcd3aafd96be7d4f345,cca3071e3e9bb7d12640c9fbe2301306,2017-01-25 15:21:44,79.9,11.95
06d7e8a85f5cfef576c5303ed7d7f2e5,1,989fd236458b9c0410bc6e1cf23cde4d,c9a06ece156bb057372c68718ec8909b,2016-10-11 12:36:07,49.0,14.72
06dec2690e0cd75d327646a81fdba74d,1,04c48a5fe31aedc4ef3896c005fd483c,620c87c171fb2a6dd6e8bb4dec959fc6,2017-02-02 14:30:57,309.9,18.0
06f5f6139b33f53defc64643f1252d53,1,1412c0124f6acb78a0a1023ea5e82c88,82bd0703a4aefd6b599e5bfdaed378fb,2017-01-21 14:50:19,44.9,15.56
07d13d352c85dfbfa60dc56dea818335,1,a703f5ade6e4fae527357132230ea778,f4aba7c0bca51484c30ab7bdc34bcdd1,2017-01-26 23:07:15,23.9,8.72
08432abcf785878edf1221a0611960ea,1,e4acef9f829635351de593a05d2406da,45d33f715e24d15a6ccf5c17b3a23e3c,2017-01-30 20:37:39,29.99,17.19
0891b66cbcc48cf64f31ae9cae3d08d8,1,cf78006a2a6b0429b9663edd99bb38f9,710e3548e02bc1d2831dfc4f1b5b14d4,2016-10-14 03:55:40,299.99,17.91
08d7ec7381dc51d41a0e4d86314b7a98,1,7fd93eccaf2d461cb6bc4bbd1aa91f1a,4d600e08ecbe08258c79e536c5a42fee,2017-01-14 17:18:09,699.17,20.59
08e617c0a81895c4d5f6ab1e4a20fad0,1,29d2735be03e1169db0545c3741c74e5,e9d99831abad74458942f21e16f33f92,2017-01-31 14:01:20,29.99,4.5
08e617c0a81895c4d5f6ab1e4a20fad0,2,29d2735be03e1169db0545c3741c74e5,e9d99831abad74458942f21e16f33f92,2017-01-31 14:01:20,29.99,4.5
08e617c0a81895c4d5f6ab1e4a20fad0,3,29d2735be03e1169db0545c3741c74e5,e9d99831abad74458942f21e16f33f92,2017-01-31 14:01:20,29.99,4.5
08e617c0a81895c4d5f6ab1e4a20fad0,4,29d2735be03e1169db0545c3741c74e5,e9d99831abad74458942f21e16f33f92,2017-01-31 14:01:20,29.99,4.5
08edff712f0cd04883215bdb5b0d7c7f,1,5e80fe2cee2f6de9a494047ed35a2fe3,e5a38146df062edaf55c38afa99e42dc,2016-10-12 16:34:44,69.99,12.09
091ac0791556275533697b36e2b00ff4,1,ff5f8606556b625613f069a5a9a48966,8cbac7e12637ed9cffa18c7875207478,2017-01-30 14:29:25,35.0,20.43
091ac0791556275533697b36e2b00ff4,2,ff5f8606556b625613f069a5a9a48966,8cbac7e12637ed9cffa18c7875207478,2017-01-30 14:29:25,35.0,20.43
091ac0791556275533697b36e2b00ff4,3,ff5f8606556b625613f069a5a9a48966,8cbac7e12637ed9cffa18c7875207478,2017-01-30 14:29:25,35.0,20.43
0927a4ea2d6af04c6e8a1aecd4f9951d,1,baeb8e1a680cf9e1f13557d74b6cec3d,a36ac007a4d18f865c8d32c3b2402c2d,2017-01-26 21:25:01,129.99,16.02
09b38400b1601bc9dea9de02c710857f,1,8338cef8355d238f43711dcb9c0657b2,cca3071e3e9bb7d12640c9fbe2301306,2017-01-27 13:23:49,45.9,14.52
09d557bf440b6c3b40cacfbb24fd5e28,1,5b8423dc7f23089c9c59c5d140eb5a1c,a3a38f4affed601eb87a97788c949667,2017-01-15 20:12:38,129.99,29.19
09dd83f72b2516179cd46b81121fad23,1,6d2928252aa5ba6a5fc439571dd0d748,ce27a3cc3c8cc1ea79d11e561e9bebb6,2016-10-16 04:02:06,58.0,21.99
09f58c00f941827ab206de7796785e44,1,55ba658d5c2f0b1f118f98c36fe3fa04,48efc9d94a9834137efd9ea76b065a38,2017-01-09 16:05:07,8.9,8.72
0a0837a5eee9e7a9ce2b1fa831944d27,1,583916a5dae918f5e89baec139141c54,3481aa57cd91f9f9d3fa1fa12d9a3bf7,2016-10-10 11:43:22,49.99,15.51
0a1ad2c293c3baacc6b2c2d442c71acd,1,f27f59721d5a9cb39432b91f812ee308,436bf27f2f18474fc6047702e9f8a866,2017-01-22 12:51:23,29.9,14.52
0a2d541ba7c40984543d72b5eb0abcba,1,6bf1cd252d73626ab181be470f56e07b,8bd0f31cf0a614c658f6763bd02dea69,2017-01-27 13:40:55,37.99,11.73
0a5d7e24850c68bf00d39bd62a9a45ee,1,a8fe47ad6f852f93cc92c7b408687de3,aaed1309374718fdd995ee4c58c9dfcd,2016-10-14 00:23:11,62.9,17.35
0aaf52291c13507e7fe4f565f079ad9a,1,25a1c5b2e0ccbf703cb7b69ffebfaf38,56642bcb79900e777d68e91915cb4267,2017-01-28 08:52:34,48.0,15.56
0b1e73fa546894ad7310916b480de067,1,4a90b44b456e79e7a33435fdd36e551f,c9a06ece156bb057372c68718ec8909b,2017-01-15 11:21:23,380.0,39.06
0b6d11d4a289a1574e8888f2558dd548,1,d4d538563de6b49c547e6997f0f8be32,5a8e7d5003a1f221f9e1d6e411de7c23,2017-02-01 16:03:15,59.9,15.63
0bda8164c1a12b6a388ebec8559ee287,1,036bcd084feae22f3a997f5080ec30df,48efc9d94a9834137efd9ea76b065a38,2017-01-09 13:36:07,6.9,8.72
0c1f5fca68708d9a22f8a9fe30b5c588,1,30469bb5ea377eae7121981e2f0778e4,80e6699fe29150b372a0c8a1ebf7dcc8,2017-01-26 13:14:39,113.0,20.09
0c22166d9f7e5761e397affa5af438c7,1,d0ae5110da1575c15853f122de459f4b,b17b679f4f5ce2e03ce6968c62648246,2016-10-14 12:02:28,90.0,26.89
0c3a7b14aa5e70ef5991122f6bb552de,1,f07ef9dd6e2d9a366ff30a25e210be70,62c50c1af4dfdc4149d25c5222043d39,2017-01-30 10:44:38,137.99,16.67
0c5d85fbd4b20a1d9d5fc6a29e739f36,1,9d374944ce89ce9afd8c8f79fb7f3bc9,9646c3513289980f17226a2fc4720dbd,2017-01-29 18:04:52,30.0,20.8
0c7fc95baa5e16992ed412ccea7f28b3,1,9805b37a2e4983fb5dbb5c8168590c44,d101c6da914ae3d53f7bee42283f2fe2,2016-10-11 03:10:07,89.9,23.27
0c8675dc2e52ab52977a76d810e45303,1,73026ce2daa69ea29901945b1f915846,b1fecf4da1fa2689bccffa0121953643,2017-02-01 15:55:11,89.9,18.0
0c995611a99f81268d859184a416f1db,1,d75fe2da6eb275eafad5535fff7a2005,014c0679dd340a0e338872e7ec85666a,2017-02-14 00:20:22,110.0,18.2
0ca768c507d1fc3c61bd950bb1c5231a,1,83a26c42a5f94b7456425cd0cd20daf8,46dc3b2cc0980fb8ec44634e21d2718e,2016-10-21 16:28:00,94.99,17.53
0cb316841c24af560f6af0e3fb36137a,1,cb07b3df7c64648bbeceb85cacd464c9,62c50c1af4dfdc4149d25c5222043d39,2017-01-28 21:33:15,144.99,26.95
0cb316841c24af560f6af0e3fb36137a,2,cb07b3df7c64648bbeceb85cacd464c9,62c50c1af4dfdc4149d25c5222043d39,2017-01-28 21:33:15,144.99,26.95
0d9664d8da1dc4337269071b39e19423,1,eba7488e1c67729f045ab43fac426f2e,620c87c171fb2a6dd6e8bb4dec959fc6,2016-10-10 22:37:21,249.9,17.59
0daff24b7abb3accd3e2638a0d5be0a0,1,9ff668529410eefd5bca723acb4834c1,cca3071e3e9bb7d12640c9fbe2301306,2017-01-22 20:06:50,99.9,15.81
0dbfda5b69f9f25250969962f70929e9,1,ca38c039b717207dec906f4fa9a21db7,59fb871bf6f4522a87ba567b42dafecf,2017-01-20 00:05:37,164.99,25.29
0e556f5eafbf3eb399290101b183b10e,1,aafec8ef0f0e7bf2f2b811450df61818,0ea22c1cfbdc755f86b9b54b39c16043,2016-10-10 19:31:39,24.9,22.93
0e556f5eafbf3eb399290101b183b10e,2,aafec8ef0f0e7bf2f2b811450df61818,0ea22c1cfbdc755f86b9b54b39c16043,2016-10-10 19:31:39,24.9,22.93
0e660617f70b9a3f6bfd3919b49450ab,1,2b5bed5ddd304876b5d0c3eca2b6cbce,cca3071e3e9bb7d12640c9fbe2301306,2017-01-25 11:14:16,89.9,17.37
0eaa4845a6182d6b72de720fb976abd4,1,6cdd53843498f92890544667809f1595,ccc4bbb5f32a6ab2b7066a4130f114e3,2017-01-24 18:44:09,349.9,17.66
0ec04706b50b8bc69a14dff0d6a26f13,1,66f01f544ba693e1a1a7428caec79279,575df70bde3f9f2b30bf8d2e9910d725,2017-01-31 19:33:54,259.0,9.0
0ec04706b50b8bc69a14dff0d6a26f13,2,66f01f544ba693e1a1a7428caec79279,575df70bde3f9f2b30bf8d2e9910d725,2017-01-31 19:33:54,259.0,9.0
0ec61157a488963fe217233f74c52760,1,895fc53d66ecb6c1afc40138dbc2a73c,c43d924a0f1688ee9fae0efcd6f539d4,2016-10-14 11:04:05,29.9,15.11
0ed46f17da8a1c3bd0ed5fdfc50decc4,1,20e37962088a4061d3578def47a8648b,cca3071e3e9bb7d12640c9fbe2301306,2017-01-16 22:23:11,64.9,17.29
0efd0bc268d34da3f01f4ff25a6d4335,1,6dab56beb5263f0d554cae5c55809208,f4aba7c0bca51484c30ab7bdc34bcdd1,2016-10-11 16:12:23,39.7,24.7
0f3827e8b786c3d934c0863c1690603d,1,f0af7ec9760e53f21277444f32ee3308,cca3071e3e9bb7d12640c9fbe2301306,2017-01-27 08:50:04,99.9,17.44
0f475d7e08b52d8abf7e8c6141286c27,1,140395ed1d1dbd100f577c5403181a1c,4da0e408c99d2fdc2126dc9fce518060,2017-01-24 19:23:11,10.3,14.52
0f91be4a9bf9ffd2c1ace53b9e5dd9e2,1,9db78e784e1ca837bb7f510888807baa,054694fa03fe82cec4b7551487331d74,2017-01-26 02:01:36,467.0,18.38
0fd3cee523a106ac501c4cf18f56a4de,1,d05d900323cc6f68c3de5ad56d8d63e3,cca3071e3e9bb7d12640c9fbe2301306,2017-01-21 17:44:58,83.5,13.16
10221b5ef57cb66fe37a3b1e594918d1,1,fdcd8c17805ad801a924cf11272a2834,80e6699fe29150b372a0c8a1ebf7dcc8,2017-01-15 22:36:59,209.9,19.75
102b790156f60813474ed025355a59d5,1,35488a9242f4aa7f9f5c3580f1243512,2493dc3f20131696a0ecdb9948051a8d,2017-01-30 15:37:38,81.8,14.74
1069874467b6a425853288c450f68fc9,1,d0b92134fa97a1ead038775a821847ea,8a32e327fe2c1b3511609d81aaf9f042,2016-10-11 23:13:46,29.99,10.96
10ac3b593f06e0dd6b38a53821c1d497,1,907c84d5b8961d53ba1b803638fffcad,e24fc9fcd865784fb25705606fe3dfe7,2017-02-02 11:18:22,168.0,18.0
10b6352081cd9c4b594e4be0c491ee62,1,770c09cc394c3244d902afda4ea364bc,8a32e327fe2c1b3511609d81aaf9f042,2017-01-28 11:16:26,39.99,11.74
10b6352081cd9c4b594e4be0c491ee62,2,770c09cc394c3244d902afda4ea364bc,8a32e327fe2c1b3511609d81aaf9f042,2017-01-28 11:16:26,39.99,11.74
10bce195e3966122a3dd0e2aa676f761,1,b34b2c889f5b26963569cf421254e121,cca3071e3e9bb7d12640c9fbe2301306,2017-01-25 13:38:16,104.9,15.84
10d1e90a86d2be981a52b6a927c97dc5,1,d38b73f9519632415b56acb83abc77fa,575df70bde3f9f2b30bf8d2e9910d725,2016-10-11 10:11:31,199.9,33.7
10d1e90a86d2be981a52b6a927c97dc5,2,d38b73f9519632415b56acb83abc77fa,575df70bde3f9f2b30bf8d2e9910d725,2016-10-11 10:11:31,199.9,33.7
11837ac14fcdfb163c0b78d91be89498,1,a6b32d26b9f925954b1cd8339f664a6a,0747d5bb69f0586cc869d8af4c50f93e,2016-10-21 16:18:48,39.9,16.05
119d2d80c921d5b4806a1b19b4e8c531,1,a07f07c939807b4c970452eb30a130e6,7dc8c42cc750eeafea6c85712ffee9bf,2016-10-11 19:29:13,249.0,16.95
11a6ea18f3646c6e6dcbadbd0207b35d,1,a50acd33ba7a8da8e9db65094fa990a4,8581055ce74af1daba164fdbd55a40de,2017-02-01 10:26:06,117.3,18.0
126da462f642d99483c0691ac474c783,1,b72e63f4630dcaded1689b28efa4c583,5f2684dab12e59f83bef73ae57724e45,2017-01-31 12:54:57,129.9,18.0
12af24617f25e0c8cd411544f704f2f7,1,9934888916de3bff6437a425052717a0,d1a1b40ec554c593a1a99366746289dd,2017-01-30 23:11:32,49.7,14.52
12ca240539e7029e0328f0a410c12ad1,1,a25d948ddec359c8d80978d139a4db83,86bb7c4b535e49a541baf3266b1c95b1,2016-10-14 16:43:18,279.9,18.01
1306d7999cdd320272eeea20f5768b77,1,a703f5ade6e4fae527357132230ea778,f4aba7c0bca51484c30ab7bdc34bcdd1,2017-01-29 11:59:47,23.9,17.78
138630e7e14855ce216a9db0cdabbe06,1,1155065aa63d0a6d301e174ebb2972ea,7b07b3c7487f0ea825fc6df75abd658b,2017-01-30 10:31:18,128.9,16.11
13a4e0efe42392b2ee22601883f47d24,1,cd23f8469a90c62d99eb9bf8ad74fed1,4a3ca9315b744ce9f8e9374361493884,2017-01-21 00:16:14,290.0,13.42
13f68da1f137146006b4c0c34b6824e8,1,362aecb999551eb6adcd8c5594e255fc,822b63912576852aea9a8436d72317b7,2017-01-28 13:02:32,719.88,21.3
142c8688b5b13e21ac5a448a1688b9d7,1,3dacb3ae011b40803a508b23392e15a0,41c9d3997dd3c072c31139dc5bb5761f,2017-02-01 12:31:05,299.9,27.6
143f8e1be12f4d99301cec6f0d7a3834,1,52801616f7cc110c31c559fa94cb8563,dbb9b48c841a0e39e21f98e1a6b2ec3e,2017-01-28 16:58:46,59.9,11.03
1460b7b8fd63551dc68bfdffdc31edec,1,2c92025a63896497612a531b6d015669,c353f8fc0ce8344999f17d578eb69a5e,2017-01-27 07:23:50,87.99,15.92
146bfe4003096bc16316672e59c6fb2e,1,e7d26dd6742baca292020c158e6720c3,6cd68b3ed6d59aaa9fece558ad360c0a,2017-01-30 23:08:52,54.9,10.99
1489856fc5e3169af6b06edbc1aeb1b1,1,5e57a146ccdca976190821a00a059ebf,620c87c171fb2a6dd6e8bb4dec959fc6,2017-02-02 20:24:13,369.9,18.0
14b01335f19b97fce1437168032ae388,1,ad5396bf96af6ede77130e54ad266c61,184a67a8f9f63234d3a92340bbdb727f,2016-10-10 15:59:20,22.37,39.93
14b01335f19b97fce1437168032ae388,2,98cd3776d33bddd0ebf8ad8b4732d1b4,184a67a8f9f63234d3a92340bbdb727f,2016-10-10 15:59:20,22.37,3.99
14b01335f19b97fce1437168032ae388,3,ace91f88d635b9e5563e36cc0a0a8f09,0336182e1b3e92f029d5354832045fdf,2016-10-10 15:59:20,14.9,4.26
14b01335f19b97fce1437168032ae388,4,c006d1427332464b79808bd9dfaec943,184a67a8f9f63234d3a92340bbdb727f,2016-10-10 15:59:20,22.37,3.99
14b01335f19b97fce1437168032ae388,5,57d9a5d185e8254383504f57c4b8ddcc,0336182e1b3e92f029d5354832045fdf,2016-10-10 15:59:20,14.9,13.31
157ec3dc3f38cdbd2706bd216edfe8fb,1,27066995b777fb84dbcb25961fd6d007,46dc3b2cc0980fb8ec44634e21d2718e,2017-01-10 13:43:16,159.99,15.29
15b1aceab346b46189a6eea3b6f4b951,1,4da918a160c19da9bfdf9945d18006ec,45213867cefbf2cd4c6177e10216a951,2017-01-31 18:16:50,339.74,18.0
164bcbb466afa4e7b9eec1760f0d7096,1,5a2de1e2c45d0602659260c6dd4aff70,612a743d294c27884fb7b80d2b19ba35,2017-01-29 12:49:36,28.9,14.11
164bcbb466afa4e7b9eec1760f0d7096,2,5a2de1e2c45d0602659260c6dd4aff70,612a743d294c27884fb7b80d2b19ba35,2017-01-29 12:49:36,28.9,14.11
16976f8e43d0c9ee6079e3ed9eaa4fed,1,4da0329350218978429b287440f4b87a,062ce95fa2ad4dfaedfc79260130565f,2017-01-30 18:48:30,41.9,20.8
16fe5fdb7f5aa0c9e841387dfec29821,1,d654b576d9c9844bd7f6468421a38f48,5c603ffb38cbbf25a0e0698941324143,2017-01-29 10:11:38,174.4,21.3
171398a0cd843c65ac78aee9e05a1f49,1,6cdd53843498f92890544667809f1595,ccc4bbb5f32a6ab2b7066a4130f114e3,2017-01-25 16:07:37,349.9,28.71
17f70d10c2acd50864b5dae4885894b5,1,2636a9812d151c718b53387171ce08be,b17b679f4f5ce2e03ce6968c62648246,2017-01-29 09:12:10,30.97,14.52
17fed53ba6dfef9b594ee2268642e2aa,1,743801b34cc44776de511ba8eff778e2,48efc9d94a9834137efd9ea76b065a38,2017-01-09 14:50:54,9.9,8.72
18dad78c0f87f4c45ef196daeaa3ffbb,1,0fc6914383c2bea767a9562c9d8b43a1,8c16d1f32a54d92897cc437244442e1b,2016-10-10 15:55:40,43.89,14.52
19512a70f62306416782f963d55c8b26,1,0d1d766e7cdd4a724e9ea9a18e5177bb,75d34ebb1bd0bd7dde40dd507b8169c3,2017-01-20 15:05:52,755.99,26.35
195416246665b8268100ef5fde9722b4,1,67639b8cb7f4b8c431ed4c48a76866e0,cca3071e3e9bb7d12640c9fbe2301306,2017-01-14 19:27:22,129.9,20.99
1962f977f7b7b5eb73a3c2c39bbc93b5,1,a703f5ade6e4fae527357132230ea778,f4aba7c0bca51484c30ab7bdc34bcdd1,2017-01-30 16:28:04,23.9,8.72
1970f2fb4b83ff962a75b064abc37f4c,1,545085671b9f2d7d2e1a9110b15d838c,4d600e08ecbe08258c79e536c5a42fee,2016-10-21 16:32:32,633.0,20.39
19feb5627c41ea1b36a8e50a469b3644,1,4c72e6d081c8a1b5430351d015eb86ba,391fc6631aebcf3004804e51b40bcf1e,2016-10-11 17:32:10,193.8,18.52
1a2b0033f0b7a3116f00594ec5524344,1,f422d0d9f8b5f7c27289382b14b61248,1554a68530182680ad5c8b042c3ab563,2016-10-17 23:58:23,69.99,17.58
1a47da1d66c70489c8e35fe2b5433ab7,1,eba7488e1c67729f045ab43fac426f2e,620c87c171fb2a6dd6e8bb4dec959fc6,2016-10-11 18:53:48,249.9,20.85
1a4bf675df415785d3d9b3f3521988a7,1,5bfc7506459ae2a7b4b573fe557a58e1,4a3ca9315b744ce9f8e9374361493884,2017-02-02 18:19:02,69.9,18.0
1add1aa4c6e709fd74a4eb691a9fc6bc,1,21fb5057dd6a737df6851a7ab7a130da,b14db04aa7881970e83ffa9426897925,2016-10-11 08:29:50,49.0,25.15
1b122a7be89622f672bb41380a83b69f,1,1dcff375b928a1807562ea4a895a8046,e8f6dc8e6a1dcde89d20e3995c8d90b3,2016-10-15 22:02:14,74.9,12.02
1b2d622f7ebb8e65f7de3e389f052540,1,1c1baeabe25824c8c22b511643852906,b17b679f4f5ce2e03ce6968c62648246,2016-10-10 15:51:13,40.9,11.03
1b3d11cf9f92c0f7baf627ab059621f8,1,b68cf84ede4fd1e14b1740de5b727d55,e24fc9fcd865784fb25705606fe3dfe7,2017-01-10 23:31:23,636.0,30.71
1b694ef5b28d3e949a4f0ffeb2c9fcd6,1,e500a9395078ba5b59387db0dbee0063,48efc9d94a9834137efd9ea76b065a38,2017-01-09 13:43:17,9.9,8.72
1bf6db71e147c950fe9925e0be89ec4b,1,11875b30b49585209e608f40e8082e65,669ae81880e08f269a64487cfb287169,2017-01-31 15:37:27,65.0,17.88
1bfa3dbef549cf9ba5c5661ef1b63168,1,4a90b44b456e79e7a33435fdd36e551f,c9a06ece156bb057372c68718ec8909b,2017-01-19 14:35:54,380.0,39.06
1c47e7875c7c3bd3399467e179c5c3bf,1,5bfcd193eb29c1c8332e2d4ca804d54f,522620dcb18a6b31cd7bdf73665113a9,2017-01-31 01:24:22,223.9,15.74
1c4cafd25254eee31c8c9b8c141fb10a,1,09b590ada623ecf66329917ea4731957,4d600e08ecbe08258c79e536c5a42fee,2016-10-21 16:38:22,649.17,22.14
1c4deb98d216d2fda120204a5fcfb57d,1,e7ffaa35a5caaca3366f5cc5705b5fb2,c7dcd301ecfe5ab7f778ac172cf74be7,2016-10-21 16:28:47,49.9,16.78
1cb796218c383fc54a6a4541420201d8,1,a25a9e3433043fb8a0808f310d8d8203,1b8b75e227c9a9c100d0c210fb6176ce,2017-01-28 16:38:09,129.99,9.28
1d4744e42dc6d786bbc9512601f7e49c,1,1db2dfac4f8c0a4499f94838b3ee0628,4a3ca9315b744ce9f8e9374361493884,2017-01-18 15:41:48,66.9,11.08
1d5182e38de4f122947727324f2870be,1,cfd414b4463647f58c7775eaae06893d,f8db351d8c4c4c22c6835c19a46f01b0,2017-01-30 13:43:07,98.9,16.39
1dd1d53c1ea5df0ef093bf150807315f,1,3d37da85f5e66558333fb5daee494736,ecccfa2bb93b34a3bf033cc5d1dcdc69,2016-10-21 16:28:10,69.9,17.63
1df257323bb550a9b9bb150345c42e45,1,d2686065b870834cc92605a5b9ec84ba,2138ccb85b11a4ec1e37afbd1c8eda1f,2017-02-01 16:10:01,18.99,18.0
1e6025fd19451c74352d0bbf6a218bf6,1,d9279101bd9bcdf95aa06a8081b24367,46dc3b2cc0980fb8ec44634e21d2718e,2017-01-31 21:23:00,349.99,18.0
1e6377b497624e8fa908ee4a87e3687d,1,8ae1fefcfdc30ea49de246665b6d2713,f8db351d8c4c4c22c6835c19a46f01b0,2017-01-31 14:12:01,26.9,9.0
1e6377b497624e8fa908ee4a87e3687d,2,8ae1fefcfdc30ea49de246665b6d2713,f8db351d8c4c4c22c6835c19a46f01b0,2017-01-31 14:12:01,26.9,9.0
1e69dcdcbc094d39d6ba64248af906fb,1,2c2a7e84b8ea741adf739c11dd78ee1a,2493dc3f20131696a0ecdb9948051a8d,2017-01-28 17:09:24,164.89,21.6
1e8c2b738fde51956f03f1a59bc86003,1,bfe05de8c1ac3259ae43ada77182d840,e24fc9fcd865784fb25705606fe3dfe7,2016-10-21 16:22:26,210.0,36.09
1ebeec1bb9ce388ee2e00d401058ca8b,1,e7f5908a3c9844728d24e3322254b109,7008613ea464bad5cb9b83456e1e6a8f,2016-10-15 05:02:16,39.9,15.7
1ef09d75953043a71a73428e15bc2f5c,1,7569eb05a9b91e5137cd9cf7494043e5,59fb871bf6f4522a87ba567b42dafecf,2017-01-22 14:53:29,164.99,11.76
1f59665af8c7408a7c633f9541644854,1,9b2db9ec16a8a51549f32462bf973523,a3a38f4affed601eb87a97788c949667,2017-01-29 19:09:39,128.9,23.19
1f5d62970c5b3cfedc1b2a8d15ffe40d,1,81288df52439985f610be64465e53f57,54a1852d1b8f10312c55e906355666ee,2017-01-29 09:21:45,109.99,17.51
1ff217aa612f6cd7c4255c9bfe931c8b,1,33430c5c1027d812b5c62f778e5ee7f7,4b1eaadf791bdbbad8c4a35b65236d52,2016-10-21 16:33:45,32.49,11.74
200f4d883fcc701355e46b8c6035743f,1,1f1354b0aa934e7ad75546467a6d028b,cca3071e3e9bb7d12640c9fbe2301306,2017-01-21 23:25:23,19.9,8.33
200f4d883fcc701355e46b8c6035743f,2,67f9d01bcd84e2229ba6f8a75b635b40,cca3071e3e9bb7d12640c9fbe2301306,2017-01-21 23:25:23,19.9,8.35
200f4d883fcc701355e46b8c6035743f,3,0e92dcf7b03df1de4e9349af065f8e63,cca3071e3e9bb7d12640c9fbe2301306,2017-01-21 23:25:23,19.9,8.33
200f4d883fcc701355e46b8c6035743f,4,d54a7e69c3102b38b13952aeae0bc8f3,cca3071e3e9bb7d12640c9fbe2301306,2017-01-21 23:25:23,19.9,8.33
200f4d883fcc701355e46b8c6035743f,5,b6f9abef16fdfec89e4f3675f6627dca,cca3071e3e9bb7d12640c9fbe2301306,2017-01-21 23:25:23,19.9,8.33
200f4d883fcc701355e46b8c6035743f,6,7e441b33f896ba519d58063f4c714bef,cca3071e3e9bb7d12640c9fbe2301306,2017-01-21 23:25:23,19.9,8.33
205d7052a6505124d200f6fea6b423bc,1,d8c365a069853295a82caf595c2c8c8d,48efc9d94a9834137efd9ea76b065a38,2017-01-09 13:59:30,9.9,8.72
20960ecf3d6ac0b19f3818f15c8e3fc5,1,0167ff78aa8cd40d5432d3daae646c7a,6edacfd9f9074789dad6d62ba7950b9c,2017-01-24 00:52:29,46.9,11.74
20de77e28f73070461781b0eb6228f6f,1,a703f5ade6e4fae527357132230ea778,f4aba7c0bca51484c30ab7bdc34bcdd1,2017-01-29 17:06:40,23.9,8.72
2195712688ef03e20c8053de61c82493,1,eb6b6f708fb1a57720d0734f30c3b31e,440dd6ab244315c632130ecfb63827b1,2017-01-21 15:30:34,159.9,27.59
21aa5570514b188b031255172b1e04bd,1,5538ed283fd2d0e2a1151507e1cbd59c,4da0e408c99d2fdc2126dc9fce518060,2017-01-20 22:58:11,28.0,14.52
22266e2f8d8084cd2b5d8488164d043a,1,fe7976532777922f0d60261e75f7ad36,b76dba6c951ab00dc4edf0a1aa88037e,2017-01-19 00:01:45,10.49,14.52
22266e2f8d8084cd2b5d8488164d043a,2,fe7976532777922f0d60261e75f7ad36,b76dba6c951ab00dc4edf0a1aa88037e,2017-01-19 00:01:45,10.49,14.52
22474d84064cd7eb4a907ba3fd8a6398,1,6f6f3b1a96452e2fbad0cd4f7082765b,ff314fa6033cc68ec451c47aee2d6ba4,2017-01-29 09:09:46,279.9,16.88
22613579f7d11cc59c4347526fc3c79e,1,3ff81cd0e0861e991bb0106c03c113ca,86bb7c4b535e49a541baf3266b1c95b1,2016-10-08 14:27:50,379.9,18.22
2276cb38c742033aac3f4a4d67b57ab3,1,027cdd14a677a5834bc67a9789db5021,620c87c171fb2a6dd6e8bb4dec959fc6,2016-10-21 16:35:38,89.9,15.49
22aa0b4e8c7855fd8d534a7692579a36,1,ddebc97ddf43a9787d1ee7012e394ccc,05ff92fedb5be47920fea08e501238b9,2017-01-24 11:12:25,598.4,33.45
22aa0b4e8c7855fd8d534a7692579a36,2,8634ba98d69440265e955814c3e4cde1,05ff92fedb5be47920fea08e501238b9,2017-01-24 11:12:25,115.2,4.0
22c2b8497506479028918303045751dd,1,fe7976532777922f0d60261e75f7ad36,b76dba6c951ab00dc4edf0a1aa88037e,2017-01-16 22:24:48,10.49,10.96
230c830e0ace11bcabaf63deebbee836,1,a703f5ade6e4fae527357132230ea778,f4aba7c0bca51484c30ab7bdc34bcdd1,2017-01-25 15:41:06,28.9,16.05
2363f4be725c1746c141cfe7e8432910,1,2d2600c283c0c1af0528fd84c14a2c28,e48b04bf1aa1ef711caebeb7aede6180,2017-01-30 18:33:10,127.9,26.39
23ad1ae9db6999293449603e1a247803,1,8470bac0f1a7439fe183013eab283534,4a3ca9315b744ce9f8e9374361493884,2017-01-31 16:25:37,139.9,11.59
24040647efd179bd506acacbbbabd838,1,6ae7f4ef0ca670ca2609d039af87d057,620c87c171fb2a6dd6e8bb4dec959fc6,2017-02-02 19:59:20,23.9,3.6
24040647efd179bd506acacbbbabd838,2,6ae7f4ef0ca670ca2609d039af87d057,620c87c171fb2a6dd6e8bb4dec959fc6,2017-02-02 19:59:20,23.9,3.6
24040647efd179bd506acacbbbabd838,3,6ae7f4ef0ca670ca2609d039af87d057,620c87c171fb2a6dd6e8bb4dec959fc6,2017-02-02 19:59:20,23.9,3.6
24040647efd179bd506acacbbbabd838,4,6ae7f4ef0ca670ca2609d039af87d057,620c87c171fb2a6dd6e8bb4dec959fc6,2017-02-02 19:59:20,23.9,3.6
24040647efd179bd506acacbbbabd838,5,6ae7f4ef0ca670ca2609d039af87d057,620c87c171fb2a6dd6e8bb4dec959fc6,2017-02-02 19:59:20,23.9,3.6
2410734c3fc6d36010cf6b1b36c2974d,1,4eb3e07a4b54437a7f63eeb577ebf73a,5cf13accae3222c70a9cac40818ae839,2017-01-31 23:02:15,69.5,9.0
2410734c3fc6d36010cf6b1b36c2974d,2,2eb6e8f39feaf75fc5163f774d38f0f1,5cf13accae3222c70a9cac40818ae839,2017-01-31 23:02:15,69.5,9.0
24523db64c1af3f40f27cb4416fa5ea6,1,636f5be2cd52da4047bb73b7b15329e3,5f0057b677eb963672bf05dfa3f16c34,2016-10-11 21:32:42,132.0,15.08
2457f30493cdc677ad02b57dd6d17285,1,ca38c039b717207dec906f4fa9a21db7,59fb871bf6f4522a87ba567b42dafecf,2017-01-26 17:02:03,184.99,15.46
24e1c731364b64c76d98e985bfdbef77,1,9d8945bf83fcf586d751dacb07e28a3e,5fd924b4836098a5be0ecf81ba054ce0,2017-01-21 20:38:15,157.0,18.85
250d181fa1c603024562b93a8f8d5fe0,1,1fb368a1506cced21a07abb6d220c4e1,822b63912576852aea9a8436d72317b7,2017-01-25 16:30:43,139.99,11.87
250d181fa1c603024562b93a8f8d5fe0,2,1fb368a1506cced21a07abb6d220c4e1,822b63912576852aea9a8436d72317b7,2017-01-25 16:30:43,139.99,11.87
2511cdf205337513507a1863f0098d39,1,824479121ed07485e5195dd6bfe467a1,cca3071e3e9bb7d12640c9fbe2301306,2017-01-24 21:08:18,24.9,10.96
2511cdf205337513507a1863f0098d39,2,824479121ed07485e5195dd6bfe467a1,cca3071e3e9bb7d12640c9fbe2301306,2017-01-24 21:08:18,24.9,10.96
2511cdf205337513507a1863f0098d39,3,824479121ed07485e5195dd6bfe467a1,cca3071e3e9bb7d12640c9fbe2301306,2017-01-24 21:08:18,24.9,10.96
255d951095fc26f86cc7a08b822b714a,1,0d1d766e7cdd4a724e9ea9a18e5177bb,75d34ebb1bd0bd7dde40dd507b8169c3,2017-01-19 15:18:25,755.99,26.75
25f680bf746bec3df11d48318ff015de,1,bcaa4355b2521984b94978febf3f2b10,bd4ff04377f974574f7f0bf9d6ce7dde,2016-10-21 16:22:45,39.99,15.63
262118ce178bb3e4590a3adcf6d62e6b,1,6aeed495dcb87dd06532f70dea6ebb5a,b56906f7fd1696e043f1bcce164c487b,2016-10-11 12:13:50,59.9,28.97
262118ce178bb3e4590a3adcf6d62e6b,2,6aeed495dcb87dd06532f70dea6ebb5a,b56906f7fd1696e043f1bcce164c487b,2016-10-11 12:13:50,59.9,28.97
2631dba338efbcea9c3ace77ce210c01,1,8b2a1e0d2ee4fa00cd00519b7881203a,6cf476a4ca74498db55cbccdaa9dcfb6,2016-10-31 16:27:41,499.99,94.47
26c18b7ca7a6a870496dafd3633b3412,1,562502b79845deae9bcd86384921a2c5,710e3548e02bc1d2831dfc4f1b5b14d4,2017-01-31 10:36:14,79.9,17.3
26fb6c984069988017b2d12b79849865,1,621b15d249d471192c1bd7ade2dd8b86,dc8798cbf453b7e0f98745e396cc5616,2017-01-28 11:41:58,22.4,10.96
270d816a580cef9525ac73d6c4b87255,1,cfd43c5e600d45ac029357406b05dd82,ed859002ad59dbf8cf3602696a6c3000,2017-01-27 20:35:00,149.9,19.33
270d816a580cef9525ac73d6c4b87255,2,cfd43c5e600d45ac029357406b05dd82,ed859002ad59dbf8cf3602696a6c3000,2017-01-27 20:35:00,149.9,19.33
27c7c6aa7b6f3de99d2a3a64674d296f,1,1dc6a19ea34c75792743abebd47309d3,f5f2ab9bdb6b30c14c61be68c5ed37da,2016-10-10 16:03:32,101.9,21.3
281a4e1ef3ab9d256027ddd2db90c762,1,a14aea6067b93158e956612c50b74cfa,4e8dacf3d38f281ae26c3e0321d92d88,2017-01-31 14:59:18,449.99,18.0
2825848807f070485f0f0ef3829758f4,1,1d9c26a3cc1a9a167955e3922b597210,e8f6dc8e6a1dcde89d20e3995c8d90b3,2016-10-14 11:03:19,11.9,10.96
28f5847427849401fb017537fd20da41,1,2636a9812d151c718b53387171ce08be,b17b679f4f5ce2e03ce6968c62648246,2017-01-29 16:32:21,30.97,10.96
29d99fdabd0cb6b4e9d82f2f38c04a5a,1,fcde1899043318107d8f0ae043f69bc3,d66c305afaec317ebee552073a674429,2017-01-29 19:44:48,99.0,14.86
2a3d1cc4337b1cc9157560f6b1ca5802,1,30001d6521e7d5826eb1881050cea7e7,85d9eb9ddc5d00ca9336a2219c97bb13,2017-01-30 17:52:31,20.9,20.8
2a3d67c0d2045bf67abb3d8f320ac29f,1,3025303c80b01a0926fda2841cc31b4a,4da0e408c99d2fdc2126dc9fce518060,2017-01-25 18:17:14,66.9,26.94
2b98d5c9b1969095e65f74308ae2e861,1,7958e96171ca669184bf4a085d7deec3,054694fa03fe82cec4b7551487331d74,2017-01-30 15:01:45,177.0,18.53
2bcf5ca88957e31faab027f2325cfd63,1,8c5876b1c7768217964f353bc7e64393,0db783cfcd3b73998abc6e10e59a102f,2017-01-31 12:29:31,49.0,10.96
2c45c33d2f9cb8ff8b1c86cc28c11c30,1,e24f73b7631ee3fbb2ab700a9acaa258,0cbcee27c791afa0cdcb08587a2013a8,2016-10-14 10:40:50,135.0,18.51
2c4ada2e75c2ad41dd93cebb5df5f023,1,6c7a0a349ad11817745e3ad58abd5c79,48162d548f5b1b11b9d29d1e01f75a61,2017-01-30 11:09:00,183.29,25.77
2d9e3c3c7f0f3ba8a8fa3db2f1211ceb,1,cfd43c5e600d45ac029357406b05dd82,ed859002ad59dbf8cf3602696a6c3000,2016-10-21 16:25:46,149.9,19.33
2d9e3c3c7f0f3ba8a8fa3db2f1211ceb,2,cfd43c5e600d45ac029357406b05dd82,ed859002ad59dbf8cf3602696a6c3000,2016-10-21 16:25:46,149.9,19.33
2d9e3c3c7f0f3ba8a8fa3db2f1211ceb,3,cfd43c5e600d45ac029357406b05dd82,ed859002ad59dbf8cf3602696a6c3000,2016-10-21 16:25:46,149.9,19.33
2d9e3c3c7f0f3ba8a8fa3db2f1211ceb,4,cfd43c5e600d45ac029357406b05dd82,ed859002ad59dbf8cf3602696a6c3000,2016-10-21 16:25:46,149.9,19.33
2e22dc2fce65e5b9d73a11d717f41724,1,d0f5d2822e06a19526cb384022af2a9a,8a32e327fe2c1b3511609d81aaf9f042,2017-01-25 20:53:19,54.99,26.64
2e2e88c4bb691287b71a9e1ee8a193a4,1,424471a68d6b1ae4a53d39723e6981d3,054694fa03fe82cec4b7551487331d74,2017-01-16 23:42:50,377.0,22.72
2e32dea8a4d1ae5499a67674b387bc6a,1,f9bb291280bceedf7840b89e1e75b89c,391fc6631aebcf3004804e51b40bcf1e,2016-10-21 16:32:48,39.99,11.95
2e7a8482f6fb09756ca50c10d7bfc047,1,c1488892604e4ba5cff5b4eb4d595400,1554a68530182680ad5c8b042c3ab563,2016-10-26 18:25:19,39.99,31.67
2e7a8482f6fb09756ca50c10d7bfc047,2,f293394c72c9b5fafd7023301fc21fc2,1554a68530182680ad5c8b042c3ab563,2016-10-26 18:25:19,32.9,31.67
2e84d66424ec0ddb081078d1411fb1db,1,3df9a620374297d963f991ff296639a4,0c8380b62e38e8a1e6adbeba7eb9688c,2017-01-23 16:17:57,59.5,17.16
2e8e21db96a8ab922e51cd297678c6b2,1,87ecdbf76c33c8f2dabc40eeb821dc6b,d4d99b60c4c94cd35acd502cec65dc8d,2016-10-14 01:16:09,72.9,14.39
2f371d97b4ea52be4c04ef49bb4f31ff,1,8abc2d73b55855c07b6888d4b21b3da6,522620dcb18a6b31cd7bdf73665113a9,2017-01-27 22:55:07,329.9,16.48
2f9d4ee8ca77fe0951ebfe9064cad953,1,cd2c03056720c7de4d6a59c1167bdee0,0ea22c1cfbdc755f86b9b54b39c16043,2016-10-15 12:03:03,79.9,11.17
2f9d791088532b218b41f892cc16073b,1,e500a9395078ba5b59387db0dbee0063,48efc9d94a9834137efd9ea76b065a38,2017-01-09 13:48:48,9.9,8.72
2fbb05b3ee700e1897b9fa501e416005,1,de6517dda8e49774f58c07f80abc8d7a,ffff564a4f9085cd26170f4732393726,2016-10-27 16:29:16,69.0,11.94
2fd1c83dd4714cf3cf796fffb6c8de62,1,17c7ec33a1657924ad493e6978b4bf91,3d01d1c414c44b5943a09619ff3853cb,2016-10-10 15:55:42,99.0,9.12
2fd1c83dd4714cf3cf796fffb6c8de62,2,966a067b38634929844120e39b1576bc,61f159ef6da2d441951d2c0efa719362,2016-10-10 15:55:41,59.99,24.08
3005c05dbcb19ff903a28b5d654bb1cf,1,4fb3bad6b502eaca3b6d7d87bc1613a4,45d33f715e24d15a6ccf5c17b3a23e3c,2017-01-29 16:57:30,59.9,11.81
3027797ce35841bf74917c0b0ea1a38d,1,17469cd3d2559b93669a813860296b8e,a3a38f4affed601eb87a97788c949667,2017-01-19 12:37:26,159.9,16.33
314c025c229f30a1b32658c7555269b8,1,7d854ab97c64ef9df2bbfaf332765786,aac29b1b99776be73c3049939652091d,2017-01-29 12:48:49,59.9,17.16
315da0cfbc485bb00c12a581077cf7b2,1,49eaaa38ac3df51ca790372b47b99604,64b87978a11c1ea7501a89eabe8c2c1a,2017-02-06 22:52:01,69.99,11.1
319ccdc182a8c5d60b228310a6432460,1,fb01a5fc09b9b9563c2ee41a22f07d54,522620dcb18a6b31cd7bdf73665113a9,2017-01-26 16:03:50,689.89,20.04
31b0dd6152d2e471443debf037ae171d,1,473795a355d29305c3ea6b156833adf5,620c87c171fb2a6dd6e8bb4dec959fc6,2016-10-10 16:03:46,59.9,11.3
32339685fefe9062d33175a4bc12d555,1,a8557b8cc2880e245f6e7b7dbb0cfb04,0adac9fbd9a2b63cccaac4f8756c1ca8,2017-01-26 20:25:54,32.9,10.96
323dad8c483c7f8b818a825d257f4aa0,1,152153cc85a6e47325494a479a93fc4b,2138ccb85b11a4ec1e37afbd1c8eda1f,2016-10-11 10:16:04,29.9,8.72
329465dad46fffab333860e92e7ac984,1,92c1eb75a887a500d9689fbad65e27e3,7c67e1448b00f6e969d365cea6b010ab,2017-02-03 22:14:53,199.98,25.0
330a8410950e2c8bd89631999a37b2c9,1,95dacbf52db1d378303344b43f821cb6,cca3071e3e9bb7d12640c9fbe2301306,2017-01-29 18:02:48,129.9,17.65
3312588178a16638759fca54495ef50d,1,6df665a20caa80a66804f836165bbf36,f235413f677777a0738ff215d0184901,2017-01-20 18:36:49,595.99,32.36
3379d980824f0aa5dab057f2530759bb,1,33fac76e7f17367dedaef7954bbb33b4,56642bcb79900e777d68e91915cb4267,2016-10-16 04:01:59,72.0,15.9
338cd98c972c8d9b015759974ca7446c,1,c1a97b7dfb03db09a3736bd6f1eb9034,58e4b302b54937e55a678c4d15111da4,2017-01-30 11:09:11,49.9,14.52
33ef079ec39c1b46e6e552e038e67c5b,1,ace5d86cf1ac63cdb76f49e5cd23d2f8,cca3071e3e9bb7d12640c9fbe2301306,2017-01-25 18:57:33,50.9,11.75
340be9cc41d50a5233f4849d93d8d2f1,1,610a37c2cc32f63b7dfdafef64e5069f,ca3bd7cd9f149df75950150d010fe4a2,2017-01-29 11:32:02,16.5,12.93
3440f090efa1949bc4e9ebd0b89b2b6c,1,0c3256090b6cc52703b152c874827cd7,3985a3c45be355a4c57fde108bfabd1c,2017-01-31 00:34:10,39.9,29.55
3498a243e9fe88c9c4ce97bf7fa4617c,1,bf80e0bf47dacb5f19bac03656bcf4bc,e5a38146df062edaf55c38afa99e42dc,2017-01-28 17:15:56,16.9,11.74
34ac523be174284d7b9df8e47bce2040,1,d5889e40a08a57aff04de227408ed197,1554a68530182680ad5c8b042c3ab563,2017-01-19 14:15:04,38.5,15.56
34ac523be174284d7b9df8e47bce2040,2,d5889e40a08a57aff04de227408ed197,1554a68530182680ad5c8b042c3ab563,2017-01-19 14:15:04,38.5,15.56
34bf4feda1e203af64692d97c6950c39,1,f5d8f4fbc70ca2a0038b9a0010ed5cb0,48efc9d94a9834137efd9ea76b065a38,2017-01-09 12:14:58,10.9,8.72
34c718970b33419ed6d537a90366231b,1,7ed8c74b7ad2f1790a24a24c071da537,46dc3b2cc0980fb8ec44634e21d2718e,2016-10-10 15:44:00,119.99,14.81
35444785eacb17aeda6810ebd8dd188e,1,f2a4a74038882bf1adc8a466962559ec,6edacfd9f9074789dad6d62ba7950b9c,2017-01-24 10:47:03,51.9,16.06
354a5b90cf468691c4b06debfd2c8115,1,45f176c0bd310b5d35594fc78a8ed5e5,a3a38f4affed601eb87a97788c949667,2017-02-01 20:01:21,68.99,19.0
3568894fa3afedc367d3a4816983dceb,1,dfb92838905ead933a01256a80edc894,76d5af76d0271110f9af36c92573f765,2017-01-28 15:59:17,320.0,19.53
356b492aba2d1a7da886e54e0b6212b7,1,eba7488e1c67729f045ab43fac426f2e,620c87c171fb2a6dd6e8bb4dec959fc6,2016-10-21 16:35:37,249.9,17.59
35b8e54d765e6b217e2dc5ab34f6b323,1,b4763c2caeeac2424b64aa199789b81b,897060da8b9a21f655304d50fd935913,2016-10-11 03:10:10,38.0,16.71
35b8e54d765e6b217e2dc5ab34f6b323,2,2c41d13dc2cf0e9c2e8db8952f0f3ff3,897060da8b9a21f655304d50fd935913,2016-10-11 03:10:10,38.0,16.72
35b8e54d765e6b217e2dc5ab34f6b323,3,0bfd2b8146cd034448f6e4c8ac8e47f0,897060da8b9a21f655304d50fd935913,2016-10-11 03:10:10,38.0,16.72
35b8e54d765e6b217e2dc5ab34f6b323,4,0ee7a6e1cd4ecf72e711a2f68b4d8d2e,897060da8b9a21f655304d50fd935913,2016-10-11 03:10:10,38.0,16.72
35d3a51724a47ef1d0b89911e39cc4ff,1,c1488892604e4ba5cff5b4eb4d595400,1554a68530182680ad5c8b042c3ab563,2016-10-14 02:44:30,39.99,22.34
35d8c6d5e060ad24271ffda186312ef8,1,f436a5130457df6b73cdb2c12a90ea2b,dd2bdf855a9172734fbc3744021ae9b9,2016-10-15 13:42:50,169.9,22.66
3630513f30286ed696e4a2e36c79ae3c,1,e0b0974d4a06e6bd75b1412858f39da3,38e679b9e0064cd94c6f035707344dae,2017-02-02 19:17:41,87.74,18.0
36989eb07a0de2d3d3129eea35553875,1,43bb8825dd6838251606e5e4130cfff4,939f6e231201f26803cb5c3a3d2940b3,2016-10-08 13:46:32,23.9,26.82
36989eb07a0de2d3d3129eea35553875,2,43bb8825dd6838251606e5e4130cfff4,939f6e231201f26803cb5c3a3d2940b3,2016-10-08 13:46:32,23.9,26.82
36aa7a4fce4353a2a7f6d2aa9448900f,1,8158477dcd2a668fb6faf6aa4131b0f4,a3a38f4affed601eb87a97788c949667,2017-01-24 14:27:46,19.99,16.05
376cc9a8f827d17966ea7c4b182f4426,1,79938780eb7ffb7289f59a9a283bc06b,ecccfa2bb93b34a3bf033cc5d1dcdc69,2016-10-11 19:28:40,59.9,11.31
37d24e9a88068283d102aebd4f765133,1,b45755e01d70d935e074cdde682bed74,0c8380b62e38e8a1e6adbeba7eb9688c,2017-01-26 23:08:14,89.9,17.37
389815397a4bcdf3dcf64b90c25b3140,1,2636a9812d151c718b53387171ce08be,b17b679f4f5ce2e03ce6968c62648246,2016-10-10 16:03:01,30.97,14.52
38bcb524e1c38c2c1b60600a80fc8999,1,680cc8535be7cc69544238c1d6a83fe8,48efc9d94a9834137efd9ea76b065a38,2017-01-09 12:06:36,2.9,8.72
38c5c2886f2aab75bb1ae3f79a3f300d,1,5a6b04657a4c5ee34285d1e4619a96b4,ecccfa2bb93b34a3bf033cc5d1dcdc69,2016-10-12 09:10:47,54.99,9.49
38e2829123a2bd1cbe111564824d0abb,1,5bfcd193eb29c1c8332e2d4ca804d54f,522620dcb18a6b31cd7bdf73665113a9,2017-01-30 11:14:58,223.9,15.74
38eb881851d90ec36b46d10b81792089,1,aad225c687cc75ba1148d41f2ce414c2,2f4b9d112bfa44a214bc6cef085d17c8,2017-01-31 09:29:40,18.9,17.19
38eb881851d90ec36b46d10b81792089,2,aad225c687cc75ba1148d41f2ce414c2,2f4b9d112bfa44a214bc6cef085d17c8,2017-01-31 09:29:40,18.9,17.19
3937ff0dcfc2d3e0ccf73d9b6521611a,1,777d2e438a1b645f3aec9bd57e92672c,4a3ca9315b744ce9f8e9374361493884,2017-01-28 18:11:44,69.9,26.75
399775d0638168dfd529422f995fcc41,1,4d882bfbe6d83c0671d5b2776d46c248,cb5df0dcb9e280b1780e9d589889f2c7,2017-02-02 14:57:59,209.99,50.0
39d0be719247e3b3a38846ba810197ea,1,e095c986136fd680308f08bc98f20a53,05ff92fedb5be47920fea08e501238b9,2016-10-21 16:18:29,89.0,32.01
3a1756d7060a993e85f1614b43da0c03,1,17383e180cbea9ef103d90a72754cd54,ca3bd7cd9f149df75950150d010fe4a2,2017-01-30 16:23:03,83.2,24.68
3a1756d7060a993e85f1614b43da0c03,2,ea9394ab60edfa4cca87947a938e8046,ca3bd7cd9f149df75950150d010fe4a2,2017-01-30 16:23:03,83.2,24.68
3a6cac3e6717e6a7ee4cb28aaa149a91,1,99b89f140f651db441848081814dd1a1,3340ef1913fb70d28420f6ceb685c339,2017-01-22 20:14:17,199.9,19.99
3aa0a75931f649d9e3e83aaa9d6a95e7,1,0f3777229e40207d248acfd6e1f716b6,e2aee0892199b1d92530e371abd825bf,2017-01-18 21:56:03,169.9,98.63
3aa779fc4b813797c16ac4f02fe808ec,1,30469bb5ea377eae7121981e2f0778e4,80e6699fe29150b372a0c8a1ebf7dcc8,2017-01-17 22:21:41,113.0,36.62
3aa9ae345c5bf7396e8b237717c470cf,1,9523f1a3e7db9e38d55379435bd450c9,834f8533b2ecb6598dd004ff3de7203a,2017-01-21 22:34:59,134.17,16.05
3ab4eea6776259ae8dfbabaeffece352,1,9fc063fd34fed29ccc57b7f8e8d03388,ccc4bbb5f32a6ab2b7066a4130f114e3,2017-01-23 21:08:25,370.0,17.8
3ac963599c50b9beedbcebb47eb33af9,1,66921e471530ee0d23a53ad72f49887f,834f8533b2ecb6598dd004ff3de7203a,2017-01-22 14:32:43,70.83,52.21
3b2ca3293a7ce539ea2379d704fa37ce,1,33e0cfd1cd80a0491da068d7a7f93ff8,dd2bdf855a9172734fbc3744021ae9b9,2016-10-10 15:47:18,169.9,14.97
3b64ff25a4610fb5599e4fd09f907501,1,4fcb3d9a5f4871e8362dfedbdb02b064,8581055ce74af1daba164fdbd55a40de,2017-01-29 13:22:05,143.8,18.3
3b697a20d9e427646d92567910af6d57,1,3ae08df6bcbfe23586dd431c40bddbb7,522620dcb18a6b31cd7bdf73665113a9,2016-10-21 16:27:20,29.9,15.56
3bcf5ba4eec8b84af7663e2e261957cc,1,cae79e3b5c787c231543fa415a20b5cc,56642bcb79900e777d68e91915cb4267,2017-01-28 14:23:45,25.0,14.11
3bd5b53dee9d54938f56208bcc03d855,1,e1772099adc6b03202a50a2aae5efb0c,5f1dc28029d2c244352a68107ec2b542,2017-01-28 12:15:42,45.9,20.8
3be9883ba4ef261dc194228abc739d0c,1,6dab56beb5263f0d554cae5c55809208,f4aba7c0bca51484c30ab7bdc34bcdd1,2017-01-26 20:54:11,26.8,14.52
3c116d50bb76160ee1d7a2e8f5791427,1,9fa0c72476690fbc66bcacc498fe7fd6,e2aee0892199b1d92530e371abd825bf,2017-01-16 18:30:07,39.9,14.52
3c3ca08854ca922fe8e9cedfd6841c8a,1,ac6c24af9f913c9375a3ea77883bda6e,5206cc4bc2297c833e6061c49bf9c43f,2016-10-12 13:21:35,35.0,10.96
3c4f38e27c5f6f27be39c8a2932c43e1,1,0cc13a424dc207f8c4d3b26ea1cd384c,710e3548e02bc1d2831dfc4f1b5b14d4,2017-01-29 00:19:56,349.99,20.73
3c54678edd9d58abadd6af16d0bce506,1,1e9f407b0d5f8f439956c66df050c107,d66c305afaec317ebee552073a674429,2017-01-21 11:26:55,37.9,15.56
3c6f2c25e0bc1279d17395ec365ea14c,1,51b0fbc0001335d988588a43455a7514,e9d99831abad74458942f21e16f33f92,2017-01-31 10:52:15,49.99,10.96
3ce4038922670fead496aeae61a8a393,1,7ead55b1f52de17d6dac82001470b2a2,48efc9d94a9834137efd9ea76b065a38,2017-01-09 13:52:39,10.9,8.72
3d58fd1ee438a43f2a826dda6b013519,1,c2c503e76e239d461b3e92222f6b49c5,f5f2ab9bdb6b30c14c61be68c5ed37da,2016-10-21 16:21:57,41.99,19.07
3d668965eb89ea475911ce3364f73b07,1,001c5d71ac6ad696d22315953758fa04,41b39e28db005d9731d9d485a83b4c38,2017-02-13 05:31:30,79.9,20.74
3d7d60b10ba4b43cf6f6d5df2e933f67,1,5c12fb778168a77e3ffc8d7dd7a689fd,0307f7565ff85b299b6e5ef162b1b1a9,2016-10-21 16:25:18,16.9,10.96
3d7e8f32f5b59e005ccfc1076b4040b5,1,473795a355d29305c3ea6b156833adf5,620c87c171fb2a6dd6e8bb4dec959fc6,2016-10-15 05:02:06,59.9,25.18
3e9334d33c1e64167920675211fb1aee,1,c57d1d566402540eb9be608112ced702,522620dcb18a6b31cd7bdf73665113a9,2016-10-14 15:02:15,49.0,16.11
3eceaafe1639eb6b25f3cd604891c218,1,0a9bba9c02d484c391416587002dae47,b17b679f4f5ce2e03ce6968c62648246,2017-01-28 22:27:20,31.0,14.52
3f72d2b757e725cd48a4726f831c7789,1,eba7488e1c67729f045ab43fac426f2e,620c87c171fb2a6dd6e8bb4dec959fc6,2016-10-10 16:45:50,249.9,17.59
3f913d30288c117e41ffe5cc74743dc9,1,b76d57984db550fe9e6f3ad3467e3025,c9a06ece156bb057372c68718ec8909b,2016-10-10 15:53:07,79.9,18.65
3ff04db80f0b2c359e8e47fdb913d826,1,6f790ed0f75949b7fa234ec087aed912,5dceca129747e92ff8ef7a997dc4f8ca,2017-01-31 13:37:09,669.0,22.0
4047217c6029782c1996e3cec14ef005,1,d696750e550fd0f733979dd7e5dff921,9de4643a8dbde634fe55621059d92273,2017-01-30 23:41:13,179.85,16.47
40599d3d28b75746952ded75566637b9,1,baddee1245c9736a49167f66e0912b0d,48efc9d94a9834137efd9ea76b065a38,2017-01-09 13:01:48,11.9,8.72
4079df924e51e553825e62f9f8995d59,1,078482c5821678267aeb55b8edcdcb29,4d600e08ecbe08258c79e536c5a42fee,2017-01-28 14:22:33,224.16,15.74
4152a677b7acfa7fdab8dc8e1dd436eb,1,0dcbc0d012d42719216ea7dff6b90a6f,46dc3b2cc0980fb8ec44634e21d2718e,2017-01-28 19:39:42,199.99,16.16
4269e9f98b1e74f0732bc93de6aaca6f,1,c86f95986c7050bf988aed62520093e7,b1fecf4da1fa2689bccffa0121953643,2017-01-27 10:21:21,310.9,20.31
42c5091238dc63339c79f5f35f8a5a6b,1,4b88b15eb9d5ad74ffa095bcd4ddb64f,2199e7fe213c16213bf5d6a7eadc9a5d,2016-10-14 11:04:05,311.0,27.68
43a5d40681ed4ffe2ed88d6fb2639545,1,6a4afe6c644493c0a79d2c54c8149938,cca3071e3e9bb7d12640c9fbe2301306,2017-01-29 22:15:00,69.9,11.88
43d29c6fc78c31c80080d85e5260a9fb,1,f5d8f4fbc70ca2a0038b9a0010ed5cb0,48efc9d94a9834137efd9ea76b065a38,2017-01-09 14:36:18,10.9,8.72
43f8e020752c67130ddf027e0297291a,1,8dacc114d37ff4b78075db0d2464022e,6cd68b3ed6d59aaa9fece558ad360c0a,2017-01-30 17:40:03,87.9,14.79
4418075144d646b6ecb7228571cec59e,1,f05901e010ebaa3924276751a35e6004,4a3ca9315b744ce9f8e9374361493884,2017-01-31 17:39:36,59.9,50.0
4421f094ff828b78aba6d18db005821d,1,d32c445df9d36f1cdfc915ed14ee44cd,b335c59ab742f751a85db9c411a86739,2016-10-14 12:02:36,65.9,23.18
444ba35537c4a2b24c3bf2e576ee98ac,1,902f869d68a62356e8f9d054ad5e9072,004c9cd9d87a3c30c522c48c4fc07416,2017-02-02 10:34:34,119.99,20.92
44ed09232a24ad29cf2457b2780e806b,1,0d3847e4cbb1d79d2e28b2156f1e11f2,7c67e1448b00f6e969d365cea6b010ab,2017-02-04 22:44:11,176.99,96.63
452b706af12e25e6c8c740b4dc493ab0,1,afbe1e973aefbf72a330e3bc72d4b476,4a3ca9315b744ce9f8e9374361493884,2017-01-12 09:35:14,68.9,15.69
4551b488487e6cfa31f9e35073d3c5d4,1,1e571e871a93944c5c48e6226f2cd94e,ecccfa2bb93b34a3bf033cc5d1dcdc69,2016-10-15 17:16:28,87.99,16.61
45973912e490866800c0aea8f63099c8,1,46d66b9ad911a2cea5e3c9127aa7fac5,ed859002ad59dbf8cf3602696a6c3000,2016-10-11 22:58:38,178.9,21.75
45973912e490866800c0aea8f63099c8,2,46d66b9ad911a2cea5e3c9127aa7fac5,ed859002ad59dbf8cf3602696a6c3000,2016-10-11 22:58:38,178.9,21.75
45bff70fb7b99a5a33bc8ccb3786e170,1,838944cf86ccee50e01a52fba21cf29b,b56906f7fd1696e043f1bcce164c487b,2016-10-14 12:02:12,56.0,20.47
45ec58d30f2023e4dac16d956a657ddd,1,afad7a4420a4348d41da23ed8d0902dd,3481aa57cd91f9f9d3fa1fa12d9a3bf7,2016-10-15 05:02:02,59.9,27.61
46046adea0e222a29259bad3d922fee8,1,79bcd1f7f00535c801244eb999d8d290,99eaacc9e6046db1c82b163c5f84869f,2016-10-21 16:29:32,199.0,15.98
46081612169925ef8882b3bbf1c5011d,1,8681c71d24e694aaa4c582760736dd00,0ea22c1cfbdc755f86b9b54b39c16043,2017-01-27 08:35:27,44.9,11.06
46081612169925ef8882b3bbf1c5011d,2,d1b8f5983d9573c8e523b8c56a59497d,0ea22c1cfbdc755f86b9b54b39c16043,2017-01-27 08:35:27,79.9,11.07
464de32dc84484c1d26df3e8e38e708b,1,036bcd084feae22f3a997f5080ec30df,48efc9d94a9834137efd9ea76b065a38,2017-01-09 15:25:04,6.9,8.72
46936461f0c4e3c80b9289ce5fc1682a,1,fd37eb547d2c63b60bcefd68951ee54d,cca3071e3e9bb7d12640c9fbe2301306,2017-01-14 19:27:22,129.9,20.99
469f0b908881368c45917f1bed8240ce,1,f422d0d9f8b5f7c27289382b14b61248,1554a68530182680ad5c8b042c3ab563,2017-02-04 21:35:25,66.99,17.21
46e61fd85afa09032021c9b0b507b693,1,b1ffef38f0db9fb4e1a6f91b47ec63d4,89bc797e2e29667aa035d4368f9b7f92,2017-01-30 14:41:39,13.0,10.96
46f05e5ae3a2b822e2f4148d99f69ca4,1,b4f9530c931398e215242293c2c8ba4c,4e922959ae960d389249c378d1c939f5,2017-01-22 19:24:49,45.0,17.91
46f05e5ae3a2b822e2f4148d99f69ca4,2,b4f9530c931398e215242293c2c8ba4c,4e922959ae960d389249c378d1c939f5,2017-01-22 19:24:49,45.0,17.91
4723d255a158f5b6c5a872264e3529c5,1,7cd29da0653abeb444703cc5a957f479,620c87c171fb2a6dd6e8bb4dec959fc6,2016-10-13 14:55:15,49.9,18.82
47378b461210a310c95e17323f7dd726,1,72af228db018a06518f1b2a8c070a2ac,83e197e95a1bbabc8c75e883ed016c47,2017-01-31 05:27:14,124.99,19.15
4799c38fa3f9263d65b42c5f923538c6,1,7569eb05a9b91e5137cd9cf7494043e5,59fb871bf6f4522a87ba567b42dafecf,2017-01-28 09:42:13,164.99,16.85
481f2db41ea6571226192db2b584fa6e,1,2636a9812d151c718b53387171ce08be,b17b679f4f5ce2e03ce6968c62648246,2017-01-30 18:27:04,30.97,14.52
48ae7afdc684e9aff52a26bb84bce016,1,e5fe5612792826b2c61371acf1480225,8a32e327fe2c1b3511609d81aaf9f042,2017-01-26 17:11:39,44.99,15.56
48c43415ea1c4af9afa92542183b6e55,1,5cca824e6a0eebe738c8a6381d0d9349,4e922959ae960d389249c378d1c939f5,2016-10-21 16:29:59,19.0,14.52
49268496ecf8148bd16540c2a23c6c70,1,085481a1b9ec9eaa346ae0a39bd3c340,41b39e28db005d9731d9d485a83b4c38,2017-01-23 23:12:08,109.5,37.71
494c2e94dcd29167f5fe359a45aa879d,1,ef9ae4fb9a9005e8e463cc2616084276,38e679b9e0064cd94c6f035707344dae,2017-01-27 11:43:58,203.37,33.72
49c89a2aba7f8f079681f6967d846465,1,a703f5ade6e4fae527357132230ea778,f4aba7c0bca51484c30ab7bdc34bcdd1,2017-01-29 13:33:37,23.9,16.05
4a571f5e71e16ce232386c80d485db65,1,b14becd90b0c2fe7819c324c6a41168d,4e922959ae960d389249c378d1c939f5,2017-01-25 10:17:29,35.0,14.72
4a65f44b9d88b8af9f97037e89366abe,1,edd268662f0b2a4f131cf4690ca6cbc8,b2ba3715d723d245138f291a6fe42594,2017-02-04 10:56:10,294.9,14.64
4ac9d969022c4a7ba509b39bb0f3d36c,1,243bb58796ed2164b831fb75e1241888,2138ccb85b11a4ec1e37afbd1c8eda1f,2017-01-30 16:59:33,27.99,14.11
4b038a7f8dfc36755eca741381e379e3,1,79938780eb7ffb7289f59a9a283bc06b,ecccfa2bb93b34a3bf033cc5d1dcdc69,2016-10-21 16:26:52,59.9,17.7
4b038a7f8dfc36755eca741381e379e3,2,79938780eb7ffb7289f59a9a283bc06b,ecccfa2bb93b34a3bf033cc5d1dcdc69,2016-10-21 16:26:52,59.9,17.7
4b7c1bc59d4ec725d8530c19ec09b06f,1,027cdd14a677a5834bc67a9789db5021,620c87c171fb2a6dd6e8bb4dec959fc6,2017-01-30 10:21:45,99.9,14.87
4baa3882a6f5d47e5ac98cd10c942c4f,1,54f45413afc0d5480c59f5dfeed2d19f,5ab05b6d86d417796c69ffd6774ec832,2017-01-24 21:20:07,99.9,15.81
4baa3882a6f5d47e5ac98cd10c942c4f,2,54f45413afc0d5480c59f5dfeed2d19f,5ab05b6d86d417796c69ffd6774ec832,2017-01-24 21:20:07,99.9,15.81
4ccd8da82485c892ae90284af589153a,1,9766ad53f42ee034fbc0e29c85fe626c,41b39e28db005d9731d9d485a83b4c38,2017-01-29 12:18:11,99.9,23.16
4ceb9336411700f9568db2ef11bda594,1,9abb00920aae319ef9eba674b7d2e6ff,1771297ac436903d1dd6b0e9279aa505,2017-01-23 22:41:52,40.0,14.52
4ceb9336411700f9568db2ef11bda594,2,9abb00920aae319ef9eba674b7d2e6ff,1771297ac436903d1dd6b0e9279aa505,2017-01-23 22:41:52,40.0,14.52
4ceb9336411700f9568db2ef11bda594,3,9abb00920aae319ef9eba674b7d2e6ff,1771297ac436903d1dd6b0e9279aa505,2017-01-23 22:41:52,40.0,14.52
4ceb9336411700f9568db2ef11bda594,4,9abb00920aae319ef9eba674b7d2e6ff,1771297ac436903d1dd6b0e9279aa505,2017-01-23 22:41:52,40.0,14.52
4d1f73fde643f7a1d08d400816850265,1,f408131193fe9da16836115414229012,b1aaae6b66ad3c40f54b389d7ea4bee0,2017-01-26 11:08:52,86.25,15.9
4d2c3fb1909604d5f9474e4675971ef2,1,47c064333cf67e5cdc8243db3f095767,b499c00f28f4b7069ff6550af8c1348a,2017-02-02 14:05:53,24.99,4.5
4d2c3fb1909604d5f9474e4675971ef2,2,47c064333cf67e5cdc8243db3f095767,b499c00f28f4b7069ff6550af8c1348a,2017-02-02 14:05:53,24.99,4.5
4d2c3fb1909604d5f9474e4675971ef2,3,47c064333cf67e5cdc8243db3f095767,b499c00f28f4b7069ff6550af8c1348a,2017-02-02 14:05:53,24.99,4.5
4d2c3fb1909604d5f9474e4675971ef2,4,47c064333cf67e5cdc8243db3f095767,b499c00f28f4b7069ff6550af8c1348a,2017-02-02 14:05:53,24.99,4.5
4d66b3a9d12facad48a3b23cc9fe7898,1,0c5801458e74f9b6c23b44c331426e30,e8f6dc8e6a1dcde89d20e3995c8d90b3,2016-10-08 14:09:08,89.9,17.51
4d7a365119241cbd17c7afb5b39bb9a0,1,1eb85357e22bf0c8c2a6f10eafad8423,522620dcb18a6b31cd7bdf73665113a9,2017-02-02 20:53:13,309.9,18.0
4d9aeb0219e736ad9dd72af9f25b3f88,1,9fa0c72476690fbc66bcacc498fe7fd6,e2aee0892199b1d92530e371abd825bf,2017-01-16 00:06:12,39.9,10.96
4dd47e84e6b8ff4a63d0b8425e6d788e,1,2aa489c905e1d41d8c716a6d6912d8c2,620c87c171fb2a6dd6e8bb4dec959fc6,2016-10-11 01:09:09,299.9,13.68
4deb2316dadf42f0daa6b8965d384ba8,1,cd2c03056720c7de4d6a59c1167bdee0,0ea22c1cfbdc755f86b9b54b39c16043,2017-02-02 14:46:06,79.9,5.14
4deb2316dadf42f0daa6b8965d384ba8,2,f727305c90ca9b9c36d4e84a817bc01d,0ea22c1cfbdc755f86b9b54b39c16043,2017-02-02 14:46:06,59.9,12.86
4e36d0170c671378f49f701a810360ae,1,9fc063fd34fed29ccc57b7f8e8d03388,ccc4bbb5f32a6ab2b7066a4130f114e3,2017-01-14 13:29:22,370.0,19.43
4eca6c2d172953276c75dd0e1bedce25,1,990ecadcf56234a68b3a0af8d01c0d8a,620c87c171fb2a6dd6e8bb4dec959fc6,2016-10-10 16:51:46,59.9,14.93
4ed01120b6d2cbb2a2fe37897f9611f4,1,0cc13a424dc207f8c4d3b26ea1cd384c,710e3548e02bc1d2831dfc4f1b5b14d4,2017-02-01 23:41:13,349.99,50.0
4fb7f38042d214ada4d81cc23d228cc8,1,dd6a505f83dd3c6326aa9856519e0978,fa40cc5b934574b62717c68f3d678b6d,2016-10-15 10:44:13,49.9,24.84
4fe2e8b329e56a00aba9b0136b46f00f,1,53bd0c908c6ab820c9828763348728ef,cca3071e3e9bb7d12640c9fbe2301306,2017-01-20 11:06:56,69.9,13.07
50013835d7b14aefb452825864d3e414,1,473795a355d29305c3ea6b156833adf5,620c87c171fb2a6dd6e8bb4dec959fc6,2016-10-21 16:19:17,59.9,14.86
500e2838d85214e92e2c15b2fd5303b7,1,1da5a90b5fbd1e1bc37b7bbb999c7bd3,de66a66f2dd06bb9ec37aa96987466a3,2017-01-28 22:49:12,45.89,14.11
509a52223ecac6d67fb765b3b37c6974,1,10dd77710da08ea43018cb3b4cedff92,38e679b9e0064cd94c6f035707344dae,2016-10-21 16:23:01,44.9,20.8
50f357099566f1be7abfaf8d9dc5b004,1,bcaa4355b2521984b94978febf3f2b10,bd4ff04377f974574f7f0bf9d6ce7dde,2016-10-21 16:34:06,39.99,11.81
51725d3e4bdfc97e28b40543310da8a3,1,79938780eb7ffb7289f59a9a283bc06b,ecccfa2bb93b34a3bf033cc5d1dcdc69,2016-10-09 17:06:52,59.9,14.87
51725d3e4bdfc97e28b40543310da8a3,2,8f1e43e0e3374ed8c84df748034d6179,ecccfa2bb93b34a3bf033cc5d1dcdc69,2016-10-09 17:06:52,59.9,14.87
517e0a52c193102990befc46a5c5245a,1,bb0697bdc552a255c992d331ca09afe3,8b11118053756a9a2932f447e11fc1b5,2016-10-10 23:11:28,79.99,11.17
51b79a492b5e53504ce70340ce111374,1,61984b4164968929229a5bed244e353d,4a3ca9315b744ce9f8e9374361493884,2017-01-14 16:31:22,48.9,15.56
51ceba3ba51d4b4543e7f78e181e0ba9,1,7c68e7297c7df2535c9f0dcd61007f64,bb135baca94c82fcb731335ad5b04a03,2017-01-27 13:31:26,9.9,10.96
51ceba3ba51d4b4543e7f78e181e0ba9,2,7c68e7297c7df2535c9f0dcd61007f64,bb135baca94c82fcb731335ad5b04a03,2017-01-27 13:31:26,9.9,10.96
51ceba3ba51d4b4543e7f78e181e0ba9,3,7c68e7297c7df2535c9f0dcd61007f64,bb135baca94c82fcb731335ad5b04a03,2017-01-27 13:31:26,9.9,10.96
51ceba3ba51d4b4543e7f78e181e0ba9,4,7c68e7297c7df2535c9f0dcd61007f64,bb135baca94c82fcb731335ad5b04a03,2017-01-27 13:31:26,9.9,10.96
51ceba3ba51d4b4543e7f78e181e0ba9,5,7c68e7297c7df2535c9f0dcd61007f64,bb135baca94c82fcb731335ad5b04a03,2017-01-27 13:31:26,9.9,10.96
5204d67853f827d1ee32810bf8f2d6c2,1,b6f134ff2933bb0ee1f36e2865f21a91,0c8380b62e38e8a1e6adbeba7eb9688c,2016-10-10 15:45:44,139.9,21.34
529c56bdb881d790cc51c6eea4f7b004,1,d4f91ac96799dc3d9221293e29892e30,afa6714acee029b2dfdf357e5579cc03,2017-01-28 22:38:56,139.99,22.91
53cd36155a7bf507095985b2f26368a5,1,0ab80f38a21093b448518f68efe82c24,440dd6ab244315c632130ecfb63827b1,2017-01-16 09:45:32,19.9,10.96
5497655681652e7e1306139bb5d04a14,1,f32af0a8b0bcb05b60f05e8907ad8866,2a1348e9addc1af5aaa619b1a3679d6b,2017-01-27 22:23:01,29.9,14.52
54bb06e1ca86bd99ee2a8d6288bf4ede,1,bef13288a0f8b26d763411ced1dfa268,cf281cf8b7affbdfe751b29cc85580e1,2016-10-29 09:43:46,64.9,25.33
54d744a4410b1edccc36c6d1f1c7e097,1,baeb8e1a680cf9e1f13557d74b6cec3d,a36ac007a4d18f865c8d32c3b2402c2d,2017-01-28 13:32:22,129.99,16.02
55090b3dd39aed5a2019b57cce6b174d,1,027cdd14a677a5834bc67a9789db5021,620c87c171fb2a6dd6e8bb4dec959fc6,2017-01-31 09:33:01,99.9,25.19
552e0a8dae101e32155120202f427b71,1,e4fe462cce9f36e312b869418a86bc3a,2b1a40c1daabc6ca280c4b815c101841,2016-10-14 08:35:12,195.0,34.57
552e0a8dae101e32155120202f427b71,2,e4fe462cce9f36e312b869418a86bc3a,2b1a40c1daabc6ca280c4b815c101841,2016-10-14 08:35:12,195.0,34.57
555761ab2426364f42e9e018047df4e0,1,9805b37a2e4983fb5dbb5c8168590c44,d101c6da914ae3d53f7bee42283f2fe2,2016-10-11 14:52:05,89.9,23.27
5582d9b46edf97ccc2f3b993c39ace3e,1,9319e2f1f22df2c8e4a74f8b8f392e24,2138ccb85b11a4ec1e37afbd1c8eda1f,2017-01-30 11:58:33,22.99,10.96
55b2e390d5d80ada31ad1b795ebeb087,1,c856eb93568d1abd93fbc39fc0a9704e,ed9eef5be0992d413d251fadba1a410d,2017-01-30 00:20:23,44.9,19.58
55b2e390d5d80ada31ad1b795ebeb087,2,ba1446377b3e8fb2c3ec8c7b59a0d9ba,ed9eef5be0992d413d251fadba1a410d,2017-01-30 00:20:23,44.9,22.02
566f53fc7d36fa366f7e221468121877,1,02a99f266fc960423c1186ecbd627804,4da0e408c99d2fdc2126dc9fce518060,2017-02-04 13:15:42,69.9,15.7
56a726fa0f40d3678696e62aaed9690d,1,9fe172fa8e662ca8572cf12abf8bce23,cab85505710c7cb9b720bceb52b01cee,2017-01-29 00:46:17,49.9,10.96
56eb381fff8db8d35134693062514084,1,7f524cd9e1d47c5aa4b15b54d6d146cb,7a073a40a9d3f1fee8bc45670ea1e909,2016-10-25 06:03:26,95.0,17.78
56ef80c564f6fd57cc662adee0379746,1,06e73ddcb54620a36bfdb2e073c4dc40,0ea22c1cfbdc755f86b9b54b39c16043,2017-01-20 14:24:22,34.9,14.52
57c0b0276ce0eaf721a4424bf077ce8b,1,8814a3da37fb9673a5ac06f82a2a00a9,391fc6631aebcf3004804e51b40bcf1e,2016-10-12 09:03:41,59.9,32.4
57c0b0276ce0eaf721a4424bf077ce8b,2,8814a3da37fb9673a5ac06f82a2a00a9,391fc6631aebcf3004804e51b40bcf1e,2016-10-12 09:03:41,59.9,32.4
57c0b0276ce0eaf721a4424bf077ce8b,3,52b668edc0d0c20cd9319bfda4019597,391fc6631aebcf3004804e51b40bcf1e,2016-10-12 09:03:41,59.9,16.2
587a39d6ab7297ee16b3d5ebdaa0f776,1,927a7ee2d74e3a1123047f40b42fcc09,b2ba3715d723d245138f291a6fe42594,2017-01-15 18:32:24,164.9,15.91
588454faf6ae4ce8b0f387e19b7115a2,1,b74d57e3377dd78aace6d070fc48cc88,4a3ca9315b744ce9f8e9374361493884,2017-01-14 13:58:33,65.9,22.39
5897449bce69856d88610b3c0f4f63b5,1,b0364648b1c062169015d9234d97d306,4da0e408c99d2fdc2126dc9fce518060,2017-01-19 21:46:43,183.9,15.46
58c851c107a9a3e21e03a9e2a1951d12,1,6cdd53843498f92890544667809f1595,ccc4bbb5f32a6ab2b7066a4130f114e3,2017-01-30 22:39:00,349.9,24.38
5933483834803a0e8e9fcd26cdb3774d,1,d2fdf77a5b302a3adfb145131a217f2e,4a3ca9315b744ce9f8e9374361493884,2017-01-27 22:40:22,89.9,12.02
594bad57a253656f86d8282c5365be89,1,977e5f8adaa0cd1dac4f4b1969ec598b,56db5c0782e8f7ddc9343f9576ff6d16,2017-01-31 22:01:41,174.9,18.0
5965b589a33443dd1f820eb7df39762a,1,f5d8f4fbc70ca2a0038b9a0010ed5cb0,48efc9d94a9834137efd9ea76b065a38,2017-01-09 13:36:41,10.9,8.72
59db0cf65fd439e6e76ec105e3aa421c,1,df297ceffd7a315a71586ace7d041ff2,0ea22c1cfbdc755f86b9b54b39c16043,2017-01-31 18:47:11,24.9,18.0
59e7ca596664da0a459a145eb95cc9c5,1,bf128b5dced56e2ec0391179eb70443d,46dc3b2cc0980fb8ec44634e21d2718e,2016-10-21 16:20:49,329.99,12.7
59f26737bbeea8142a7e982cfce13e7a,1,707e0fe138efb7009e1cd32efe19ce83,fa5fdc4e4bb6bd1009ad0e4ac4096562,2016-10-14 13:01:34,161.99,32.86
59fa27082bb77c5dbd8a6568f3b34380,1,4e0946aebc8e1d7521219ec1e7380aed,817f85dbb65aa3e70831d90fe75cdf89,2016-10-21 16:35:22,128.9,16.04
5a1b8ce8aee70bd3445109304936c826,1,664e6b2966fbf2ba213de566c311cd58,fa1c13f2614d7b5c4749cbc52fecda94,2017-01-17 15:11:52,279.0,26.44
5a37429384be05ca14780e4989543688,1,a5f6ba3fe91a2e73f10b612131cb2404,4e922959ae960d389249c378d1c939f5,2017-01-22 17:42:22,60.0,14.59
5a4cc097e0e591ab3f150524b83d81af,1,38650206798cd31f659906705a0eff70,cca3071e3e9bb7d12640c9fbe2301306,2017-01-27 03:35:44,119.9,15.95
5a7ae4ca802c14fdff19558a4fee8727,1,f9bcf9d8e89d012d7dc24fe4de0abd80,897060da8b9a21f655304d50fd935913,2016-10-16 04:01:55,164.0,18.65
5b1376fe61863fe3508011db309e35fe,1,2235d08138bfce7801a73463a3168ea5,440dd6ab244315c632130ecfb63827b1,2016-10-09 03:11:34,149.9,27.38
5bda3e4d7080c484cd646a53165a7892,1,a063b454bac19ab435a4594bab9b9eed,700f03c207639c22d933381ff60b35c2,2016-10-11 21:59:02,379.98,35.7
5c5177333fb1fce1f4bb65868988f204,1,f25bbb88c1a219c21b1af6b99895b960,aaed1309374718fdd995ee4c58c9dfcd,2017-01-28 15:44:05,65.9,15.67
5c5c9fde60ffb741545cf2608e8c12ca,1,4af813a3e5bc89370ef80fe126542076,46dc3b2cc0980fb8ec44634e21d2718e,2016-10-14 11:02:17,549.99,63.79
5c973d2b4652e1dec15353b59339f3b4,1,e9eebb8e8ba0fadb9020f8ba1c003b48,620c87c171fb2a6dd6e8bb4dec959fc6,2016-10-11 12:13:52,349.9,13.61
5cb8558cbb7c0c2f00f43468579d3e3c,1,ad5396bf96af6ede77130e54ad266c61,184a67a8f9f63234d3a92340bbdb727f,2016-10-09 03:10:59,22.37,17.78
5cc475c7c03290048eb2e742cd64cb5e,1,3410cbd7df2130ec3cb9300ef0fe3df1,897060da8b9a21f655304d50fd935913,2016-10-09 03:10:31,71.0,11.69
5cd498954e2b37d71b315166809b4bd7,1,896a64a7f34cdfef2c60ce59fa2a148f,82bd0703a4aefd6b599e5bfdaed378fb,2016-10-12 03:56:16,44.9,15.63
5cd498954e2b37d71b315166809b4bd7,2,896a64a7f34cdfef2c60ce59fa2a148f,82bd0703a4aefd6b599e5bfdaed378fb,2016-10-12 03:56:16,44.9,15.63
5cd498954e2b37d71b315166809b4bd7,3,896a64a7f34cdfef2c60ce59fa2a148f,82bd0703a4aefd6b599e5bfdaed378fb,2016-10-12 03:56:16,44.9,15.63
5d36e8ca3ccd1262b7641467fdba0b8e,1,daf9915404caf75fa1717a436b46fa14,0f519b0d2e5eb2227c93dd25038bfc01,2017-01-31 12:10:46,79.9,23.0
5d5b8c94e2bc6b963da5af8a4b02bf08,1,7721582bb750762d81850267d19881c1,0c8380b62e38e8a1e6adbeba7eb9688c,2017-01-26 10:08:18,59.5,21.05
5d6e9993ecc20a59e637ce711858d081,1,3c2f792f1041177a81913a977431a99e,6ee85be3693ed79a8e80718743d80655,2017-01-26 11:26:57,29.5,14.52
5d97051b2fbe2d850d8c195e054735b4,1,11875b30b49585209e608f40e8082e65,669ae81880e08f269a64487cfb287169,2017-02-02 09:49:10,65.0,18.0
5da2004d85f2828349d887c989da2adc,1,72bf8fd8b4596a7fa2c2cfab031204ed,87f3e35268860433e13d577825aada95,2016-10-11 02:48:26,19.9,14.52
5dc269b7c4dce1624653e914a1b739f5,1,20518c6950587eb5e8f02dad2fa0d685,aae3bfea055532c57fb453ed3ec80b30,2017-01-22 17:20:39,77.08,11.15
5dccad03ac8016afdcdb7cc0227ec9d7,1,402e8d6a95c83da5c3cef16b795329b9,6edacfd9f9074789dad6d62ba7950b9c,2017-01-29 15:10:14,66.9,14.64
5de59551c282b892ae9ff238fd557145,1,679804d4938f8bf53025298b725f2eb6,e3b4998c7a498169dc7bce44e6bb6277,2017-01-20 16:24:13,32.9,10.96
5f4c8250b9e6ee47971e0b19da4aa0f2,1,c62dee961914cc2e49239963b04258ec,38874e327ce94d11390b96eb42d61928,2016-10-12 11:12:54,689.99,93.23
5f834cc4ee109c58dff88c60b8ba5ecf,1,7a18f72d8f0acfbd60eea36f2644ce8e,4bde6149c15cf7e177b36fa060dd6de8,2016-10-21 16:35:18,79.9,16.33
5fe46d14177744ae2180101ce19bb414,1,aad225c687cc75ba1148d41f2ce414c2,2f4b9d112bfa44a214bc6cef085d17c8,2016-10-11 11:39:35,18.9,22.28
5ffbbd67f14392efe8fd533d38cd1338,1,196616257eff8bc851dc4fc041cbbbe9,701938c450705b8ae65fc923b70f35c7,2017-01-31 19:04:57,103.99,9.5
5ffbbd67f14392efe8fd533d38cd1338,2,196616257eff8bc851dc4fc041cbbbe9,701938c450705b8ae65fc923b70f35c7,2017-01-31 19:04:57,103.99,9.5
60762802b48bb6d256d55b013d115013,1,eba7488e1c67729f045ab43fac426f2e,620c87c171fb2a6dd6e8bb4dec959fc6,2016-10-21 16:35:08,249.9,14.03
60856ac7677a70cd87ad25d9b34d051b,1,a18c130946b89ab774bc5948fe71e2a5,ce27a3cc3c8cc1ea79d11e561e9bebb6,2016-10-21 16:24:25,15.0,10.96
60e2fe3a23e71c24f3ab0f648ebd6a8f,1,860a24fe5502e492593ec000b1c33559,f650a9708fa1bab22bdd8d3a818cc415,2017-01-29 13:42:49,91.71,14.81
616b813dbea8acc9de0ca0380cd89b83,1,dbd024d4182504993ad1e3cd2ee9d9e9,ffff564a4f9085cd26170f4732393726,2017-01-26 19:04:32,29.4,16.05
616f1f539d7add607844e0199fed7ea6,1,a0fe1efb855f3e786f0650268cd77f44,ef506c96320abeedfb894c34db06f478,2017-01-27 07:03:04,21.99,8.72
616f1f539d7add607844e0199fed7ea6,2,a0fe1efb855f3e786f0650268cd77f44,ef506c96320abeedfb894c34db06f478,2017-01-27 07:03:04,21.99,8.72
6219ece1f053a3ffa649340e87cd93d2,1,aa2b29bee083c3eb3779f39fc09527b7,46dc3b2cc0980fb8ec44634e21d2718e,2017-01-24 15:08:05,349.99,20.69
62246c16a32a0866943f17d7b42db940,1,2c818013dbc95f5cd2d6a393a31813e0,391fc6631aebcf3004804e51b40bcf1e,2016-10-21 16:30:18,49.99,19.36
62260701eb6b51252ed47c4967b1a48d,1,913580fde3e72c3b3e4ce0b79963bee6,b76dba6c951ab00dc4edf0a1aa88037e,2017-01-20 13:21:19,10.99,8.72
6248b0a9b547366913fb67922a7a2b77,1,06ead9c0b05b368667d858c09148af03,b2ba3715d723d245138f291a6fe42594,2017-01-23 15:11:28,109.9,14.94
625b3ac41fea45dbd5aaa02d0941ee59,1,027cdd14a677a5834bc67a9789db5021,620c87c171fb2a6dd6e8bb4dec959fc6,2017-01-30 10:58:56,99.9,14.87
632ba34265b5449d1f742d24cacf1208,1,33731b575da5eeaa98cd7c30b2c5c2e0,bfd938b22bc99bce1ae60dc602889f52,2017-01-26 21:50:07,69.9,19.19
632ba34265b5449d1f742d24cacf1208,2,33731b575da5eeaa98cd7c30b2c5c2e0,bfd938b22bc99bce1ae60dc602889f52,2017-01-26 21:50:07,69.9,19.19
632ba34265b5449d1f742d24cacf1208,3,33731b575da5eeaa98cd7c30b2c5c2e0,bfd938b22bc99bce1ae60dc602889f52,2017-01-26 21:50:07,69.9,19.19
6335afd8e6b7eb0ebc8bb71ea0008f6f,1,cac8035fdb858496d8e1b60ba8907d24,822b63912576852aea9a8436d72317b7,2016-10-14 11:03:07,949.99,21.97
63638a6806d67773f3adba8534553fff,1,85b99d83c60cab5b4d8f927ad35212a1,b335c59ab742f751a85db9c411a86739,2016-10-08 13:47:45,67.9,18.98
63f4ff5d2266b242ba0ce7c3ad390029,1,9abb00920aae319ef9eba674b7d2e6ff,1771297ac436903d1dd6b0e9279aa505,2017-01-26 22:54:32,40.0,10.96
640aef9709beda161ca0b5af58ac437c,1,abba22ec8f8647474e51e996d74da8e7,54aa8463e87776b5612f4bdc4bd5d4de,2016-10-15 05:03:14,269.9,16.65
64410a4fbf4904d3f9445bf58e9491b5,1,b4f9530c931398e215242293c2c8ba4c,4e922959ae960d389249c378d1c939f5,2017-01-28 12:21:50,45.0,11.03
6460e331ee8f69c01f1423cca48d9991,1,6b2c1aa8429875eb5ade006973f8bad8,ce27a3cc3c8cc1ea79d11e561e9bebb6,2016-10-15 05:02:26,6.0,14.11
64ba433f9d86e1df4e9cb86b1a3884d1,1,913580fde3e72c3b3e4ce0b79963bee6,b76dba6c951ab00dc4edf0a1aa88037e,2017-01-30 21:11:42,10.99,15.65
64ba433f9d86e1df4e9cb86b1a3884d1,2,913580fde3e72c3b3e4ce0b79963bee6,b76dba6c951ab00dc4edf0a1aa88037e,2017-01-30 21:11:42,10.99,15.65
64cad05fe3f34277719621c70f416ad2,1,ffa8916ae85546ee99d1965b28e447ae,422be4cc81a457fdb46f47edeb968ae5,2017-01-30 16:20:32,239.9,77.47
64f5569ef96004a1e1137bdf28fd4c45,1,ecac086eca2f806295b1f43b4f6ca119,dc8798cbf453b7e0f98745e396cc5616,2016-10-10 15:59:50,54.9,14.73
65d1e226dfaeb8cdc42f665422522d14,1,9c7bdf67b06b419aefb93cfdfc96c55d,ed49da7cadefc454d6a67de249eab240,2016-10-21 16:24:43,21.5,14.11
65fd2f07bc74b8df1728cc3ee9e19ebb,1,5bfcd193eb29c1c8332e2d4ca804d54f,522620dcb18a6b31cd7bdf73665113a9,2017-01-30 18:19:41,223.9,15.74
660c604f50fc9edcf854689682d1560e,1,21a95b5525c6d658ff4e5e1b50f7c02d,46dc3b2cc0980fb8ec44634e21d2718e,2017-01-22 10:27:19,149.99,11.66
660e589af9553d75506968867c922d91,1,146e38440bfc14b0d923856ddac3709f,46dc3b2cc0980fb8ec44634e21d2718e,2017-01-29 23:30:25,349.99,18.7
668ee4108169a1d58c55b20ddc3fa3c9,1,027cdd14a677a5834bc67a9789db5021,620c87c171fb2a6dd6e8bb4dec959fc6,2017-01-30 11:32:30,99.9,18.13
66f1a7baf73c12eb3af95058da54b6f8,1,b993dfaf418915ff7d0aa74016f030f7,827f8f69dfa529c561901c4f2e0f332f,2017-01-24 22:11:31,34.9,14.11
66f5111aa3f376fd7dfa577aa7c57515,1,fcde1899043318107d8f0ae043f69bc3,d66c305afaec317ebee552073a674429,2017-01-31 15:00:25,99.0,18.0
67418605ab8f9414a2e238bbcdde1312,1,6c32e1f7898b6a905ee6ccf087461abd,62c50c1af4dfdc4149d25c5222043d39,2016-10-12 18:34:07,129.99,9.9
6744d76b253e71e06a89867248227b9c,1,3a70556370b28da113dfdd18d2da5413,cca3071e3e9bb7d12640c9fbe2301306,2017-01-18 12:46:35,59.9,24.91
676157c2d1075c88ea0009f8d7d2d389,1,f0f3c686ec837b27ec9da08762d85317,710e3548e02bc1d2831dfc4f1b5b14d4,2016-10-11 11:55:28,49.99,26.61
6789a1de9a37be580653e51fc6458776,1,9e0abf2fbcf4445cb287fbf474dcd8ed,4e922959ae960d389249c378d1c939f5,2017-01-24 14:43:44,23.0,14.53
6789a1de9a37be580653e51fc6458776,2,9e0abf2fbcf4445cb287fbf474dcd8ed,4e922959ae960d389249c378d1c939f5,2017-01-24 14:43:44,23.0,14.53
678b28f078641e74d50be86b4ecaec7e,1,9abb00920aae319ef9eba674b7d2e6ff,1771297ac436903d1dd6b0e9279aa505,2017-01-30 18:19:42,40.0,16.05
67adba02e0955286954975ea56f9d17f,1,0980718a7bdcf89f5848b202b6394965,82bd0703a4aefd6b599e5bfdaed378fb,2016-10-14 11:02:07,79.99,18.84
67d0c933fefa1c4ff65e800b8c8bf804,1,b1ffef38f0db9fb4e1a6f91b47ec63d4,89bc797e2e29667aa035d4368f9b7f92,2017-01-30 18:04:03,13.0,14.52
67d0c933fefa1c4ff65e800b8c8bf804,2,b1ffef38f0db9fb4e1a6f91b47ec63d4,89bc797e2e29667aa035d4368f9b7f92,2017-01-30 18:04:03,13.0,14.52
67e2b3a30d665abe59b95f2d60676138,1,f3ff1b0df51e4b86a6dc168c8bfe7dc9,4a3ca9315b744ce9f8e9374361493884,2017-01-23 15:37:26,128.8,16.11
6acecf438369055d9243e121045cca74,1,1514ddb0f4a5afc8d24104e89c714403,48efc9d94a9834137efd9ea76b065a38,2017-01-09 12:11:23,9.9,8.72
6ad644c08b98d152d28f183097633d41,1,9fe172fa8e662ca8572cf12abf8bce23,cab85505710c7cb9b720bceb52b01cee,2016-10-12 05:07:45,49.9,10.96
6b3ee7697a02619a0ace2b3f0aa46bde,1,4c7d4a2efde21e3bf1660926fabc6a9d,ce27a3cc3c8cc1ea79d11e561e9bebb6,2016-10-21 16:25:38,57.0,8.77
6b5e619dedba6d4297fb10dd5886912f,1,9805b37a2e4983fb5dbb5c8168590c44,d101c6da914ae3d53f7bee42283f2fe2,2016-10-17 22:09:06,89.9,13.71
6b5e619dedba6d4297fb10dd5886912f,2,9805b37a2e4983fb5dbb5c8168590c44,d101c6da914ae3d53f7bee42283f2fe2,2016-10-17 22:09:06,89.9,13.71
6b686186d43eaa21c407ecf34ebb9ee6,1,5445335704bf8a32827f3bf6b9701ed9,669ae81880e08f269a64487cfb287169,2017-01-25 14:30:03,29.99,14.52
6b686186d43eaa21c407ecf34ebb9ee6,2,5445335704bf8a32827f3bf6b9701ed9,669ae81880e08f269a64487cfb287169,2017-01-25 14:30:03,29.99,14.52
6b686186d43eaa21c407ecf34ebb9ee6,3,5445335704bf8a32827f3bf6b9701ed9,669ae81880e08f269a64487cfb287169,2017-01-25 14:30:03,29.99,14.52
6b686186d43eaa21c407ecf34ebb9ee6,4,5445335704bf8a32827f3bf6b9701ed9,669ae81880e08f269a64487cfb287169,2017-01-25 14:30:03,29.99,14.52
6b686186d43eaa21c407ecf34ebb9ee6,5,5445335704bf8a32827f3bf6b9701ed9,669ae81880e08f269a64487cfb287169,2017-01-25 14:30:03,29.99,14.52
6bc6b07e448bae52d248c4df401d6157,1,566837caf82af3f65421f9d9d8820a27,cca3071e3e9bb7d12640c9fbe2301306,2017-01-30 19:44:07,39.9,11.74
6c273b11e7a7b4b410ea29fac9769fac,1,739312eddb4431af9a760e797da4d869,f41ce2e25237f9092cd8e6e7516c7a2f,2017-01-25 17:33:30,15.8,10.96
6c6e590c8ce02ecc30bef8bd3b34d82f,1,5b8423dc7f23089c9c59c5d140eb5a1c,a3a38f4affed601eb87a97788c949667,2017-02-02 20:37:04,129.99,18.0
6c7481b5566c6a3821a91a05b0f9f7c8,1,473795a355d29305c3ea6b156833adf5,620c87c171fb2a6dd6e8bb4dec959fc6,2017-01-31 10:31:21,59.9,14.59
6c82197bc099415d9919ccb609a9c072,1,c7084bc72369a57c93c6edaf0b60b235,59fb871bf6f4522a87ba567b42dafecf,2017-01-17 00:14:27,189.99,12.72
6ca2b1dbcac1751cab45df5faa1b892e,1,755d50f7034720815db9431dc2f1cb27,999f6d9a1c7c81f43be44c6b7d076210,2017-01-30 14:26:43,14.0,8.72
6cf5d7a6b6eb9cad292da0b65d6c010e,1,0cf13ac73dbcf6586ba63b89dd1f780a,b14db04aa7881970e83ffa9426897925,2017-01-26 17:43:58,47.0,26.61
6d234dea658ce0c00f91e931cb11f93c,1,00be617b58175bf207fd35910d5097a4,4a3ca9315b744ce9f8e9374361493884,2017-01-19 15:52:04,48.9,15.56
6e0d2539e48e84296bae6290de41058c,1,4fee671ea459ebc96546523917e254a5,822b63912576852aea9a8436d72317b7,2016-10-21 16:19:48,949.99,32.42
6e4a67f3a94e46e6cc5af48093d14127,1,b19e331e05bee8900ed6e582b4c8dab6,41b39e28db005d9731d9d485a83b4c38,2017-01-23 15:21:44,149.9,17.2
6e5fe7366a2e1bfbf3257dba0af1267f,1,7721582bb750762d81850267d19881c1,0c8380b62e38e8a1e6adbeba7eb9688c,2016-10-14 12:02:21,19.83,17.0
6e5fe7366a2e1bfbf3257dba0af1267f,2,65bb78cf0bbc3ca6406f30e6793736f9,391fc6631aebcf3004804e51b40bcf1e,2016-10-14 12:02:20,39.9,19.24
6e5fe7366a2e1bfbf3257dba0af1267f,3,7721582bb750762d81850267d19881c1,0c8380b62e38e8a1e6adbeba7eb9688c,2016-10-14 12:02:21,19.83,17.0
6e5fe7366a2e1bfbf3257dba0af1267f,4,65bb78cf0bbc3ca6406f30e6793736f9,391fc6631aebcf3004804e51b40bcf1e,2016-10-14 12:02:20,39.9,19.24
6e5fe7366a2e1bfbf3257dba0af1267f,5,7721582bb750762d81850267d19881c1,0c8380b62e38e8a1e6adbeba7eb9688c,2016-10-14 12:02:21,19.83,17.0
6e5fe7366a2e1bfbf3257dba0af1267f,6,65bb78cf0bbc3ca6406f30e6793736f9,391fc6631aebcf3004804e51b40bcf1e,2016-10-14 12:02:20,39.9,19.24
6eb51c1c9c69f78ea9fd4665fb98b7d2,1,473795a355d29305c3ea6b156833adf5,620c87c171fb2a6dd6e8bb4dec959fc6,2016-10-10 15:56:11,59.9,14.86
6ece326e25f193d084e3dc092bbdd93b,1,a10553a1882cc51b8910c246613fb0b0,939f6e231201f26803cb5c3a3d2940b3,2016-10-21 16:17:54,59.9,25.92
6ed4f19dc97f2a4b5d0f15651247dbca,1,3948f284081821f4e27ba8c23d4cbc9a,c542f5a8c64d973f30e9df8d06f70b4a,2017-01-22 09:52:32,81.0,17.31
6ef172eee30cfbfa01516ce2eb2ee68f,1,d5448c89ef7dc8228e12ae75e180ba74,89bc797e2e29667aa035d4368f9b7f92,2016-10-12 03:51:25,18.9,10.96
6f275c944d1814eca6bfbb2bcfa3b0ea,1,ebb4faacc3b7ade065ff47901900c4e7,4da0e408c99d2fdc2126dc9fce518060,2017-01-21 09:15:35,45.0,15.56
6f275c944d1814eca6bfbb2bcfa3b0ea,2,ebb4faacc3b7ade065ff47901900c4e7,4da0e408c99d2fdc2126dc9fce518060,2017-01-21 09:15:35,45.0,15.56
6f275c944d1814eca6bfbb2bcfa3b0ea,3,ebb4faacc3b7ade065ff47901900c4e7,4da0e408c99d2fdc2126dc9fce518060,2017-01-21 09:15:35,45.0,15.56
6f275c944d1814eca6bfbb2bcfa3b0ea,4,ebb4faacc3b7ade065ff47901900c4e7,4da0e408c99d2fdc2126dc9fce518060,2017-01-21 09:15:35,45.0,15.56
6f334a2e1303fe798ae16f4c33269e82,1,cea0783f5748d01abec8fd268dccba49,a416b6a846a11724393025641d4edd5e,2017-02-02 13:43:36,89.57,18.0
6f748695717d537b882406da58acefec,1,05fca08b4d54ab5d1d371db7d5534136,d03698c2efd04a549382afa6623e27fb,2017-01-16 20:28:10,161.55,21.58
6f748695717d537b882406da58acefec,2,05fca08b4d54ab5d1d371db7d5534136,d03698c2efd04a549382afa6623e27fb,2017-01-16 20:28:10,161.55,21.58
6f7626222f2b324b580e36eb22d8bb8e,1,2c2a7e84b8ea741adf739c11dd78ee1a,2493dc3f20131696a0ecdb9948051a8d,2017-02-01 14:49:09,164.89,18.0
6ff09113fd48861d786d40583b7f2aa3,1,67fcc72a4cfd0ac826c0158ce5c98ae6,76d5af76d0271110f9af36c92573f765,2017-01-23 20:12:02,659.0,30.87
7002a78c79c519ac54022d4f8a65e6e8,1,c3b271f47e73d0c9ccf1b43b7606c705,cca3071e3e9bb7d12640c9fbe2301306,2017-01-29 22:26:59,45.9,14.52
7004296aa0256632eaddc171edaf727f,1,f5d8f4fbc70ca2a0038b9a0010ed5cb0,48efc9d94a9834137efd9ea76b065a38,2017-01-09 13:31:22,10.9,8.72
7033745709b7cf1bac7d2533663592de,1,35084deab9603bbb6035bb8638b1df89,df560393f3a51e74553ab94004ba5c87,2016-10-08 14:46:49,93.9,17.61
7090c88db4158f89d839c794cdd73272,1,e9e0f397f1ed036b4318417a84b0e407,0ea22c1cfbdc755f86b9b54b39c16043,2017-02-02 10:03:54,64.9,18.0
70d0dedf8c23e2cedca5915427acd101,1,77e9f75a40f2341f6a7f9f17cc0a8ffd,2be17df1c49978426251562096c3cc09,2017-01-21 16:58:06,169.9,15.36
711b9be9c346d9ecdb9d38a5e1e7e39b,1,d6f3bd7b1fc04fb1a2effb51ae44ab17,4b1eaadf791bdbbad8c4a35b65236d52,2016-10-21 16:33:27,189.9,12.87
71303d7e93b399f5bcd537d124c0bcfa,1,d2998d7ced12f83f9b832f33cf6507b6,25e6ffe976bd75618accfe16cefcbd0d,2016-10-21 16:19:54,100.0,9.34
717d28ee12c7c0ef8b384ff1b62b33c7,1,d32c445df9d36f1cdfc915ed14ee44cd,b335c59ab742f751a85db9c411a86739,2017-01-25 21:20:06,65.9,18.74
719628a909505f12f342015fd53a8d43,1,407e01944d78001dbd21da4c2059b8dc,e8f6dc8e6a1dcde89d20e3995c8d90b3,2016-10-10 15:52:45,29.9,10.96
719b940ab2f1e351ffb14a0a02ffe3c4,1,a07d0595ac61dcdd44214f0426431c9b,0ea22c1cfbdc755f86b9b54b39c16043,2017-01-20 13:01:51,29.9,5.14
719b940ab2f1e351ffb14a0a02ffe3c4,2,6b119e825230e877b98f89b47081bc52,0ea22c1cfbdc755f86b9b54b39c16043,2017-01-20 13:01:51,49.9,12.86
71f86189760ff1dec6805f4fc7c6f52f,1,2b5ae8fa7040dc2ecc8483150f36a667,3f8034bfc6b8b4135534975d49f04c63,2017-01-22 10:42:05,168.0,27.44
721c90253d3c1f625f71e2faf53a6b57,1,9538a4d0d20e31d209def88993f8dca3,93b9a99027bd8bd6af682aff18dd19bf,2017-01-30 21:58:53,18.0,7.5
721c90253d3c1f625f71e2faf53a6b57,2,608b018a4443a457a5cd1e58de213cb2,93b9a99027bd8bd6af682aff18dd19bf,2017-01-30 21:58:53,24.0,14.42
7249fd69ae42373a6a357567e41ecc57,1,0521fe3eb04940304b489d0fb49a37dd,e99e927c81e3f51739c94fcdfca9f10f,2017-01-31 22:15:22,89.99,20.71
7254ba1421bac35de5d5da660715bf0e,1,05fca08b4d54ab5d1d371db7d5534136,d03698c2efd04a549382afa6623e27fb,2016-10-11 22:59:24,161.55,15.3
72c1d87887d0b9a3965557013e74f543,1,81288df52439985f610be64465e53f57,54a1852d1b8f10312c55e906355666ee,2017-01-27 13:55:30,109.99,29.7
72c6b41818d5e645f455986b59b7a964,1,8179f0f767e26a993ba41c67665a4b10,cca3071e3e9bb7d12640c9fbe2301306,2017-01-27 10:58:23,115.9,19.09
73558fe683b9ce228381cf2ca678d322,1,1dfa1d1603b10b073093775015d0fc74,aaed1309374718fdd995ee4c58c9dfcd,2017-01-25 22:41:08,126.9,32.21
73e934755292def8b6519b03f2230723,1,bbc9e653c2f5794542ac3867ab5ab757,0c8380b62e38e8a1e6adbeba7eb9688c,2017-01-30 17:48:22,33.5,15.56
743cc56ca44d32e3e125c74c98044997,1,cef211702e18d39ca1a4b6d2d6580c0d,d66c305afaec317ebee552073a674429,2017-01-18 00:13:51,97.99,19.28
747996a66f5aa711deb8ae58f5ae46a0,1,2797d3826d386bfda4f347a378b89f4d,48efc9d94a9834137efd9ea76b065a38,2017-01-09 15:25:10,9.9,8.72
749a31c1093994e39ecb4aef66a7aa3a,1,a703f5ade6e4fae527357132230ea778,f4aba7c0bca51484c30ab7bdc34bcdd1,2017-01-31 11:57:43,23.9,16.05
74b9c5a1b6f7632750a25db4de597512,1,f7b6ca5735bfd052e73fa0b776070112,70a12e78e608ac31179aea7f8422044b,2017-01-22 16:25:29,38.9,14.52
753aaaa715f963740a358c291bc79727,1,77f70ac9f5426624db4fb65c4f1195b8,fa1c13f2614d7b5c4749cbc52fecda94,2017-01-15 23:32:55,129.0,15.07
7559c51df991c6861e6a8be5fb1e3751,1,21fb5057dd6a737df6851a7ab7a130da,b14db04aa7881970e83ffa9426897925,2016-10-15 05:02:30,49.0,20.49
75fb23d26903b71ce3dd550ae22d2cc1,1,8a90417eb713be09fd87a5d077ae06a2,a36b125ac6d5fdbc7f50de85c9157bdc,2016-10-14 12:02:46,49.99,11.03
76458889992169d3135b264dc13aec67,1,c50663262403f916d58303c231e7ed3a,391fc6631aebcf3004804e51b40bcf1e,2016-10-11 11:24:44,73.35,12.23
765442de6466c0bb079c22b8b20e0eab,1,8a330ba3cd34d650c45bce0fc21771ac,46dc3b2cc0980fb8ec44634e21d2718e,2017-01-13 17:50:06,349.99,17.66
765e82006189100419015233bf26be8a,1,010a3a47c14f1295796c08419f32cef6,ef506c96320abeedfb894c34db06f478,2017-02-01 19:50:15,9.99,50.0
76774c936de5cb5a431120fde98e40da,1,a25a9e3433043fb8a0808f310d8d8203,1b8b75e227c9a9c100d0c210fb6176ce,2017-01-13 20:57:29,129.99,11.38
76bd9ce8aa3ce93bd913f3ec17f66790,1,67f95d5d22a25ae3c8c0651319c7d355,933446e9a59dece7ae9175103820ca8f,2017-02-12 15:37:05,64.99,22.38
76c6e866289321a7c93b82b54852dc33,1,ac1789e492dcd698c5c10b97a671243a,63b9ae557efed31d1f7687917d248a8d,2017-01-27 18:29:09,19.9,16.05
770d331c84e5b214bd9dc70a10b829d0,1,eba7488e1c67729f045ab43fac426f2e,620c87c171fb2a6dd6e8bb4dec959fc6,2016-10-11 15:07:11,249.9,14.03
775eb0ae1891c8dd8f12c2f8c6850006,1,07ecfc5bd0d3ca496facedede13afb80,7e93a43ef30c4f03f38b393420bc753a,2017-02-03 09:20:04,1299.0,27.79
77c34615b2963e4bf4b48d59da0eb5e1,1,a50acd33ba7a8da8e9db65094fa990a4,8581055ce74af1daba164fdbd55a40de,2017-01-22 17:44:05,117.3,22.29
77c75c0f9b0b1c5417b62c696c4734e5,1,a5f6ba3fe91a2e73f10b612131cb2404,4e922959ae960d389249c378d1c939f5,2017-01-20 23:03:40,39.0,16.11
77e102ecf08e057581ef2ce55c80c6c0,1,d5b703c271f43f9c588a6f512a00f77e,fa40cc5b934574b62717c68f3d678b6d,2017-01-23 12:02:28,34.9,8.72
7853cfd26dee49109295b3e604567180,1,3ba2b0de14984ce8f072c58be8d701dd,a3a38f4affed601eb87a97788c949667,2017-01-26 15:41:21,104.99,20.81
78a1a87882880114ee891ccdcbd1ccde,1,11875b30b49585209e608f40e8082e65,669ae81880e08f269a64487cfb287169,2017-01-31 11:45:18,65.0,14.62
799dc0fd216e2a8e571a2684ddb6f940,1,4a92216ec92c54fca6f132ae1988390d,ea6b12bf9ffe2bac34602ec631d97a47,2016-10-20 16:54:48,128.7,12.29
79ffdd52a918bbe867895a4b183d6457,1,5691a536d459e5cb326b7bedce928067,c7dcd301ecfe5ab7f778ac172cf74be7,2016-10-21 16:35:09,299.99,19.01
7a094f321857b6925fee399192bb5ebd,1,2636a9812d151c718b53387171ce08be,b17b679f4f5ce2e03ce6968c62648246,2017-01-29 19:11:42,30.97,10.96
7a18a504c1a4b32d883e68de2e1a7db0,1,c0d4027067afcf9c1697cce981b8fed6,48efc9d94a9834137efd9ea76b065a38,2017-01-09 12:09:08,7.9,8.72
7a36fa82d4bcff7d936c10be470b9c8e,1,b3b0bce74668bf355cbd94db1e4d17b9,8c16d1f32a54d92897cc437244442e1b,2016-10-11 03:12:09,24.99,17.78
7a7d2c889e27d93b2005462a8788e168,1,f6fe388c9bfc145a2790437f1e4888d9,dc8798cbf453b7e0f98745e396cc5616,2016-10-10 15:57:05,24.9,10.96
7ab9c55c59eaeea579d047e2d8aaed81,1,c4b925e40f11289063a854c47aaef129,ffff564a4f9085cd26170f4732393726,2017-02-01 13:04:20,11.5,10.96
7ac6f4778cd283c6b76c66fe1e0d4431,1,8bc9dee0f2da0b7ad43095be7ad8414f,76d5af76d0271110f9af36c92573f765,2016-10-11 11:22:49,399.0,56.01
7b4fb0197b18a0fd0e75f9e44b3fc757,1,b150110bc5afad8ff2cce5cd50c8e2a2,e5a38146df062edaf55c38afa99e42dc,2017-01-22 23:15:29,99.0,22.62
7c0ff60ea08a0885a1404c299f7ed4f2,1,dda262b26fcbc5dc618bbf9c12ee8779,8a32e327fe2c1b3511609d81aaf9f042,2017-01-28 22:10:48,63.99,19.04
7c28cd51bc7b7b5b8e81ae0bb7f17340,1,5a4ec7366f4a5fddd269c4d9a047c6c3,2a1348e9addc1af5aaa619b1a3679d6b,2017-01-29 18:55:31,16.9,10.96
7c933084ae34df732cfb3b47968b1666,1,fe95eb948375116da759c8ef60295001,4a3ca9315b744ce9f8e9374361493884,2017-01-18 12:17:10,65.9,11.85
7cb5aaf8b7b7b439174c2e4efdf4c7a3,1,8bff0b13faf092077c3bba691c07ff16,59fb871bf6f4522a87ba567b42dafecf,2016-10-21 16:23:15,109.99,16.26
7cbc58346dce935abff14a7c5a0488f5,1,9ce4603565c839785b24a7e95e28f4eb,59fb871bf6f4522a87ba567b42dafecf,2017-01-30 09:15:18,119.99,17.68
7cc5f7da21653de1b71a6f4ad590e5a1,1,da9278e44c4ae00f02a965792a392ea3,054694fa03fe82cec4b7551487331d74,2017-02-03 23:33:35,439.0,24.54
7d0eb8de17d494f4151e4470cd1b0605,1,2929be0cb603321a26091c3f376d52df,066a6914e1ebf3ea95a216c73a986b91,2016-10-10 17:53:06,79.9,11.38
7d7bf3ee337c36ce012762da5f28f53a,1,4d7ccacbf7d2dd3e566cf5f149fb92e8,897060da8b9a21f655304d50fd935913,2016-10-11 12:14:46,153.0,17.3
7d86c4aa9e59504b23f16c7ca68954a7,1,e8d7b12572b213ba22acebb8983a4615,8d92f3ea807b89465643c219455e7369,2017-01-31 16:38:10,63.9,26.71
7e2dddf174cc4d2768bf39c43ab2bd7a,1,e41a6ac2f57a273eb0d214c7cbab5db9,a7f13822ceb966b076af67121f87b063,2016-10-14 05:54:52,129.97,29.38
7e61a4c6d93d6ad8a4ca4a8d00094339,1,d4ad9721bda56413600c43c11006cb78,6fc26fe110feebd80a433e1f012a84f9,2017-02-04 04:52:16,59.0,3.6
7e61a4c6d93d6ad8a4ca4a8d00094339,2,d4ad9721bda56413600c43c11006cb78,6fc26fe110feebd80a433e1f012a84f9,2017-02-04 04:52:16,59.0,3.6
7e61a4c6d93d6ad8a4ca4a8d00094339,3,d4ad9721bda56413600c43c11006cb78,6fc26fe110feebd80a433e1f012a84f9,2017-02-04 04:52:16,59.0,3.6
7e61a4c6d93d6ad8a4ca4a8d00094339,4,d4ad9721bda56413600c43c11006cb78,6fc26fe110feebd80a433e1f012a84f9,2017-02-04 04:52:16,59.0,3.6
7e61a4c6d93d6ad8a4ca4a8d00094339,5,d4ad9721bda56413600c43c11006cb78,6fc26fe110feebd80a433e1f012a84f9,2017-02-04 04:52:16,59.0,3.6
7e6b55f6388682bf51a05d8f13c2d466,1,362aecb999551eb6adcd8c5594e255fc,822b63912576852aea9a8436d72317b7,2017-01-22 12:59:05,719.88,20.74
7ead6c8726098bd70de2b16cac42df74,1,6bf1cd252d73626ab181be470f56e07b,8bd0f31cf0a614c658f6763bd02dea69,2017-01-22 10:55:55,37.99,31.95
7ece3f32d060f91a98d50279ab15ebaf,1,baeb8e1a680cf9e1f13557d74b6cec3d,a36ac007a4d18f865c8d32c3b2402c2d,2017-01-29 01:23:07,129.99,29.95
7ef1da1730f64df72be4189c5ea58c66,1,f33a17471b6e603085c4a0ccd48ce19a,77530e9772f57a62c906e1c21538ab82,2017-01-24 16:32:37,49.0,14.52
80606b26965c5ed21e85a085e0667b63,1,c3b7e4d83e530c27a8e6368296aece48,77530e9772f57a62c906e1c21538ab82,2016-10-10 07:46:47,148.0,30.11
80e9acbfd99b46609bded7263945fe15,1,ff5f8606556b625613f069a5a9a48966,8cbac7e12637ed9cffa18c7875207478,2017-02-01 12:20:43,35.0,18.0
811eadaef225935d84d4d3fdcca7ee85,1,4a90b44b456e79e7a33435fdd36e551f,c9a06ece156bb057372c68718ec8909b,2017-01-15 11:34:58,380.0,39.06
81251f18621a822ad5b09593dfee4fc9,1,c4b925e40f11289063a854c47aaef129,ffff564a4f9085cd26170f4732393726,2017-01-31 14:17:21,11.5,10.96
81e5043198a44ddeb226002ff55d8ad4,1,c1488892604e4ba5cff5b4eb4d595400,1554a68530182680ad5c8b042c3ab563,2017-01-13 00:37:18,38.5,15.56
81e5043198a44ddeb226002ff55d8ad4,2,c1488892604e4ba5cff5b4eb4d595400,1554a68530182680ad5c8b042c3ab563,2017-01-13 00:37:18,38.5,15.56
8213bc96304fc0881189c4525f3002f7,1,2504bf725d7aa06820b73b85c5ca6653,1554a68530182680ad5c8b042c3ab563,2016-10-14 11:03:38,32.99,15.56
82bfafb84a5843f06b8c3983edb1883b,1,8eed5d27f5b8c6248731efb4782f6141,2a1348e9addc1af5aaa619b1a3679d6b,2017-02-01 19:10:46,229.9,18.0
82e4f033f60598903866557d89c9c042,1,0ab80f38a21093b448518f68efe82c24,440dd6ab244315c632130ecfb63827b1,2016-10-12 11:02:41,19.9,24.84
835bf4777ad72891587719f1098e3528,1,2636a9812d151c718b53387171ce08be,b17b679f4f5ce2e03ce6968c62648246,2016-10-11 09:09:13,30.97,10.96
83812118bb682267a9880ea1b261ac4b,1,eba7488e1c67729f045ab43fac426f2e,620c87c171fb2a6dd6e8bb4dec959fc6,2016-10-11 10:12:10,249.9,27.91
84d8cb80e8228cbea6d970499c3ce3c3,1,2ef9d434efcd0544c16be36a03c7652a,620c87c171fb2a6dd6e8bb4dec959fc6,2016-10-21 16:24:50,299.9,13.82
8557dabbdacec1a9e250f5e70afe1eab,1,fb060ad9a8625b626189641799bccf89,b1204cfda1d4948679db3cfc0d3cb95c,2017-01-30 13:15:41,44.6,16.05
85841af0d94e5d0cd3a9c0e42e565b74,1,0534940d69bf94dc61c0e722b4168235,939f6e231201f26803cb5c3a3d2940b3,2016-10-10 16:03:33,22.9,15.46
86df4a2f1f5cd47ee3f5bf1781240d1a,1,2636a9812d151c718b53387171ce08be,b17b679f4f5ce2e03ce6968c62648246,2016-10-10 15:58:46,30.97,14.52
8729a8f7c27d03afe731463091711489,1,4e0946aebc8e1d7521219ec1e7380aed,817f85dbb65aa3e70831d90fe75cdf89,2016-10-21 16:22:50,128.9,23.22
88130f20a472f28fcca9dd5d50358820,1,b846c1b90a30689a98f530aa20edd424,76d5af76d0271110f9af36c92573f765,2016-10-10 15:44:28,399.0,48.49
882c1e2076610adab15e5a68430d2180,1,1b717631654816892a7b2ef8b7c7c3c4,77530e9772f57a62c906e1c21538ab82,2017-01-26 17:43:23,119.0,19.42
882c1e2076610adab15e5a68430d2180,2,1b717631654816892a7b2ef8b7c7c3c4,77530e9772f57a62c906e1c21538ab82,2017-01-26 17:43:23,119.0,19.42
8846a9571a893b22eb57d4732b978bbb,1,d914a2a0c672fc21c9f0087e07e9e881,620c87c171fb2a6dd6e8bb4dec959fc6,2017-01-30 20:44:49,379.9,45.12
893dc49276696129a9bf6f2a9fe23e57,1,27051f70cfcbd63fec388f34e1f0d2a2,ed859002ad59dbf8cf3602696a6c3000,2016-10-21 16:24:04,149.9,19.33
89484162f10c48a5cbccb77221419395,1,5bfcd193eb29c1c8332e2d4ca804d54f,522620dcb18a6b31cd7bdf73665113a9,2017-01-31 11:34:09,223.9,50.0
897702f9f3fe72f18863ffc09e7ddef3,1,a767d41b71a909a1dd1e969f4b50732c,582d4f8675b945722eda7c0cb61ba4c7,2017-01-24 12:04:03,249.9,13.14
897ed337ed4c3fba920924b9143c2ea0,1,46cc07237660346018f8838ae0b7ed2b,8cbac7e12637ed9cffa18c7875207478,2017-01-31 17:31:45,45.0,50.0
89898719573722b59b173f76fb213501,1,3889a02f55ae9a5e5e321c4a4d2eee64,b14db04aa7881970e83ffa9426897925,2017-01-11 00:34:47,34.9,12.93
89f586f0cbddc6428831c41c8c333c66,1,69faf0d53eb73597d6cfd50175901a56,82bd0703a4aefd6b599e5bfdaed378fb,2016-10-14 01:55:39,29.9,14.59
8a784d47854e4cbc5562362393d504db,1,d8c365a069853295a82caf595c2c8c8d,48efc9d94a9834137efd9ea76b065a38,2017-01-09 14:18:03,9.9,8.72
8a7f0e6d9767d52a05dd48229e24d766,1,4b1bf508b7e2b27e8472c16d7f189909,c273175f7c6c80fb02f051e2fc6d0d72,2017-01-29 16:25:03,139.99,18.73
8aa9f9fb8d016c8abd90a65dcd7f2ab6,1,23384f296aa1bf6461d22912093a9847,891071be6ba827b591264c90c2ae8a63,2017-01-28 21:16:24,20.0,10.96
8adafb3466daa5395694d3a906ff9d40,1,5554c5718f820a868853dbc5ca859b3b,973f21788dfab357250f69a8dcb7ddee,2017-01-29 15:47:27,21.0,6.25
8adafb3466daa5395694d3a906ff9d40,2,181b31b11ea16a87d5acab5a78320b93,973f21788dfab357250f69a8dcb7ddee,2017-01-29 15:47:27,35.0,10.42
8adafb3466daa5395694d3a906ff9d40,3,5554c5718f820a868853dbc5ca859b3b,973f21788dfab357250f69a8dcb7ddee,2017-01-29 15:47:27,21.0,6.25
8adafb3466daa5395694d3a906ff9d40,4,181b31b11ea16a87d5acab5a78320b93,973f21788dfab357250f69a8dcb7ddee,2017-01-29 15:47:27,35.0,10.42
8adafb3466daa5395694d3a906ff9d40,5,871cfa7d587b8305a5a0e376866323ef,973f21788dfab357250f69a8dcb7ddee,2017-01-29 15:47:27,28.0,8.34
8adafb3466daa5395694d3a906ff9d40,6,871cfa7d587b8305a5a0e376866323ef,973f21788dfab357250f69a8dcb7ddee,2017-01-29 15:47:27,28.0,8.34
8b160e3e272dcca4665850aae31ae6fd,1,d38001d747d4cd832d1ceb2c2d3ca15d,13e85aac53340018b40c2af68001b7e0,2016-10-15 11:02:22,17.8,14.12
8b388d845a3e8700444b971fa2bef902,1,35bd74b6319ba18ae4f30d8b54144fd2,cca3071e3e9bb7d12640c9fbe2301306,2016-10-13 03:10:59,39.9,13.4
8b388d845a3e8700444b971fa2bef902,2,dc82d7e8f99966cb4c641f7ea5590eaf,cca3071e3e9bb7d12640c9fbe2301306,2016-10-13 03:10:59,39.9,15.64
8b6d201fff0b1b32e59f7cbdc6beaf54,1,16ce899c7af0c99f46948734a0d00f0f,0725b8c0f3f906e58f70cbe76b7c748c,2017-01-25 17:17:20,79.61,10.0
8b6d201fff0b1b32e59f7cbdc6beaf54,2,16ce899c7af0c99f46948734a0d00f0f,0725b8c0f3f906e58f70cbe76b7c748c,2017-01-25 17:17:20,79.61,10.0
8b6d201fff0b1b32e59f7cbdc6beaf54,3,16ce899c7af0c99f46948734a0d00f0f,0725b8c0f3f906e58f70cbe76b7c748c,2017-01-25 17:17:20,79.61,10.0
8b6d201fff0b1b32e59f7cbdc6beaf54,4,16ce899c7af0c99f46948734a0d00f0f,0725b8c0f3f906e58f70cbe76b7c748c,2017-01-25 17:17:20,79.61,10.0
8b6d201fff0b1b32e59f7cbdc6beaf54,5,16ce899c7af0c99f46948734a0d00f0f,0725b8c0f3f906e58f70cbe76b7c748c,2017-01-25 17:17:20,79.61,10.0
8b93f79b1a4d6b3388dab2356493c0b3,1,baeb8e1a680cf9e1f13557d74b6cec3d,a36ac007a4d18f865c8d32c3b2402c2d,2017-01-30 12:49:54,129.99,29.95
8b94c85a97b61f51a419a57e451d4e3a,1,913580fde3e72c3b3e4ce0b79963bee6,b76dba6c951ab00dc4edf0a1aa88037e,2017-01-15 12:49:53,10.99,15.65
8beb59392e21af5eb9547ae1a9938d06,1,c66def7098f4d87751f40c3a4855ced1,46dc3b2cc0980fb8ec44634e21d2718e,2016-10-13 14:34:31,99.99,11.23
8bef37e0a778afcdf32118f376beb9de,1,0cf13ac73dbcf6586ba63b89dd1f780a,b14db04aa7881970e83ffa9426897925,2017-01-24 19:33:29,47.0,11.74
8c0a4c58ee098fea192d86cb195786e6,1,fb949f35bd1873f846cb7246d9db81b0,6edacfd9f9074789dad6d62ba7950b9c,2017-01-22 12:27:53,43.9,26.61
8c10b4712b6c450e49bcfb6b1e48449f,1,6ae7f4ef0ca670ca2609d039af87d057,620c87c171fb2a6dd6e8bb4dec959fc6,2017-01-31 16:31:12,23.9,18.0
8c482c28bfcadc891bc37e13dc7ace34,1,f7b6ca5735bfd052e73fa0b776070112,70a12e78e608ac31179aea7f8422044b,2017-01-22 18:42:36,38.9,11.16
8c72f52f7655510c1ec81f3b9019c638,1,4a90b44b456e79e7a33435fdd36e551f,c9a06ece156bb057372c68718ec8909b,2016-10-14 11:03:34,380.0,39.06
8c78d01de3a9009e23d6877a7cc9be20,1,2b50a33b93e3b489f648b9166a62e13d,391fc6631aebcf3004804e51b40bcf1e,2016-10-12 18:13:45,59.9,6.8
8c78d01de3a9009e23d6877a7cc9be20,2,36696562bef043d7e07305d62baf5ca7,391fc6631aebcf3004804e51b40bcf1e,2016-10-12 18:13:45,159.9,23.12
8cb07e7e810ad9e5f33062cb4735d488,1,a703f5ade6e4fae527357132230ea778,f4aba7c0bca51484c30ab7bdc34bcdd1,2017-01-28 00:22:40,23.9,14.52
8d47519f5c9c42540b37bd3db0492878,1,3d37da85f5e66558333fb5daee494736,ecccfa2bb93b34a3bf033cc5d1dcdc69,2016-10-21 16:20:04,69.9,19.48
8d9a9808c4a5546adb15d524d6ab2e91,1,dc9f66a56b89e4278d921898a861a29a,8d92f3ea807b89465643c219455e7369,2017-02-01 16:44:35,3.9,10.96
8dc67de08c1738a90e70f62f2920b432,1,0de1e69dff6f40f9f71be7034a8bb8d2,620c87c171fb2a6dd6e8bb4dec959fc6,2017-01-29 01:29:42,349.9,19.88
8e7ef380ad5ae407dffbe2f0826cae73,1,4e77e23d6c2215228d4ab312c0b8d405,0747d5bb69f0586cc869d8af4c50f93e,2016-10-15 05:02:45,32.9,14.52
8f1a2a26d4f0ed5608a8857e0e88b7ad,1,91a5ae441d12befb1c62c19c4ffc940e,8a87611c08849ffeeccab52aa798b6c7,2017-01-31 18:18:31,155.0,26.0
8f359a870a6206af39d54ab82c99619d,1,55ebae49cf4c0963d5738a39e1e79750,2be17df1c49978426251562096c3cc09,2017-01-29 06:31:50,139.0,21.42
8fe36dfd03ccfe3ed3d492c146705b9d,1,c66def7098f4d87751f40c3a4855ced1,46dc3b2cc0980fb8ec44634e21d2718e,2016-10-14 12:02:48,99.99,11.23
8ffd24fbf822586b2712a4becc7217dc,1,8bba4a8de8b5de57c7ff105d043254dc,5b33b527da3c5b969cc99dc435cad09a,2017-02-02 00:31:42,124.0,18.0
9021fdebb45ac827a6033d6969d5c2e3,1,49e142d8098b20ff2dc9ec73cdd5afec,8f119a0aee85c0c8fc534629734e94fd,2017-01-09 19:52:28,34.9,16.05
903c880841c9b1af32d6d086b9763133,1,4c55077cfe05007e8051304d1b721343,b17b679f4f5ce2e03ce6968c62648246,2017-01-29 00:47:25,32.3,10.96
9058bc799c3791077efb3aaa8e0d5e02,1,a6f74de3ddfbdc9b33885b92656f992b,0ea22c1cfbdc755f86b9b54b39c16043,2017-01-28 09:24:11,79.9,11.17
90aea7c4e52538a18cb9bbfd16f09185,1,4fee671ea459ebc96546523917e254a5,822b63912576852aea9a8436d72317b7,2016-10-21 16:24:58,949.99,29.92
90bd4466c2905d7b5b56370149e62bcc,1,269e87010f6d5e57015a90b00983e334,0db783cfcd3b73998abc6e10e59a102f,2016-10-14 00:22:45,35.0,16.05
90bf0d006edb962cf09943bf3e4ad217,1,2647bd04a8ac8605c0034dc49d21445d,77530e9772f57a62c906e1c21538ab82,2017-01-23 17:17:28,49.0,16.05
90d2bbc31356e711e2fe7b0b78181687,1,a1bf559ac1eab015ba992bd76d9d76c7,85d9eb9ddc5d00ca9336a2219c97bb13,2017-01-23 16:48:00,19.9,10.96
91750e4d3d89e619cd557a6da400be06,1,d4a8ab90e626911fa92af68c07228390,cca3071e3e9bb7d12640c9fbe2301306,2017-01-27 14:23:56,45.9,15.56
917ca364b9fb9460dee6ea613ee2a5ab,1,8bc9dee0f2da0b7ad43095be7ad8414f,76d5af76d0271110f9af36c92573f765,2017-01-29 15:12:59,399.0,92.36
91c52e15672343c61768b4d10597eea8,1,c4a45b9505564b0de1ff3e79062cffd8,cca3071e3e9bb7d12640c9fbe2301306,2017-02-05 18:35:23,69.9,18.0
91c96626f9e13b1b71a1f3e7ed52dd7a,1,fb21cbf5cf37c8282a583cf8b6e770dc,b17b679f4f5ce2e03ce6968c62648246,2016-10-13 02:33:03,75.9,26.79
91d1bf2b7745903cb0d17162d1bbd750,1,d8de812ed5d981fc6a3984f4caa2aa05,54a1852d1b8f10312c55e906355666ee,2017-01-25 21:58:35,59.99,16.12
92580e7039e427da2884d35809a95996,1,0ec63d4c614fff936b02b10d242bf955,4a3ca9315b744ce9f8e9374361493884,2017-01-17 23:24:59,89.9,15.84
92b44b87f1f7670b8911c5f0e642435e,1,f07ef9dd6e2d9a366ff30a25e210be70,62c50c1af4dfdc4149d25c5222043d39,2016-10-10 07:45:48,149.99,11.66
92e3415f60fec80f07ebca939434c3a7,1,983fb87b74395e82bbe509cf694296ce,2bd05d410a8fd26dc4184a15f4f2f588,2017-01-31 10:29:59,29.99,10.96
9315757eaf0e782619bed131508dbddb,1,e41a6ac2f57a273eb0d214c7cbab5db9,a7f13822ceb966b076af67121f87b063,2016-10-11 10:44:55,129.97,20.49
942cb81b8e0a2f33510159729f69d8b1,1,30469bb5ea377eae7121981e2f0778e4,80e6699fe29150b372a0c8a1ebf7dcc8,2017-01-28 11:24:20,113.0,54.32
944f618b790d6d01c2c78750fc0f700a,1,a6b32d26b9f925954b1cd8339f664a6a,0747d5bb69f0586cc869d8af4c50f93e,2017-01-21 15:01:33,39.9,27.99
944f618b790d6d01c2c78750fc0f700a,2,d51e0a7f437c0d14f560082ed007fd85,0747d5bb69f0586cc869d8af4c50f93e,2017-01-21 15:01:33,8.9,1.05
94b35c9542f07ad80b3367f9051b63af,1,24905035adec59d4ab5a46c13973ef17,ffff564a4f9085cd26170f4732393726,2017-02-03 12:38:48,47.5,26.61
956f15dfe9a7f2414a02c445fdbb865a,1,7868a64aa111bbb4f41f8e1146c0becb,cca3071e3e9bb7d12640c9fbe2301306,2017-01-31 18:37:21,59.9,17.16
95d31d53ccc53bca2c13fcd535d67526,1,d5f4f441812a9a67cf8fa6d6019192c8,b1fecf4da1fa2689bccffa0121953643,2016-10-11 14:52:27,174.9,17.65
95e01270fcbae9863423400103359279,1,b73f6899a58fe7a37e55149e9a11c717,a7f13822ceb966b076af67121f87b063,2016-10-10 15:51:43,86.99,28.23
95e4477d8423c69a93c55d840e02d9ba,1,8d99a7ed81f061ceed740d8900be880a,4a3ca9315b744ce9f8e9374361493884,2017-02-01 23:55:20,48.9,18.0
95fd5e469d8ce5093adeace50b5a4389,1,dd6a505f83dd3c6326aa9856519e0978,fa40cc5b934574b62717c68f3d678b6d,2017-01-22 22:57:25,49.9,10.96
96123b9ae5a9cdfd4efe5fe402a94675,1,8a8ffceebd3e62e6b982760275d38128,ecccfa2bb93b34a3bf033cc5d1dcdc69,2016-10-12 04:27:44,131.99,17.55
966f96af9d189dc428ff04ebbca821b8,1,112dad9870ca76046f327b9c08f00b29,5f2684dab12e59f83bef73ae57724e45,2016-10-21 16:40:32,129.9,12.44
96867881a8d245ffae18dd2f1c4898d2,1,b7a2d0cb90ba252129d34d7c8d079d2b,620c87c171fb2a6dd6e8bb4dec959fc6,2017-01-30 22:19:43,239.9,15.85
96caf486ad384c707d860dbb4e519794,1,77cad52aa444e612b99517bebbb4abb2,fa1a9dec3a9940c072684a46728bf1fc,2016-10-15 08:57:48,99.9,16.26
96e60a8b7fe4d9cd4f5ef7f3399a502b,1,ecbe1ef7e2903ff8b1d704ba78fa264d,c3cfdc648177fdbbbb35635a37472c53,2017-02-02 17:16:40,99.0,6.67
96e60a8b7fe4d9cd4f5ef7f3399a502b,2,ecbe1ef7e2903ff8b1d704ba78fa264d,c3cfdc648177fdbbbb35635a37472c53,2017-02-02 17:16:40,99.0,6.67
96e60a8b7fe4d9cd4f5ef7f3399a502b,3,ecbe1ef7e2903ff8b1d704ba78fa264d,c3cfdc648177fdbbbb35635a37472c53,2017-02-02 17:16:40,99.0,6.67
9758e655b4d2fca01c69a4dde9d4fb5b,1,f821142b81bcee787d6383b5c384d37d,9baf5cb77970f539089d09a38bcec5c3,2017-01-30 09:44:46,119.99,14.61
9786c52ca3e1ed1ef3ba5c65941627f0,1,7dba49d05059dfa721e63caf83965829,41b39e28db005d9731d9d485a83b4c38,2017-01-25 21:12:13,119.9,50.0
97d2f8fe76f2f253b8291e17b5383884,1,a8255c87078b4bd9bc05fe7290ca5c25,a7f13822ceb966b076af67121f87b063,2016-10-10 15:51:26,279.99,121.2
97df4160390cf20ee63b032b5a93d0e2,1,7958e96171ca669184bf4a085d7deec3,054694fa03fe82cec4b7551487331d74,2017-01-30 14:12:54,177.0,26.73
984d046c833232079162e22c7ef8c15d,1,461a85909a0075c82f74d0221f6991c9,ed859002ad59dbf8cf3602696a6c3000,2017-01-23 10:33:22,419.9,31.13
985db56d4cabd2577d0960194dd2cd5a,1,062619359d5f9a664606cb2a6ccb477a,b1fecf4da1fa2689bccffa0121953643,2016-10-21 16:33:54,136.9,17.39
98750f114ae6088d04ea0d3cfe3f137f,1,5c75915e4a74994308fe805cdbfbf5f5,63b9ae557efed31d1f7687917d248a8d,2016-10-10 03:07:51,10.0,14.52
98974b076b01553d49ee6467905675a7,1,ecf23a6c1689e2bed38171ececac6138,5b179e9e8cc7ab6fd113a46ca584da81,2016-10-21 16:20:21,109.9,11.23
98beb6d036255a151fd6d5000ad66da8,1,525a5744fb5d26e4035d0610446900c5,f41ce2e25237f9092cd8e6e7516c7a2f,2016-10-15 04:56:37,58.0,14.6
9980c5519e01cc5a1c1c35bd247bb499,1,0dcbc0d012d42719216ea7dff6b90a6f,46dc3b2cc0980fb8ec44634e21d2718e,2017-01-21 16:59:30,199.99,16.61
99a4238f13a11d486a5eabe5c8b1a1ab,1,a855248349fb73a158bae22b79ae955f,1336efc61c316ddf92c899eb817f7cae,2017-01-27 20:45:59,42.0,16.05
99c0817d6ecd5fe55d21540917f1f5f9,1,d9471e8bbb843a2afe92def2edfb8638,8a32e327fe2c1b3511609d81aaf9f042,2017-01-30 11:51:38,49.99,14.11
99d3df1714b20b9eb9734e731927379a,1,42d2add84cc80443a8128adc87b6a958,620c87c171fb2a6dd6e8bb4dec959fc6,2016-10-13 15:57:14,299.9,19.19
99e3f90c535337b45eace6f8a8a9400f,1,49cd59957f1c81427ca0b2edf5696969,d98eec89afa3380e14463da2aabaea72,2017-01-22 08:01:37,45.0,50.0
9a3e437ab219133c20a7033be9087edf,1,368343a35b2e888dae4f3f831d22437a,fa1c13f2614d7b5c4749cbc52fecda94,2017-01-11 20:45:31,149.0,15.21
9a4ae4d5c3a3dabdf42e5d7ec4203ed2,1,2e5c0bb27fdd53873a033938b91ed656,5c603ffb38cbbf25a0e0698941324143,2017-01-27 02:54:13,174.4,23.51
9a75a775d17d37cd19193fe02c3f21de,1,4a90b44b456e79e7a33435fdd36e551f,c9a06ece156bb057372c68718ec8909b,2017-01-15 15:56:35,380.0,44.04
9aa3197e4887919fde0307fc23601d7a,1,1949890685a12526806e9463ba1a3964,c12d7463a579237ffb9248bd7cff378b,2016-10-10 16:07:00,25.9,8.72
9b2e5e7107f9b0d28873782803e01ecd,1,c1488892604e4ba5cff5b4eb4d595400,1554a68530182680ad5c8b042c3ab563,2017-01-21 20:20:10,38.5,15.56
9b42f8813f6bfa620e0c91a4e132f2c0,1,77cc62dc80ebe12a0452d1ce0565acdc,218d46b86c1881d022bce9c68a7d4b15,2017-01-30 20:56:43,113.0,13.37
9b91ddcbd6cbceb83d4fd2462ca1f95e,1,f5d8f4fbc70ca2a0038b9a0010ed5cb0,48efc9d94a9834137efd9ea76b065a38,2017-01-09 14:22:02,10.9,8.72
9c0b834fc89f4dd70679baffe8bed38e,1,d696750e550fd0f733979dd7e5dff921,9de4643a8dbde634fe55621059d92273,2017-01-22 22:12:34,173.85,12.61
9c54a1816e487456bb7eb5082b9823ff,1,985c412b0ac92ed9d8a76bbeab6d44eb,1554a68530182680ad5c8b042c3ab563,2017-01-21 14:23:54,68.9,17.22
9d00e5dd1d0a6dc258a09e9c90854357,1,c0d4027067afcf9c1697cce981b8fed6,48efc9d94a9834137efd9ea76b065a38,2017-01-13 14:04:26,7.9,8.72
9d34d5659dfa39b38d29bfcf0c85ead9,1,ae7893ab2f9eec6630b5098e6362adc2,41b39e28db005d9731d9d485a83b4c38,2017-01-30 22:23:15,13.8,10.96
9d34d5659dfa39b38d29bfcf0c85ead9,2,ae7893ab2f9eec6630b5098e6362adc2,41b39e28db005d9731d9d485a83b4c38,2017-01-30 22:23:15,13.8,10.96
9d57e7a9c3dae94772187f73e97d9854,1,52c87e7b33516eb97c3023a20848ea81,b127efdabeffb5d559349c7b172eb75d,2017-01-30 13:51:54,28.0,5.03
9d57e7a9c3dae94772187f73e97d9854,2,afab5f7ab5c82f92ddcdc46c4cd85fbc,0ea22c1cfbdc755f86b9b54b39c16043,2017-01-30 13:51:54,24.9,25.14
9d664ec86be69d869bb6870294c4fdd8,1,d26580768894ea0cdc9f19dc672956c2,d50d79cb34e38265a8649c383dcffd48,2016-10-12 19:55:50,169.99,34.39
9d6f552c9b731d52bb9c9b6051ddf5a2,1,0df2a1aed6dc8c10577115fa9e4b6de0,54a1852d1b8f10312c55e906355666ee,2017-01-31 12:54:59,29.99,26.61
9dc6746a8f29fafaa637f2239a9f3d28,1,6c34d241bbd85d693f1fee6a4b8a8e2b,59417c56835dd8e2e72f91f809cd4092,2017-02-06 20:11:36,839.0,36.96
9e1b7a7d17aa42da16ee605b5fee2e0a,1,5bfcd193eb29c1c8332e2d4ca804d54f,522620dcb18a6b31cd7bdf73665113a9,2017-01-29 13:15:38,223.9,15.74
9edaabce3c4beef5432b6327ade4109b,1,9818832859d572545cee5a86ff7f4a3b,bfd938b22bc99bce1ae60dc602889f52,2017-01-30 11:39:55,199.9,18.4
9ee391a01004a9f330f16ebf9f7f0966,1,68a058d125ba1544e726898f0b8c0523,7c67e1448b00f6e969d365cea6b010ab,2017-02-05 15:28:18,119.99,18.0
9fb6e7ca3a34e0500eb810d98b00b81d,1,79896466715d0179d8e5c8a84e5f0a18,05ff92fedb5be47920fea08e501238b9,2017-01-29 18:22:36,449.0,27.34
a01cc79e3afbac4a52ce1d528080e438,1,adcfd260203f2ab192f83edb46d0f83f,dbb9b48c841a0e39e21f98e1a6b2ec3e,2017-01-15 10:24:36,17.5,10.96
a041155864e5141116458291313b35c2,1,29bedbfbe73ea473396306b4f0c010ec,5b179e9e8cc7ab6fd113a46ca584da81,2016-10-10 15:56:28,89.9,27.96
a08d1f4b300c3d7ec52f5f9a74234eca,1,1da5a90b5fbd1e1bc37b7bbb999c7bd3,de66a66f2dd06bb9ec37aa96987466a3,2016-10-21 16:25:05,45.89,11.17
a1597cc7eca8c8d095e5de327444d9d0,1,1da5a90b5fbd1e1bc37b7bbb999c7bd3,de66a66f2dd06bb9ec37aa96987466a3,2017-01-29 17:35:24,45.89,17.78
a15df161654da3f47c2984ffd7764920,1,7bbc646134de228a74392d8407d16df8,ddd51ae8cda92f3995a51fc0f0f3eec7,2017-02-01 18:30:17,30.0,9.0
a15df161654da3f47c2984ffd7764920,2,7bbc646134de228a74392d8407d16df8,ddd51ae8cda92f3995a51fc0f0f3eec7,2017-02-01 18:30:17,30.0,9.0
a241bea87dcdd0160ca94ebdba5bdbb9,1,e96867993d08fadbc6f828871885f897,620c87c171fb2a6dd6e8bb4dec959fc6,2016-10-10 16:03:06,279.9,17.45
a2c7b8f8a4fe1bc4a8f4e30a5311861d,1,8a1e1c6e48f0d275628e3c626d57257f,bf100ecb7997df312b285358fb32f92c,2017-01-27 07:33:11,59.9,14.59
a2db088616f079ceb7a0e856f8a741ca,1,8015f5d7a88ec30688c99aa9486561f7,89bc797e2e29667aa035d4368f9b7f92,2017-01-29 22:19:19,19.9,10.96
a3d1ef2562cf71542edfed06c1a7b6c8,1,dd27fbe859b9453b8147c3aaf47623c7,3c3017960b2dbd72711a61f0400aab8f,2017-01-25 11:43:35,89.9,25.37
a41c8759fbe7aab36ea07e038b2d4465,1,b72b39418216e944bb34e35f4d3ea8c7,45d33f715e24d15a6ccf5c17b3a23e3c,2016-10-21 16:18:26,36.49,17.24
a47c6e02b84d8dea0ec21748a611293e,1,58c41dff5d439e3f6260765550748762,2bdb95a56a36ebbc6640337ac5eac174,2017-01-31 22:07:02,89.9,18.0
a503ed3639b58426f15f719d61bfe408,1,80d3aeff2ab6c9d795010c029dbd5ddd,1554a68530182680ad5c8b042c3ab563,2017-01-31 12:10:43,199.99,34.6
a50d16f8c24acdc0c3d2fe0af2cd5c87,1,e2b9252181ddde232e0bfb68df262610,e24fc9fcd865784fb25705606fe3dfe7,2017-01-29 20:17:33,192.0,18.08
a52e6fa2d7c6ecaf73ff5f7f10438339,1,28fd1639ff52d870a3d2c38090d2d902,2199e7fe213c16213bf5d6a7eadc9a5d,2017-02-01 20:09:18,189.0,18.0
a6475bb7a50387e3c665534e15bd40ac,1,39731b928af43b0f49dd60d4706e403f,432c67955c0acd1fd6b0b5d678766a71,2016-10-09 02:46:18,599.0,60.41
a68667474430fadbcfc1bfbb9e2adc0b,1,1074656a4fa698879d65d619f58083b2,61f159ef6da2d441951d2c0efa719362,2017-01-22 20:48:59,14.99,17.78
a6cd683d4bd3b9b1f0aa37b27f8116d3,1,721b56b7d205d6750e97716593bcb370,5c243662ce92d84573bfaff24c3e3700,2017-02-03 23:45:53,589.9,20.0
a6dfab363a9e239287c4b1e3c275fb93,1,04c48a5fe31aedc4ef3896c005fd483c,620c87c171fb2a6dd6e8bb4dec959fc6,2017-01-30 09:11:37,309.9,26.66
a6e307f50d1a494a1ad373af7a748e1d,1,bd7cd34fc6d02e730221b11edc354aae,46dc3b2cc0980fb8ec44634e21d2718e,2017-01-29 09:42:36,99.99,19.4
a73a38a5eeac4ab94ef2bcbd90f92e43,1,4f8303640418a925cc83a18d2caf0dbe,f9f68daa2af419d38f745478bcb3da1a,2017-02-02 19:55:05,11.2,18.0
a74a1bb28cb0ae0a239270f8e3a85cdf,1,25ed6ff9d1830f39f847e63f2653c07f,4e922959ae960d389249c378d1c939f5,2017-01-27 00:53:05,17.95,14.52
a7765f04ecc5f2e0683f08a97ee8174e,1,77d1f94d7eeaaeb36736fd1049e79eb3,8e6cc767478edae941d9bd9eb778d77a,2017-02-02 19:08:00,64.9,18.0
a8305d2dfd60042d6000b3de3bc533a3,1,3952bdd2bc1fc8c324a78de21ae4d801,8a87611c08849ffeeccab52aa798b6c7,2017-01-30 23:48:56,60.0,14.18
a87f63f16c37c383775f476c6f22b635,1,5538ed283fd2d0e2a1151507e1cbd59c,4da0e408c99d2fdc2126dc9fce518060,2017-01-18 15:42:20,28.0,17.78
a8846701b9f3e21e64c9062ed3f4dfd7,1,b11456f416365fcb044ae90260691ccd,4bde6149c15cf7e177b36fa060dd6de8,2016-10-11 12:15:24,79.9,16.33
a89b268d1a28bab0770e650f25232b06,1,6ae7f4ef0ca670ca2609d039af87d057,620c87c171fb2a6dd6e8bb4dec959fc6,2017-01-31 11:38:59,23.9,10.96
a8c3f65a43b2e956cbfca10db4300853,1,e08d86e1c599e2373d95380ac9a3ccc8,3606774ec64634822d78dc2db6d37045,2016-10-10 15:46:27,179.9,16.37
a8f7a1d76c02dc4a7c5177aee8c2b02c,1,e5d860a0fff2e94bd1a406456cc6c4b3,01cf7e3d21494c41fb86034f2e714fa1,2017-02-02 10:02:37,209.9,27.0
a909c24a30d5a05204ecb7ef3f11e321,1,5008f57a319af1670091cd1d64656910,515d781150feed28a6ac091bb0e3cb8c,2016-10-11 22:15:33,212.4,25.57
a9506e4af5c19ca12362961efdefb20d,1,6dab56beb5263f0d554cae5c55809208,f4aba7c0bca51484c30ab7bdc34bcdd1,2017-01-29 22:16:53,23.9,10.96
a9a93c428c6103f2151bb63a1d32a520,1,e4e9fa024c5f014419b395452a41987c,e2aee0892199b1d92530e371abd825bf,2017-01-18 17:57:50,99.9,60.77
a9ad904bde6787e355771489eef73012,1,beda52fd19ab7f39cadee87a7f3f472f,903037660cf848a717166eb7a06d616e,2017-01-27 21:38:10,112.99,15.55
a9ad904bde6787e355771489eef73012,2,beda52fd19ab7f39cadee87a7f3f472f,903037660cf848a717166eb7a06d616e,2017-01-27 21:38:10,112.99,15.55
a9fc3ae13c740ad46532fd50b61c69d5,1,bd701724b9bc9f955e22db8ec65b5097,bac44fa8e13424950488659b5f765c41,2016-10-10 15:44:57,19.9,14.52
aa04ef5214580b06b10e2a378300db44,1,9fc063fd34fed29ccc57b7f8e8d03388,ccc4bbb5f32a6ab2b7066a4130f114e3,2017-02-03 00:30:03,370.0,19.43
aa4f1c4318226e2f86adeb5578d8726b,1,952d57ee94f3a9873bc70d9789a21c8a,f7496d659ca9fdaf323c0aae84176632,2017-02-08 15:49:39,119.9,18.59
aa58df9711205e09b4ef6d704db7871e,1,6df665a20caa80a66804f836165bbf36,f235413f677777a0738ff215d0184901,2017-01-27 19:32:40,595.99,23.47
aa799c67bfe59b0de24f6db1dc1b776e,1,6ff2272628904adc50a60b0d755e9526,7e93a43ef30c4f03f38b393420bc753a,2017-02-02 20:14:15,222.4,18.0
aa830d74d3e7d4a392cb7eac51a9c719,1,39e96bf755a2107369e9e9654476d831,cca3071e3e9bb7d12640c9fbe2301306,2017-01-21 17:59:38,89.9,14.4
aac01d5ce6fab5aa0e191d71aedbaa3c,1,6fba9843ddfdebe33d2625afc8001eb7,7008613ea464bad5cb9b83456e1e6a8f,2017-02-01 13:24:20,35.5,18.0
ab0c90a5da04e0132ea07c113bedec0d,1,ace5d86cf1ac63cdb76f49e5cd23d2f8,cca3071e3e9bb7d12640c9fbe2301306,2017-01-31 20:53:06,50.9,26.62
ab8e5f9b860cd703f5f647200c2c7b58,1,95c40b993a22463c83beb5c51a03d46c,85d9eb9ddc5d00ca9336a2219c97bb13,2016-10-22 16:21:54,20.9,14.52
aba7884f1a6e6e52b774eb7654651325,1,28c8150eb44ec8106c8f061afd9c3e9f,75d34ebb1bd0bd7dde40dd507b8169c3,2017-02-02 19:00:25,659.99,25.7
abbbf52551bc34cd52a7851c06dfca90,1,6f1ccca9f878a413a495487eb649ab32,586a871d4f1221763fddb6ceefdeb95e,2017-01-30 23:20:31,99.0,20.74
abbbf52551bc34cd52a7851c06dfca90,2,6f1ccca9f878a413a495487eb649ab32,586a871d4f1221763fddb6ceefdeb95e,2017-01-30 23:20:31,99.0,20.74
abef8b5d0f7fa066c7473db7d650c870,1,f0af7ec9760e53f21277444f32ee3308,cca3071e3e9bb7d12640c9fbe2301306,2017-01-22 13:17:46,99.9,13.28
abef8b5d0f7fa066c7473db7d650c870,2,f0af7ec9760e53f21277444f32ee3308,cca3071e3e9bb7d12640c9fbe2301306,2017-01-22 13:17:46,99.9,13.28
abef8b5d0f7fa066c7473db7d650c870,3,f0af7ec9760e53f21277444f32ee3308,cca3071e3e9bb7d12640c9fbe2301306,2017-01-22 13:17:46,99.9,13.28
abef8b5d0f7fa066c7473db7d650c870,4,f0af7ec9760e53f21277444f32ee3308,cca3071e3e9bb7d12640c9fbe2301306,2017-01-22 13:17:46,99.9,13.28
abfb34ed11820c7247adfb30fe5bb7ae,1,6cdd53843498f92890544667809f1595,ccc4bbb5f32a6ab2b7066a4130f114e3,2017-01-27 00:25:39,349.9,21.15
ac00d3859c095d282f6bef69e0ed1b38,1,a760ef0bb70c954d79e62ec6023d380c,01cf7e3d21494c41fb86034f2e714fa1,2016-10-15 18:32:03,69.9,19.26
ac2b7c522d811acba0aa270ed3e112e4,1,4632bc49b300378ed4f1d48f424d414e,ed859002ad59dbf8cf3602696a6c3000,2016-10-10 15:44:27,294.9,20.34
acb3a4ba3d4d4b0c57cd93736fa61558,1,30469bb5ea377eae7121981e2f0778e4,80e6699fe29150b372a0c8a1ebf7dcc8,2017-02-02 15:21:30,113.0,31.0
acc3d4031cbd2f28ac6b5b71427a054c,1,ab4d426852a7cd31cef3270bfab3bcdd,392e0502231ae2f8b29994ef6398cd77,2017-01-13 21:40:42,109.9,20.85
acf83f0e8fb878cb25197344426ed10b,1,5cd07c84a1c25575ac2fc3fa73f1d952,86bb7c4b535e49a541baf3266b1c95b1,2016-10-11 02:49:22,629.9,34.03
ad1aeeb1a99c9f021e38a49865bb812c,1,d9894482fba41f536a273ba2276d951f,024b564ae893ce8e9bfa02c10a401ece,2016-10-21 16:23:50,77.9,26.3
ad1aeeb1a99c9f021e38a49865bb812c,2,d9894482fba41f536a273ba2276d951f,024b564ae893ce8e9bfa02c10a401ece,2016-10-21 16:23:50,77.9,26.3
ad1aeeb1a99c9f021e38a49865bb812c,3,d9894482fba41f536a273ba2276d951f,024b564ae893ce8e9bfa02c10a401ece,2016-10-21 16:23:50,77.9,26.3
ad1aeeb1a99c9f021e38a49865bb812c,4,d9894482fba41f536a273ba2276d951f,024b564ae893ce8e9bfa02c10a401ece,2016-10-21 16:23:50,77.9,26.3
ad1aeeb1a99c9f021e38a49865bb812c,5,d9894482fba41f536a273ba2276d951f,024b564ae893ce8e9bfa02c10a401ece,2016-10-21 16:23:50,77.9,26.3
ad1aeeb1a99c9f021e38a49865bb812c,6,d9894482fba41f536a273ba2276d951f,024b564ae893ce8e9bfa02c10a401ece,2016-10-21 16:23:50,77.9,26.3
ad818323f40e1a353eb3a3874d138c51,1,20090bcd0d43eb49feb63d53d387780b,05ff92fedb5be47920fea08e501238b9,2017-01-14 19:43:30,176.0,15.4
adebb4dfc650b98f7c7e38bb11cb0aa9,1,f4d1833c85057a25ac14374dda132701,f4aba7c0bca51484c30ab7bdc34bcdd1,2017-02-02 19:10:43,34.9,18.0
ae0913baa54f18027667d8049c36fde2,1,0f3c8906e5b08127d539956bc587074c,f67efa3f0b6761102a7f8c6b7b571f5d,2016-10-21 16:33:37,149.99,23.41
ae25aaffc9b89e8519bb9b5aa59cc8ef,1,1fb368a1506cced21a07abb6d220c4e1,822b63912576852aea9a8436d72317b7,2017-01-28 12:18:07,139.99,15.43
ae8a60e4b03c5a4ba9ca0672c164b181,1,a5c3ddb1a400f50d1cf7138727aec136,817f85dbb65aa3e70831d90fe75cdf89,2016-10-21 16:27:42,128.9,25.67
ae917963181c56c14f8d0e873b1588ac,1,852b19e59727d554cf958607536d86d9,4d600e08ecbe08258c79e536c5a42fee,2017-01-21 16:47:13,379.0,27.14
aef214f769de82d355c5d2ab49e15891,1,dca18a6e2fb6da75092ed874094ed7b6,5656537e588803a555b8eb41f07a944b,2016-10-10 16:03:14,31.89,15.65
af9cf6a8b011e9fea2be4c295942e58b,1,6fdfdddfa3c98723386e5fab78e87be3,1b8b75e227c9a9c100d0c210fb6176ce,2017-01-20 23:17:31,89.99,14.66
b017dafe7c59c8aaf92ab3fa1ca54d78,1,4bf205e4dc4e2c6b258e1ec0e2be9367,e3b4998c7a498169dc7bce44e6bb6277,2017-01-30 16:16:15,130.0,11.52
b04bd4e0a1a21fef81b1f24f6fb81c08,1,bdfe450775bde583b7abb5698f1bd6e2,56642bcb79900e777d68e91915cb4267,2016-10-15 05:03:18,131.0,12.78
b063bf13bfec7c847d7a6bdb54554c00,1,f58bb9f12b0ca10029de2df4585a353f,46dc3b2cc0980fb8ec44634e21d2718e,2017-01-21 23:37:51,89.99,14.8
b08dfa6db006194a07108b6ff6330313,1,40057bb8798f91bc5835fe774b8b4c36,d12c926d74ceff0a90a21184466ce161,2017-01-28 09:00:49,69.9,11.1
b0cfee6ce5503781be6004e0e31e4309,1,44377a26f7c80dbf0a9b2b300604e6bf,ecccfa2bb93b34a3bf033cc5d1dcdc69,2016-10-21 16:24:03,99.9,16.27
b0f913cb83681e8a8563b96b641b3e1b,1,e5d860a0fff2e94bd1a406456cc6c4b3,01cf7e3d21494c41fb86034f2e714fa1,2017-02-01 17:59:37,209.9,18.0
b157079a62d77688a0f66043aa1f0306,1,6c0163ecd7df58f4240f9a83ca6079c7,afa6714acee029b2dfdf357e5579cc03,2016-10-12 18:54:23,119.9,15.01
b174fa32929e4af3622213e835cfa84a,1,6d811b6e8cada9a8f7f38bb315620e1b,80e6699fe29150b372a0c8a1ebf7dcc8,2017-01-13 21:31:15,129.0,22.37
b19169c7cb8391fb8561e094d61c531a,1,bdcec8e22b04a8f4241d87bcfe9ea877,d101c6da914ae3d53f7bee42283f2fe2,2016-10-21 16:35:49,28.9,14.11
b19169c7cb8391fb8561e094d61c531a,2,bdcec8e22b04a8f4241d87bcfe9ea877,d101c6da914ae3d53f7bee42283f2fe2,2016-10-21 16:35:49,28.9,14.11
b19169c7cb8391fb8561e094d61c531a,3,bdcec8e22b04a8f4241d87bcfe9ea877,d101c6da914ae3d53f7bee42283f2fe2,2016-10-21 16:35:49,28.9,14.11
b1d88d1e4179448cac98b8d433e23316,1,6c0d548acd149f30331671548dda66e8,440dd6ab244315c632130ecfb63827b1,2016-10-11 03:14:15,89.9,17.47
b23dfa1c97d08f8d2017e85dbdc5b1aa,1,6f790ed0f75949b7fa234ec087aed912,5dceca129747e92ff8ef7a997dc4f8ca,2017-02-01 17:05:18,669.0,41.0
b2f92b2f7047cd8b35580d629d7b3bfb,1,8f1e43e0e3374ed8c84df748034d6179,ecccfa2bb93b34a3bf033cc5d1dcdc69,2016-10-21 16:27:28,59.9,11.31
b330d4bdde86ff11a726ee57dd2a7d75,1,382d28bfa85a9857cd10bfdb1b8b7f80,4b90495391ac0bd181a80a459df1e718,2016-10-10 16:06:06,248.0,18.11
b34d8ec665f905d3c7583b291f54b605,1,9dbf7eb5228b2070008a2e331b114512,85d9eb9ddc5d00ca9336a2219c97bb13,2017-02-03 13:34:56,26.9,18.0
b379b3d63e1948d3692990c4e0a5adc8,1,1d092cf4f9b3ea4bed6ec6566b38ad45,b2ba3715d723d245138f291a6fe42594,2017-02-04 13:08:14,74.9,11.13
b3a60e4531d82485b6ed7c49ba266c66,1,91a5ae441d12befb1c62c19c4ffc940e,8a87611c08849ffeeccab52aa798b6c7,2017-02-01 22:54:48,155.0,18.0
b3aa45b7ba0f950a1b163a9f85f613de,1,7e7e1af4ab49963c6e1245b2dbd8f492,11305281b50fff20ae8bb473f8e11876,2016-10-14 03:15:42,44.99,15.53
b42efbd88abf3882f91928b08cf74d6f,1,1789a1b00c33bec9db6e27b4848a5c94,e9d99831abad74458942f21e16f33f92,2017-01-28 17:11:53,99.0,14.86
b44d71edad65f41824d2e177470ef8f6,1,8b39be5bbb8a4585ed19cacbf4162c27,9c3c24eca51c52b91c1de727d2a2ae06,2016-10-14 16:04:50,49.9,11.74
b4924647a0523d99010023d68b76c18d,1,36c2d6cd6fd0a6720f3ebe3379a2032d,d379f449f2a3b271bc01c0782020f705,2017-02-03 13:23:50,99.99,50.0
b49998737b7359ebe1b64b0b7ffb20f6,1,8efcb24ccca088a16dab13882f1c45e0,5f1dc28029d2c244352a68107ec2b542,2017-01-24 16:27:25,22.3,14.52
b4a600b2f7cc0efe40a086465eca8799,1,fb01a5fc09b9b9563c2ee41a22f07d54,522620dcb18a6b31cd7bdf73665113a9,2017-01-30 13:32:04,689.89,20.04
b4d81b7ba0a5e97d9b77104dc0f3b82d,1,68a058d125ba1544e726898f0b8c0523,7c67e1448b00f6e969d365cea6b010ab,2017-02-05 14:27:36,119.99,50.0
b4e9e179195a7cee910bf458c5b6e01e,1,a8fe47ad6f852f93cc92c7b408687de3,aaed1309374718fdd995ee4c58c9dfcd,2017-01-29 20:00:43,72.9,26.77
b533dea24ada4dc5c1a9041d25d7c812,1,661e3bba6bdb874638367462b49ae590,23613d49c3ac2bd302259e55c06c050c,2016-10-15 04:56:41,15.9,14.52
b582532527260a8be949eac9f4d0ccff,1,c29a770821480abc0e0150220a24e7cc,cca3071e3e9bb7d12640c9fbe2301306,2016-10-15 04:56:46,49.9,26.61
b5c037cf61074d84c0a994fa0d024064,1,84c6e1fb0400fb720bfd40e3396e9044,cca3071e3e9bb7d12640c9fbe2301306,2017-01-19 15:58:39,169.9,16.35
b5c037cf61074d84c0a994fa0d024064,2,be7815756efd025355c3e09139c3f2ac,cca3071e3e9bb7d12640c9fbe2301306,2017-01-19 15:58:39,184.9,16.35
b5d124183f47ec6adf54b1cfc3e445f8,1,f32af0a8b0bcb05b60f05e8907ad8866,2a1348e9addc1af5aaa619b1a3679d6b,2017-01-31 12:22:34,29.9,14.11
b5eeec1b045b05d3e3010ef57120a8dc,1,17d17b9640ddee0ec3fa09c91b284ae9,cd06602b43d8800bd0afad514919d35c,2017-02-04 11:48:46,27.9,8.72
b626a11507dbce56f74a5b1b1a6af615,1,aeeed2c170290c9293b7f8f401714e01,5f0057b677eb963672bf05dfa3f16c34,2017-01-27 22:29:40,26.99,10.96
b6e5aa946acc4e29e7069510f28a0bce,1,2a763f02c6a7a8ab7c1be0460ff891d0,cca3071e3e9bb7d12640c9fbe2301306,2017-01-22 17:58:42,149.9,19.33
b7026ba7432929d99880463305b8ce98,1,f3dd572f31692bb5b6ab21d2af0673b1,b7ba853e9551f4558440881fd3e5c815,2016-10-21 16:32:42,136.9,25.7
b782d486ebb05fdf0ba6ec05652f704f,1,34742604f6cd1e891726b849b6890f81,76d5af76d0271110f9af36c92573f765,2017-01-30 16:29:30,859.0,59.58
b782d486ebb05fdf0ba6ec05652f704f,2,34742604f6cd1e891726b849b6890f81,76d5af76d0271110f9af36c92573f765,2017-01-30 16:29:30,859.0,59.58
b79559dba6909e4d8ac0ddf501a99f14,1,4a625789888350aabb6b1acd0e8f9e39,8a32e327fe2c1b3511609d81aaf9f042,2017-01-23 08:57:04,12.99,9.34
b79559dba6909e4d8ac0ddf501a99f14,2,4a625789888350aabb6b1acd0e8f9e39,8a32e327fe2c1b3511609d81aaf9f042,2017-01-23 08:57:04,12.99,9.34
b7ae7c643ef9274727f48dcb0ba08593,1,43f88c8353708451babf9bcdd1fda92a,cab85505710c7cb9b720bceb52b01cee,2017-01-29 16:51:27,49.9,14.52
b8297ee8722ce94cc9a2e9263124cd36,1,be62f0c24387eae79f18265ad2a5d8cc,76d5af76d0271110f9af36c92573f765,2017-01-22 00:31:51,24.9,20.67
b866af202be0692766081310cd4085e1,1,0561435e3af107a3bd2104466ad5985a,41b39e28db005d9731d9d485a83b4c38,2017-02-15 14:59:17,34.9,3.39
b866af202be0692766081310cd4085e1,2,63cbf4066cf395d6634831160ddacbbd,0b09101900100c0e9d312861fad5a1b9,2017-02-25 13:59:17,153.75,14.61
b88cd65e1d90bf6e185bf9b6f0b614cd,1,57e5c7033739b88d673eba67e9cf9376,89bc797e2e29667aa035d4368f9b7f92,2016-10-15 16:13:12,29.9,10.96
b8a4cbf978ddb7ef0264c480a122329f,1,1d828db422e61ea21702baf9eda8732d,b76dba6c951ab00dc4edf0a1aa88037e,2017-01-31 11:36:22,6.99,8.72
b8b9d7046c083150cb5360b83a8ebb51,1,12715d8bb61f9c2c26219377d9737584,8fdca8e349553f99bc738833a62c8802,2016-10-10 16:05:20,107.99,11.8
b9581bf1b646f4fc021b131e1ca4d034,1,1b06c90f0a31f14d0f505323b5723a80,f8db351d8c4c4c22c6835c19a46f01b0,2017-01-29 22:46:24,61.9,15.64
b95a0a8bd30aece4e94e81f0591249d8,1,6c04a068e5ab37749c980c42a036b9e3,48efc9d94a9834137efd9ea76b065a38,2017-01-09 12:01:20,10.9,8.72
b95b454428554b28f33786b07e41edc4,1,e1ecccdfd47d369563db0edf20549475,cca3071e3e9bb7d12640c9fbe2301306,2017-02-01 16:31:54,79.9,18.0
b96f5299909903eedc435d396f90f726,1,c6edce374ec89184d740f3e674add5f4,7e93a43ef30c4f03f38b393420bc753a,2017-01-30 09:50:17,1299.0,24.3
b9b51e569a2e79970555eb81107eb369,1,880be32f4db1d9f6e2bec38fb6ac23ab,fa40cc5b934574b62717c68f3d678b6d,2017-01-26 17:27:57,42.99,14.52
ba3d713d46b9dadf35bf0ab911b06408,1,777d2e438a1b645f3aec9bd57e92672c,4a3ca9315b744ce9f8e9374361493884,2017-01-17 09:02:32,69.9,15.7
ba78eeba3ae33579487bedc08dce96be,1,7642ddbf174d9a97119510f56be6c201,46dc3b2cc0980fb8ec44634e21d2718e,2017-01-28 14:14:29,279.99,22.59
bab0a62e41a5f0abc7f04989cdd7a6fd,1,f2b525fa6f0346d64e4efcf1b2302d31,822b63912576852aea9a8436d72317b7,2017-01-24 20:33:49,195.99,25.86
bb0ef554fe35f069cb84d62115f885f0,1,51f906f965ca71722df2059f9a7c1b62,3481aa57cd91f9f9d3fa1fa12d9a3bf7,2017-02-02 17:38:09,90.0,18.0
bb2dfe6031f35f7abc9a3c7dad5e4467,1,b68cf84ede4fd1e14b1740de5b727d55,e24fc9fcd865784fb25705606fe3dfe7,2017-01-26 14:09:03,636.0,15.84
bb448c2c512a6883aa2a26cb57b6cf4a,1,b463e740932577be6bedc720f216e79c,cca3071e3e9bb7d12640c9fbe2301306,2017-01-25 11:38:56,124.9,13.45
bb9fd560a08ca7403789dedaca85da14,1,3c37a8a5d5ef2eca9d5e6ccf39673031,46dc3b2cc0980fb8ec44634e21d2718e,2016-10-21 16:23:22,199.99,17.31
bbcec25aefec973dfa1b9499147fdf76,1,4a90b44b456e79e7a33435fdd36e551f,c9a06ece156bb057372c68718ec8909b,2017-01-14 14:08:07,380.0,45.07
bbf0608a4772666602f2fe57fe81742e,1,bf00630db939d773babccfe2449e9075,6edacfd9f9074789dad6d62ba7950b9c,2017-01-30 21:07:27,105.9,17.58
bc0e0c28cbe995798d3afb7c7c75d269,1,fd8a5b9a8a79d7ba0739d69be5dc5aa1,7e93a43ef30c4f03f38b393420bc753a,2016-10-12 03:19:10,1399.0,24.55
bc7bc14f585b1879f63e89cb0e4cfa17,1,9ce4603565c839785b24a7e95e28f4eb,59fb871bf6f4522a87ba567b42dafecf,2017-01-29 10:41:24,119.99,19.54
bcb093f60b7e48f285bf92f681e65651,1,c9d1849f97b6fe404378805a105d64ec,7722b1df1b0e383e000397b2c11e3e19,2017-01-23 13:06:45,89.9,11.24
bcbc0973414b1dd97555e6f8e9713cfa,1,48a12f318432c4b6a1fdfd5d79372e66,cca3071e3e9bb7d12640c9fbe2301306,2016-10-09 03:45:42,79.9,15.91
bcbc0973414b1dd97555e6f8e9713cfa,2,fd440fd792fd8a4b681f1eb258c25445,cca3071e3e9bb7d12640c9fbe2301306,2016-10-09 03:45:42,79.9,15.91
bcbc0973414b1dd97555e6f8e9713cfa,3,66e08854f9319c6aa4874ca435598331,cca3071e3e9bb7d12640c9fbe2301306,2016-10-09 03:45:42,79.9,15.91
bcbc0973414b1dd97555e6f8e9713cfa,4,d48e56be99464cbf285a9da17f618165,cca3071e3e9bb7d12640c9fbe2301306,2016-10-09 03:45:42,79.9,15.91
bd2623f3663c5daa3f89e6b527fd49da,1,6d59a3fe3140425fb175cdd1e688dc2e,cca3071e3e9bb7d12640c9fbe2301306,2017-01-27 17:08:01,29.9,10.96
bd50a7fe9fd97ea4b7663031a319e150,1,f5d8f4fbc70ca2a0038b9a0010ed5cb0,48efc9d94a9834137efd9ea76b065a38,2016-12-27 23:16:47,10.9,8.72
bd726a1bcd046edd7019cee8a66245f7,1,ec1600d8f15b93ce3e402f522696a18c,432c67955c0acd1fd6b0b5d678766a71,2016-10-15 11:02:24,389.0,60.65
bda31774eda0320ee68c33da94027e4d,1,baeb8e1a680cf9e1f13557d74b6cec3d,a36ac007a4d18f865c8d32c3b2402c2d,2017-01-27 18:34:12,129.99,16.02
bdf4423bf60eac03b6786ebd0e507cc1,1,2636a9812d151c718b53387171ce08be,b17b679f4f5ce2e03ce6968c62648246,2017-01-30 23:10:07,30.97,10.96
be09f109e6aa72ccad1f72f521f8d525,1,7d1de1f9f0157db00486b7ff28b6c5a2,8a87611c08849ffeeccab52aa798b6c7,2017-02-02 20:03:45,110.0,18.0
be5bc2f0da14d8071e2d45451ad119d9,1,fd7fd78fd3cbc1b0a6370a7909c0a629,f09b760d23495ac9a7e00d29b769007c,2016-10-21 16:33:46,21.9,17.19
bec25025b8d0b7db00c510720053761e,1,01586bfbe1d5449887f1cac4ad1fbd02,b76dba6c951ab00dc4edf0a1aa88037e,2017-01-29 12:21:10,12.97,10.96
beeff7037aa708c19973290382629a4c,1,a24198acc2d0e8240c40d914bd18df04,218d46b86c1881d022bce9c68a7d4b15,2017-01-30 18:54:48,209.99,12.86
bf44408de1d05eef70fb026ba64a90ea,1,1a2d84c11fbc7b3d7c0a10206c085ce5,b76dba6c951ab00dc4edf0a1aa88037e,2017-01-10 21:30:38,10.49,10.96
bf4931e6025b2bdd77ffa4264659c9e6,1,5b8423dc7f23089c9c59c5d140eb5a1c,a3a38f4affed601eb87a97788c949667,2017-01-31 18:28:44,129.99,18.0
bf88003f2580db7589007ec44bc85695,1,fdf648fe44c2e24e9857c8d4ad5a7028,903037660cf848a717166eb7a06d616e,2017-02-02 20:55:38,22.79,18.0
bf9d705db9fe15b5bd6a0a35c3e3365f,1,441571d37eb4c02c1686c4a2cff8a8e5,5a8e7d5003a1f221f9e1d6e411de7c23,2017-01-15 19:21:04,119.9,11.45
bfa74f7450cf978b57226b70a6a8936f,1,d8de812ed5d981fc6a3984f4caa2aa05,54a1852d1b8f10312c55e906355666ee,2017-01-31 12:51:19,59.99,11.03
bfbd0f9bdef84302105ad712db648a6c,1,5a6b04657a4c5ee34285d1e4619a96b4,ecccfa2bb93b34a3bf033cc5d1dcdc69,2016-09-19 23:11:33,44.99,2.83
bfbd0f9bdef84302105ad712db648a6c,2,5a6b04657a4c5ee34285d1e4619a96b4,ecccfa2bb93b34a3bf033cc5d1dcdc69,2016-09-19 23:11:33,44.99,2.83
bfbd0f9bdef84302105ad712db648a6c,3,5a6b04657a4c5ee34285d1e4619a96b4,ecccfa2bb93b34a3bf033cc5d1dcdc69,2016-09-19 23:11:33,44.99,2.83
bfbf87cc2829df6adac299ab0cc012bc,1,d99a9035db5875b38e59f9f55b9548f1,31344c16881c08a8a72c6d2eb29918c1,2017-01-30 21:58:21,229.9,21.92
bfd31c6f76ff82a41e7beb05565aec4d,1,b4b1c13bd539cdda68bd9a5e899767fb,b7ba853e9551f4558440881fd3e5c815,2016-10-17 16:56:40,239.9,12.29
c004caad90ab5b86dcc0e253eee4491b,1,aba86c093ccdbac75b09111d57e50004,7c67e1448b00f6e969d365cea6b010ab,2017-02-06 19:44:25,119.6,18.0
c022b7da8ab7a4a04bd561c8f765a14a,1,d36c8237f8a0a889aa9d6ac7816097e3,80e6699fe29150b372a0c8a1ebf7dcc8,2017-01-21 23:40:42,169.0,25.0
c0c48daac5ca760ce57d4e500886dc56,1,f1e297029531521190bb2312a90df567,8a32e327fe2c1b3511609d81aaf9f042,2017-01-26 14:13:58,29.99,10.96
c13e334a4d2b0b11e6422e69d009de0c,1,6f7064aeb028bc3a214a6e2bd5795e9d,b2ba3715d723d245138f291a6fe42594,2017-01-30 17:38:13,34.9,15.11
c13f61a17915a48e0741b02a6b7a3fe8,1,592dcb7933e5bf8d04d6b80a6c6312a2,cca3071e3e9bb7d12640c9fbe2301306,2017-01-28 15:01:29,59.9,13.0
c1d4211b3dae76144deccd6c74144a88,1,5ab02ca028398131a5ae91401eb49788,80e6699fe29150b372a0c8a1ebf7dcc8,2017-01-23 12:48:08,39.99,14.52
c37d452db8a3abfa3d99c322e92ef0ef,1,ca349c4d87c594b4995fcc4fa9c0b77b,b499c00f28f4b7069ff6550af8c1348a,2017-01-30 15:50:03,39.99,14.52
c383ab7c64e3ee1503e3574b22e37dab,1,591afedd45ae097827bf674a8491ea21,debe6615cd90cc0c2eac2b8988e1f628,2017-02-02 23:09:31,59.9,27.0
c3ad507aba1f6b47354085e7e6bed0cf,1,6cc859e89d080218ff4416539ffa030c,cca3071e3e9bb7d12640c9fbe2301306,2017-01-26 19:46:23,99.9,41.26
c3ad507aba1f6b47354085e7e6bed0cf,2,8e0aa05a387182c8ef3cd13b6131e60f,cca3071e3e9bb7d12640c9fbe2301306,2017-01-26 19:46:23,169.9,14.86
c3ad507aba1f6b47354085e7e6bed0cf,3,6cc859e89d080218ff4416539ffa030c,cca3071e3e9bb7d12640c9fbe2301306,2017-01-26 19:46:23,99.9,41.26
c3d9e402b6a0fbe2a5f7fc5b41117c38,1,817e1c2d22418c36386406ccacfa53e8,624f4ece8da4aafb77699233d480f8ef,2016-10-08 10:45:33,189.0,48.45
c45c354aed442407610326035c6c44d6,1,81c891c541361f1108fe9e2a645324d9,5dceca129747e92ff8ef7a997dc4f8ca,2017-02-01 21:22:15,869.0,24.0
c4669e882068cc0ade2697ed2169326e,1,9fc063fd34fed29ccc57b7f8e8d03388,ccc4bbb5f32a6ab2b7066a4130f114e3,2017-01-31 21:44:24,370.0,24.52
c46b48abd599551232324a6e9077bf19,1,eba7488e1c67729f045ab43fac426f2e,620c87c171fb2a6dd6e8bb4dec959fc6,2016-10-10 15:49:48,249.9,20.85
c4b41c36dd589e901f6879f25a74ec1d,1,9e93b2c4cb5eea05e75a481c129b104d,ce27a3cc3c8cc1ea79d11e561e9bebb6,2016-10-08 13:26:12,9.9,8.72
c4e980a1d822db426982878b3cfdda6e,1,04df667e73ca2fab4b9a97c86466b699,4d600e08ecbe08258c79e536c5a42fee,2016-10-13 15:15:11,649.17,25.16
c4f710df20f7d1500da1aef81a993f65,1,c1488892604e4ba5cff5b4eb4d595400,1554a68530182680ad5c8b042c3ab563,2016-10-26 16:35:46,39.99,11.8
c504b1d68ad8d98a627dadca7ca53673,1,be5353e2c543ba4f67831f95d3775420,f4aba7c0bca51484c30ab7bdc34bcdd1,2017-01-26 18:30:51,23.9,14.52
c52edad050bea3d2f56fbc6be373c44f,1,5b8423dc7f23089c9c59c5d140eb5a1c,a3a38f4affed601eb87a97788c949667,2017-01-28 18:22:14,129.99,34.11
c5b1a5d21958f98a0c66114d622bc0ed,1,d24659126d5bbd0b1bacba3e8d17a978,7b07b3c7487f0ea825fc6df75abd658b,2017-01-29 15:32:48,25.0,14.11
c5e86e382215a14b35e8a51f1110f39d,1,583f23b0484747654c01a98021608a89,b2ba3715d723d245138f291a6fe42594,2017-01-27 17:04:36,164.9,11.33
c6be81e3c1e9e15e5893e19d7ce49647,1,88d524b8b5576da63abf7b16bef48a39,2a1348e9addc1af5aaa619b1a3679d6b,2017-01-30 20:15:14,48.9,14.11
c6eb5dced200e49271f44b142658b6bb,1,2636a9812d151c718b53387171ce08be,b17b679f4f5ce2e03ce6968c62648246,2017-01-29 22:19:51,30.97,10.96
c776863a93dc0740c6e7d78104b21413,1,ddc50b859563aa0b3d663559f3696690,a7f13822ceb966b076af67121f87b063,2016-10-29 09:43:55,176.97,87.11
c78634fb21ecbb54b2b2498a660082ac,1,db7a58cce179f80f562fb714ceee9319,cca3071e3e9bb7d12640c9fbe2301306,2016-10-21 16:27:35,99.9,12.26
c78634fb21ecbb54b2b2498a660082ac,2,db7a58cce179f80f562fb714ceee9319,cca3071e3e9bb7d12640c9fbe2301306,2016-10-21 16:27:35,99.9,12.26
c7da1b57f7d2251252370bc7d94168fe,1,f457c5f0c72ba4cae17636c5174add2e,9646c3513289980f17226a2fc4720dbd,2017-02-02 21:27:17,18.0,20.0
c818ed0d99c7998f73659bd934936177,1,c4cca1d23088d10099f52159878b6686,dc8798cbf453b7e0f98745e396cc5616,2017-01-29 10:09:17,54.9,14.55
c8258090bca7cc6a62c1e15d7fd995d4,1,f3412532ea4da687eaa6943639812bc3,e8f6dc8e6a1dcde89d20e3995c8d90b3,2016-10-13 23:48:47,134.9,16.09
c870c1f3a9ba62194d1060c0accb18dd,1,b4f9530c931398e215242293c2c8ba4c,4e922959ae960d389249c378d1c939f5,2017-01-28 11:15:23,45.0,11.03
c870ef6a8e1d8eec841d79b42a6a20e4,1,1c2862e8f831c73dd953c24b3fd5b9e2,df560393f3a51e74553ab94004ba5c87,2017-01-23 20:45:08,31.5,14.52
c8aea852a760205e92591d5053231e07,1,8aa6223e400af9c97b07c75993142721,1f9ab4708f3056ede07124aad39a2554,2017-01-31 18:00:27,219.99,18.0
c8ea1ac95f4f994f94fb57e99dcca985,1,389d38a555287ebf3413ce43392cf007,2a1348e9addc1af5aaa619b1a3679d6b,2017-01-18 01:16:14,34.9,14.11
c96209cd1d43d071d3bdf48d299b7aa5,1,bc33268e0ab8b9c13207af78f8a62b75,48efc9d94a9834137efd9ea76b065a38,2017-01-09 15:37:58,11.9,8.72
c9645496b715730a1a5d07eb97a6bf6b,1,41817d1d44000e3105f24470a5224bcb,218d46b86c1881d022bce9c68a7d4b15,2017-01-22 14:56:47,128.0,13.48
c96867b4091191ba74279fc255656525,1,4a90b44b456e79e7a33435fdd36e551f,c9a06ece156bb057372c68718ec8909b,2017-01-17 20:53:54,380.0,45.07
c98b0fbac2717f072d5089e8af088304,1,50908a7240199b240e6d857e740cafd8,620c87c171fb2a6dd6e8bb4dec959fc6,2016-10-13 13:57:02,239.9,16.75
ca3b8093576a51bea61c9782c7771f62,1,1178e5819b87e4a8846d636e39df026b,bd4ff04377f974574f7f0bf9d6ce7dde,2016-10-21 16:33:31,49.99,10.96
ca5a215980675471f0cf8199c041909a,1,f5d8f4fbc70ca2a0038b9a0010ed5cb0,48efc9d94a9834137efd9ea76b065a38,2017-01-09 14:23:54,10.9,8.72
cac247cece621e1bc64748d44331d22d,1,eba7488e1c67729f045ab43fac426f2e,620c87c171fb2a6dd6e8bb4dec959fc6,2016-10-21 16:23:22,249.9,23.87
cb27e0d6c6f92df591073fb6ad5ef7f0,1,1e6981e727154bcd941d51fda894b183,46dc3b2cc0980fb8ec44634e21d2718e,2017-01-28 12:14:05,149.99,15.81
cb29497c3782a76b57327c055d58b0e0,1,8adc1d29aa4fd4d758a91ef997c8a0a2,b2ba3715d723d245138f291a6fe42594,2016-10-21 16:22:52,64.9,16.7
cb29497c3782a76b57327c055d58b0e0,2,8adc1d29aa4fd4d758a91ef997c8a0a2,b2ba3715d723d245138f291a6fe42594,2016-10-21 16:22:52,64.9,16.7
cb2b577a4ebd84bf84ff3990084d490f,1,a5c3ddb1a400f50d1cf7138727aec136,817f85dbb65aa3e70831d90fe75cdf89,2016-10-21 16:23:04,128.9,21.01
cb4980b31efc7af3ee819aa60582c31b,1,eb7172d8a3c64298d2d767f6603c231e,725c32fa80c2faacc4fc88450d27314e,2017-01-21 12:42:06,44.95,14.52
cb71bbdb68e876878e7c73346725a901,1,88d165f46820f016a6840428dd5b7996,620c87c171fb2a6dd6e8bb4dec959fc6,2017-01-29 18:51:43,259.9,19.25
cbbb524a0e1646aa6cf7a3c0bbe517ad,1,bab7ff9abbcc13690a62d015f2ca8e44,229c3efbfb0ea2058de4ccdfbc3d784a,2016-10-10 02:46:24,75.0,20.58
cce1b8a1c5f8b1d224e19628299c8f54,1,f5d8f4fbc70ca2a0038b9a0010ed5cb0,48efc9d94a9834137efd9ea76b065a38,2017-01-09 13:33:45,10.9,8.72
cd068e0974cffc5007e3b5dcb416da26,1,88d165f46820f016a6840428dd5b7996,620c87c171fb2a6dd6e8bb4dec959fc6,2017-01-29 15:19:12,259.9,12.43
cd3ad05bdb70488e29c3afb5641cc178,1,a703f5ade6e4fae527357132230ea778,f4aba7c0bca51484c30ab7bdc34bcdd1,2017-01-30 13:52:09,23.9,14.11
cd3b8574c82b42fc8129f6d502690c3e,1,e2a1d45a73dc7f5a7f9236b043431b89,b499c00f28f4b7069ff6550af8c1348a,2016-10-08 10:34:01,29.99,10.96
cd63595a31d3717ff7ea9a0b041104a9,1,3790861742b5e1e8c72bc179fbeba4be,066a6914e1ebf3ea95a216c73a986b91,2017-01-27 20:46:11,24.9,14.52
cd63595a31d3717ff7ea9a0b041104a9,2,3790861742b5e1e8c72bc179fbeba4be,066a6914e1ebf3ea95a216c73a986b91,2017-01-27 20:46:11,24.9,14.52
cd6f777c4734b77c8f01725d6a3500c0,1,eb7172d8a3c64298d2d767f6603c231e,725c32fa80c2faacc4fc88450d27314e,2017-01-21 18:24:14,44.95,10.96
cda873529ca7ab71f677d5ec11a40304,1,79938780eb7ffb7289f59a9a283bc06b,ecccfa2bb93b34a3bf033cc5d1dcdc69,2016-10-21 16:29:58,59.9,16.0
ce500b2ca0d960f937fb4d24282d3291,1,31c50827b6b5d0f51d61c8b2aa98f6e6,7a67c85e85bb2ce8582c35f2203ad736,2017-01-31 12:15:07,129.99,21.54
ce678bd6591f2487c9b4f5af45b4619f,1,4a90b44b456e79e7a33435fdd36e551f,c9a06ece156bb057372c68718ec8909b,2017-01-17 20:08:30,380.0,39.06
ce86fa5a5108884726a2244bcae51ae6,1,f5d8f4fbc70ca2a0038b9a0010ed5cb0,48efc9d94a9834137efd9ea76b065a38,2017-01-09 13:29:03,10.9,8.72
ce9840efc17fbec501472f7c784be1bf,1,bd3024f7222c241a5e112251621397cb,d12c926d74ceff0a90a21184466ce161,2016-10-21 16:25:50,18.9,14.52
ceb2344189044ab3b6fa590520a71881,1,0b230f10ac2cfc4c831b825bf31a5de2,fa1a9dec3a9940c072684a46728bf1fc,2017-01-27 13:57:21,135.9,16.16
cedfe51bd6a794860c83382885f2328c,1,2636a9812d151c718b53387171ce08be,b17b679f4f5ce2e03ce6968c62648246,2017-01-29 20:03:37,30.97,10.96
cee2ddf4087d91aaf4874fc1436f9901,1,c615805546392ec3b8a20c6590c4d400,1336efc61c316ddf92c899eb817f7cae,2017-01-26 21:42:56,149.0,21.36
cf47ad2fb60cae3f74b943646f685c94,1,fb01a5fc09b9b9563c2ee41a22f07d54,522620dcb18a6b31cd7bdf73665113a9,2016-10-10 15:44:37,629.9,31.85
cfba3ca25a049f8bdf836baa3b8be493,1,880be32f4db1d9f6e2bec38fb6ac23ab,fa40cc5b934574b62717c68f3d678b6d,2017-01-27 20:21:12,42.99,14.11
cfdc6f2061897ed3b3f1a9ac3437c6f9,1,201ec8e4fb8456dd06265be68eb419a7,5a8e7d5003a1f221f9e1d6e411de7c23,2016-10-10 15:44:09,59.9,14.83
cfdc6f2061897ed3b3f1a9ac3437c6f9,2,201ec8e4fb8456dd06265be68eb419a7,5a8e7d5003a1f221f9e1d6e411de7c23,2016-10-10 15:44:09,59.9,14.83
d006112ce36cbbb57fec00ebce1de147,1,b23fd3f070d09d342bffeeea53c27aa3,3606774ec64634822d78dc2db6d37045,2017-01-29 15:28:32,119.9,29.03
d01c0baa4630bdd8a5d0266931837209,1,2eb6e8f39feaf75fc5163f774d38f0f1,5cf13accae3222c70a9cac40818ae839,2017-01-31 13:32:58,69.5,1.79
d01c0baa4630bdd8a5d0266931837209,2,d3060c543b1b88a647cc284ed7a9dd4a,f67efa3f0b6761102a7f8c6b7b571f5d,2017-01-31 13:32:58,109.99,16.21
d01f0aba52a4d7b2cca8d7623538a434,1,e338f548cda0b52650b9acfd317a74db,cab85505710c7cb9b720bceb52b01cee,2016-10-14 12:02:04,54.9,20.94
d0a4948ce19a51837d5e24c26ab83d76,1,c3b271f47e73d0c9ccf1b43b7606c705,cca3071e3e9bb7d12640c9fbe2301306,2017-01-28 19:39:51,45.9,10.96
d0fc18b01244d3a08b0fd12deede8201,1,508d48ea59be64138f0015d2cb9c75e7,011b0eaba87386a2ae96a7d32bb531d1,2016-10-21 16:18:05,49.99,14.59
d0fc18b01244d3a08b0fd12deede8201,2,508d48ea59be64138f0015d2cb9c75e7,011b0eaba87386a2ae96a7d32bb531d1,2016-10-21 16:18:05,49.99,14.59
d12824c34f6e0552f57e8d8821242084,1,e2b9252181ddde232e0bfb68df262610,e24fc9fcd865784fb25705606fe3dfe7,2017-01-29 22:54:18,192.0,18.08
d1b32a0715fa2abd2ff4f3ec5e751964,1,e2b9252181ddde232e0bfb68df262610,e24fc9fcd865784fb25705606fe3dfe7,2017-01-28 07:58:59,249.0,25.94
d1eb8e4e276a4eea13a5c462c0765e60,1,c3b8f6be3507bb05fd83797f81f679bc,2138ccb85b11a4ec1e37afbd1c8eda1f,2016-10-10 03:10:34,19.99,20.8
d207cc272675637bfed0062edffd0818,1,107177bf61755f05c604fe57e02467d6,cca3071e3e9bb7d12640c9fbe2301306,2016-10-21 16:23:06,119.9,13.56
d2266b035a47467c40d174c6f55cf4dd,1,c42500bc89ec2aab54ff83f7c31b8773,89bc797e2e29667aa035d4368f9b7f92,2016-10-17 08:08:49,19.9,14.52
d2292ff2201e74c5db154d1b7ae68cbb,1,e1ed3c28e40cbce2783e79eea79e8701,cca3071e3e9bb7d12640c9fbe2301306,2016-10-21 16:38:42,49.9,11.74
d263c89354a73314488491185858af42,1,92ee7c820f6eb0c532ecd94508e3cc29,5f0057b677eb963672bf05dfa3f16c34,2016-10-15 05:03:07,24.99,10.96
d2945e686c883978378a10e49be7fb24,1,c66d6e9a7e915171e7e3102f9afee78c,25e6ffe976bd75618accfe16cefcbd0d,2016-10-11 10:11:11,88.0,11.23
d2d67121a09535b3a7b6a000e58d8625,1,7cd29da0653abeb444703cc5a957f479,620c87c171fb2a6dd6e8bb4dec959fc6,2016-10-10 16:00:43,49.9,15.56
d2e9aead95751dd6bd0ce80e7d506c53,1,77b433708de78b6f08c64d3cb465ad8c,b76dba6c951ab00dc4edf0a1aa88037e,2017-01-20 23:25:16,14.97,14.52
d322025aff44e8bead04f4e81023ede8,1,88d165f46820f016a6840428dd5b7996,620c87c171fb2a6dd6e8bb4dec959fc6,2017-01-29 01:26:40,259.9,12.43
d34e369fbc5cb753012079961b615121,1,8a2e3dc0454cf3b02230d01623b294a4,0ea22c1cfbdc755f86b9b54b39c16043,2017-01-27 14:58:00,24.9,14.52
d3a3e3dd365abc6013aa6321b0c12c79,1,b1e7e283a4b6203aa8adbafe09c2a521,76d5af76d0271110f9af36c92573f765,2017-01-30 11:18:28,369.0,60.19
d3a49dd2f9c21558b7a82c8f076f6c1d,1,bc2d6310e5cbd60facb2f9c8d9471597,dc317f341ab0e22f39acbd9dbf9b4a1f,2017-01-20 14:04:11,629.0,36.7
d3a84031db6c5de813d5a3a3489712ca,1,8ed9e6b1cbb80b223b70376a8659bee0,ae9690c6e8fee182c28c9ff8e11ca52c,2016-10-14 11:03:10,47.4,12.41
d3a84031db6c5de813d5a3a3489712ca,2,2d78dc9b1f4a5d1ceb28287b82d85b86,391fc6631aebcf3004804e51b40bcf1e,2016-10-14 11:03:10,39.9,9.31
d3aa5667ad65af7fa58a5481d0aff07a,1,7858ef2bdbf08f635dedbe5cd1dc966e,ebef8d8c92b4fd3226e5d407bbff21ac,2017-02-02 13:42:10,69.9,18.0
d3c8851a6651eeff2f73b0e011ac45d0,1,ca17b18b38db6e0d2c33d362322f2a06,4be2e7f96b4fd749d52dff41f80e39dd,2016-10-21 16:24:45,267.0,32.84
d3f7c0e804b501782903f7af749eb797,1,571e2f5577f9e5ac24fc2a1daee8924d,5bba18b40e8c973b0f32e748004775b0,2016-10-14 14:42:00,739.98,44.82
d4421539677ce8da70f3abf867adf15c,1,d5b703c271f43f9c588a6f512a00f77e,fa40cc5b934574b62717c68f3d678b6d,2017-01-29 11:45:19,34.9,10.96
d469b51abffc6d74299c8a0a56db5314,1,b07c988c725ddd67d0c7572a8099712d,cca3071e3e9bb7d12640c9fbe2301306,2017-01-30 17:41:58,34.9,10.96
d568f094af70874d55d22a89e093fe18,1,0233dd6f06e23c705ab76dc3ab165837,4e922959ae960d389249c378d1c939f5,2017-01-30 21:35:49,39.0,14.59
d568f094af70874d55d22a89e093fe18,2,0233dd6f06e23c705ab76dc3ab165837,4e922959ae960d389249c378d1c939f5,2017-01-30 21:35:49,39.0,14.59
d568f094af70874d55d22a89e093fe18,3,0233dd6f06e23c705ab76dc3ab165837,4e922959ae960d389249c378d1c939f5,2017-01-30 21:35:49,39.0,14.59
d5d777fdf41da773664443c2fd9acc23,1,6ae7f4ef0ca670ca2609d039af87d057,620c87c171fb2a6dd6e8bb4dec959fc6,2017-01-29 22:04:39,23.9,14.52
d62c14881563a74903e7d10f685406aa,1,8d1cfc0463b545928bfb4e589e017bd4,aae3bfea055532c57fb453ed3ec80b30,2017-01-23 16:02:47,62.9,24.93
d64aa68e4a96734f280b7ddf0852d511,1,76265fc5cc76fc5f09534fb307605c10,80e6699fe29150b372a0c8a1ebf7dcc8,2017-01-12 20:25:12,239.9,16.89
d6d06ebdeab0297fe7460931b29b4422,1,a703f5ade6e4fae527357132230ea778,f4aba7c0bca51484c30ab7bdc34bcdd1,2017-02-02 18:25:19,23.9,18.0
d6d7c431275f0029dcc3538850930046,1,67473aa97e981b3b8abaa6a8a768eb26,ccc4bbb5f32a6ab2b7066a4130f114e3,2017-01-26 14:28:48,145.0,16.71
d6e32818428593eefe8ffd7e15acb83e,1,6dab56beb5263f0d554cae5c55809208,f4aba7c0bca51484c30ab7bdc34bcdd1,2016-10-16 04:01:38,39.7,29.32
d6f83d3377bbf1697831ea355301fb87,1,777d2e438a1b645f3aec9bd57e92672c,4a3ca9315b744ce9f8e9374361493884,2017-01-27 18:56:45,69.9,15.7
d6f83d3377bbf1697831ea355301fb87,2,777d2e438a1b645f3aec9bd57e92672c,4a3ca9315b744ce9f8e9374361493884,2017-01-27 18:56:45,69.9,15.7
d730d8d0ea3149120703933fdf98b2d4,1,25287671dbfca39d8aecdd754c28b269,392e0502231ae2f8b29994ef6398cd77,2017-01-17 20:12:41,54.9,12.96
d743f434cc2921729af830ce00d474b3,1,a671b5c0b737258c5a3262826e3dd9c5,fa1a9dec3a9940c072684a46728bf1fc,2016-10-10 16:00:00,99.9,16.26
d809ddde66fee6223df16b11231491f9,1,d12a5178024ccefb3582170a9ab45a0d,054694fa03fe82cec4b7551487331d74,2017-01-11 17:20:56,399.0,24.26
d809ddde66fee6223df16b11231491f9,2,d12a5178024ccefb3582170a9ab45a0d,054694fa03fe82cec4b7551487331d74,2017-01-11 17:20:56,399.0,24.26
d81dff089ae648dacea746f77643f86e,1,1d3f55c00acdb29bd959f2760abc8b7d,8581055ce74af1daba164fdbd55a40de,2017-01-28 22:16:05,176.9,16.3
d81dff089ae648dacea746f77643f86e,2,0c9ff9d8ed9b9bdd825487b3a66e05f5,8581055ce74af1daba164fdbd55a40de,2017-01-28 22:16:05,238.9,23.2
d81dff089ae648dacea746f77643f86e,3,0c9ff9d8ed9b9bdd825487b3a66e05f5,8581055ce74af1daba164fdbd55a40de,2017-01-28 22:16:05,238.9,23.2
d81dff089ae648dacea746f77643f86e,4,1d3f55c00acdb29bd959f2760abc8b7d,8581055ce74af1daba164fdbd55a40de,2017-01-28 22:16:05,176.9,16.3
d82cef48824870df9946d57e827ed727,1,6c04a068e5ab37749c980c42a036b9e3,48efc9d94a9834137efd9ea76b065a38,2017-01-09 14:33:39,10.9,8.72
d868cf92a5a1305fc7277c60062e81ac,1,e12685e3aebb14bb04c2b22992de81cd,cac4c8e7b1ca6252d8f20b2fc1a2e4af,2016-10-22 22:09:07,399.99,20.09
d8d04eeca6703f5545f4c25b8ace1ee9,1,e07fbd0969dcddca941b8c4adec498b1,5b664594895aefb418afaee6d40a9a23,2017-01-19 10:14:31,38.9,16.05
d9a08faa201940dd3302f06944b5c739,1,f7b6ca5735bfd052e73fa0b776070112,70a12e78e608ac31179aea7f8422044b,2017-01-22 18:57:58,38.9,11.16
da0571dd2e59b32cca46279a02bfb40e,1,7721582bb750762d81850267d19881c1,0c8380b62e38e8a1e6adbeba7eb9688c,2017-01-23 19:02:48,59.5,13.0
dabf2b0e35b423f94618bf965fcb7514,1,473795a355d29305c3ea6b156833adf5,620c87c171fb2a6dd6e8bb4dec959fc6,2016-10-13 13:36:59,59.9,0.48
dabf2b0e35b423f94618bf965fcb7514,2,7cd29da0653abeb444703cc5a957f479,620c87c171fb2a6dd6e8bb4dec959fc6,2016-10-13 13:36:59,49.9,29.94
db0b12b763f716df3f27218724161479,1,d41d8cd98f00b204e9800998ecf8427e,066a6914e1ebf3ea95a216c73a986b91,2017-01-24 19:22:40,229.9,18.97
db0b12b763f716df3f27218724161479,2,d41d8cd98f00b204e9800998ecf8427e,066a6914e1ebf3ea95a216c73a986b91,2017-01-24 19:22:40,229.9,18.97
db4d2ecc1c1a157d6250c84dd86eb838,1,ca38c039b717207dec906f4fa9a21db7,59fb871bf6f4522a87ba567b42dafecf,2017-01-26 13:27:07,184.99,15.05
db7576b1fe440f4c0a808855aacf0948,1,db9c09ef2fa2590a7ca12480603396aa,48efc9d94a9834137efd9ea76b065a38,2017-01-09 13:37:27,9.9,8.72
db7d019ce87ceb1539bd37353ab408ba,1,2029248294c186017ecfc48cecd47bbd,d50d79cb34e38265a8649c383dcffd48,2017-01-30 20:55:09,126.99,24.71
dba1b6fd34a7fd5961e829fa902ca702,1,880be32f4db1d9f6e2bec38fb6ac23ab,fa40cc5b934574b62717c68f3d678b6d,2017-02-01 23:29:12,42.99,18.0
dbbbc904081f8e928028432e2e3d7686,1,f38ce47371f868581f8c2df4ffa47fb6,87b740daf17b5d1be335a64164ec6842,2016-10-16 11:16:33,1299.99,100.75
dbd4885aa71d304f95eb40c67bfbec35,1,34742604f6cd1e891726b849b6890f81,76d5af76d0271110f9af36c92573f765,2017-01-27 18:40:23,859.0,97.27
dc18a044b56ed174037ca164cdf2e921,1,faa268ecc8a8434cb4ebee091b3222d6,f0563bacf40c311f1c4d3d6b67b8a7a7,2016-10-21 16:18:52,1199.0,28.78
dc5f6cd4492bbffe5bcda9b87856c9a5,1,af667947a84d9ff9d326b60ab75d1ae2,89bc797e2e29667aa035d4368f9b7f92,2016-10-21 16:34:58,39.9,14.52
dc5f6cd4492bbffe5bcda9b87856c9a5,2,af667947a84d9ff9d326b60ab75d1ae2,89bc797e2e29667aa035d4368f9b7f92,2016-10-21 16:34:58,39.9,14.52
dc91dbf7defabdf37c52672a989bad1b,1,0b230f10ac2cfc4c831b825bf31a5de2,fa1a9dec3a9940c072684a46728bf1fc,2016-10-10 16:00:14,109.9,17.96
dd11631d8b02780b78bd97ec44a1ca8c,1,27051f70cfcbd63fec388f34e1f0d2a2,ed859002ad59dbf8cf3602696a6c3000,2016-10-10 15:50:15,149.9,19.33
dd11631d8b02780b78bd97ec44a1ca8c,2,27051f70cfcbd63fec388f34e1f0d2a2,ed859002ad59dbf8cf3602696a6c3000,2016-10-10 15:50:15,149.9,19.33
dd359d3c294458c6d642b2eea9212bf5,1,f9bcf9d8e89d012d7dc24fe4de0abd80,897060da8b9a21f655304d50fd935913,2016-10-09 03:08:28,164.0,13.2
dd480c63548e3c0b7219520e3784ebd2,1,56fd30e18420cb9a5a50c718168fa660,9535a841eecebed61a9fb1ac1cbb5597,2017-01-30 16:25:36,186.0,15.47
dd845e1cdb19f08d029a727adc9a5a77,1,6d2928252aa5ba6a5fc439571dd0d748,ce27a3cc3c8cc1ea79d11e561e9bebb6,2016-10-14 12:02:00,58.0,17.33
de05dd73ee1b5a964eaa56f814c49851,1,462ca84097e3116f8dc7642fb057b4b2,85d9eb9ddc5d00ca9336a2219c97bb13,2017-01-26 18:17:15,19.9,16.05
de1404a068c6c8c909897886a314bad7,1,f422d0d9f8b5f7c27289382b14b61248,1554a68530182680ad5c8b042c3ab563,2016-10-28 16:27:21,69.99,17.58
de59016b99422f0bbd7e51a301bf2578,1,6bf1cd252d73626ab181be470f56e07b,8bd0f31cf0a614c658f6763bd02dea69,2017-01-24 01:59:05,37.99,14.12
de8f4a82099fe4fa6bcb8952ca51420f,1,f27f3e8b4b3836e4d6cd756dfb83e750,80e6699fe29150b372a0c8a1ebf7dcc8,2016-10-14 16:43:19,39.99,24.84
deb08269080b64b8e69bcd06b808889a,1,3c980d4656c6379e6dfd704a2cc48a88,46dc3b2cc0980fb8ec44634e21d2718e,2016-10-15 01:01:29,249.99,11.93
df1b378ac0b21d71ef1e642971d31530,1,f32af0a8b0bcb05b60f05e8907ad8866,2a1348e9addc1af5aaa619b1a3679d6b,2017-01-18 16:10:59,29.9,14.11
df30f88407baa98218b16abe7032899a,1,5e57a146ccdca976190821a00a059ebf,620c87c171fb2a6dd6e8bb4dec959fc6,2016-10-12 13:22:13,339.9,21.27
df410b19c3e348fb548ae68badd49827,1,8694f037a1ff62c5b61939eb818e43ab,cca3071e3e9bb7d12640c9fbe2301306,2017-01-20 23:05:01,24.9,10.96
df537c849af44beef86a7ef7de12126a,1,dbd024d4182504993ad1e3cd2ee9d9e9,ffff564a4f9085cd26170f4732393726,2017-01-29 21:48:41,29.4,10.96
df56136b8031ecd28e200bb18e6ddb2e,1,f28cbd414cd06f1ae84065c8dd8be834,4da0e408c99d2fdc2126dc9fce518060,2017-01-30 13:15:41,23.9,2.53
df56136b8031ecd28e200bb18e6ddb2e,2,50aa8f292a9510d5542f2a078903a2a7,834f8533b2ecb6598dd004ff3de7203a,2017-01-30 13:15:41,63.92,15.82
df56136b8031ecd28e200bb18e6ddb2e,3,3025303c80b01a0926fda2841cc31b4a,4da0e408c99d2fdc2126dc9fce518060,2017-01-30 13:15:41,66.9,31.65
df6e0cd0f23b4735b02cb6d9279bb310,1,c384df04227582c085d6524937a3768a,2b1a40c1daabc6ca280c4b815c101841,2017-01-20 21:18:10,345.0,27.64
dfd954e67c5eeaa6432cdc40a6b66d73,1,bd082283de9ecc71505205dfc7c6c9b4,817f85dbb65aa3e70831d90fe75cdf89,2017-01-27 19:32:38,89.9,15.84
e01e0edd184fa69973f66cfc1fde15b3,1,c847f8a786c8a1a4ba04f7c3626cbd55,3be5841cdcc46de4ed3f9116f104b2c5,2017-01-28 21:16:50,149.9,29.93
e04d9eacedc0dca9d83c14fcb0d7276c,1,68bec1af3851f58027db8beadf3914d7,b2ba3715d723d245138f291a6fe42594,2017-01-23 14:04:48,84.9,11.2
e068276f5e75a66212f75b84ebfeaccf,1,07c055536ebf10dfbb6c6db6dbfc36e5,cca3071e3e9bb7d12640c9fbe2301306,2017-01-26 13:17:46,45.9,10.96
e08f76fed43c999d57979d1879871ce1,1,cea0783f5748d01abec8fd268dccba49,a416b6a846a11724393025641d4edd5e,2017-02-01 16:48:24,89.57,15.39
e09dd765041e9934d762d51ccb26adee,1,7c68e7297c7df2535c9f0dcd61007f64,bb135baca94c82fcb731335ad5b04a03,2017-01-25 06:58:31,9.9,9.62
e09dd765041e9934d762d51ccb26adee,2,7c68e7297c7df2535c9f0dcd61007f64,bb135baca94c82fcb731335ad5b04a03,2017-01-25 06:58:31,9.9,9.62
e09dd765041e9934d762d51ccb26adee,3,7c68e7297c7df2535c9f0dcd61007f64,bb135baca94c82fcb731335ad5b04a03,2017-01-25 06:58:31,9.9,9.62
e09dd765041e9934d762d51ccb26adee,4,9b169f20f1b0ad0cd0d53d6d5f12e20f,bb135baca94c82fcb731335ad5b04a03,2017-01-25 06:58:31,9.9,1.92
e09dd765041e9934d762d51ccb26adee,5,7c68e7297c7df2535c9f0dcd61007f64,bb135baca94c82fcb731335ad5b04a03,2017-01-25 06:58:31,9.9,9.62
e09dd765041e9934d762d51ccb26adee,6,7c68e7297c7df2535c9f0dcd61007f64,bb135baca94c82fcb731335ad5b04a03,2017-01-25 06:58:31,9.9,9.62
e1000df659259b29cb73a4798ccd7454,1,b17808303e15dd50538c011b44295427,4a3ca9315b744ce9f8e9374361493884,2017-01-22 23:02:45,68.9,15.69
e19721a12bc1caeb2095db14d8d6fc4e,1,777d2e438a1b645f3aec9bd57e92672c,4a3ca9315b744ce9f8e9374361493884,2017-02-02 11:10:23,69.9,18.0
e1fe072ef14b519af1f0a8ed997c1301,1,743801b34cc44776de511ba8eff778e2,48efc9d94a9834137efd9ea76b065a38,2017-01-09 15:32:59,9.9,14.52
e2144124f98f3bf46939bc5183104041,1,8d3995daf4103cf13ff5400bf66c1587,fedaedd3ca31d56ab33e92035e4b361c,2016-10-12 11:00:25,39.9,10.96
e224d9d6fa66b26b8b86e73d2852136c,1,6cdd53843498f92890544667809f1595,ccc4bbb5f32a6ab2b7066a4130f114e3,2017-01-22 12:41:31,349.9,24.38
e2b56835030c81195a5f1d65a17a2c1f,1,30469bb5ea377eae7121981e2f0778e4,80e6699fe29150b372a0c8a1ebf7dcc8,2017-02-01 14:18:45,113.0,31.0
e2d092db21e901d04985350bf0e748ac,1,425a12d4dd8e5e7ba3be5c4157f1fafc,fa1c13f2614d7b5c4749cbc52fecda94,2017-01-22 20:11:57,189.0,15.49
e2ea01f68f92f0c55b08ca739af834b6,1,1097d069f21f90425a11bb3293ca1d87,f7496d659ca9fdaf323c0aae84176632,2016-10-25 06:03:05,119.99,29.4
e2eaf909eb6ba881117aa407992a5ffb,1,b73f6899a58fe7a37e55149e9a11c717,a7f13822ceb966b076af67121f87b063,2016-10-11 02:49:10,86.99,28.23
e38f9946fb20db4a597eed7547c59afc,1,8d98dedc3c19de17f1a090195e85d6b6,fa40cc5b934574b62717c68f3d678b6d,2017-01-26 13:49:37,49.9,14.52
e3e80c87ef38162cf2d0fb01c481f5df,1,8ce0b48cdcc4b753ae4de64497998338,75d34ebb1bd0bd7dde40dd507b8169c3,2017-02-05 17:05:59,131.99,18.0
e3f7a673dd1981e0d7b330c8a7220220,1,333f07710e0ba89e037d164c13726e6a,46dc3b2cc0980fb8ec44634e21d2718e,2017-01-28 09:04:09,299.99,28.36
e40815dcb739e03cb2c06547ef7c3092,1,9321b2e4e8fe357fe2e3bad624229bd5,a888faf2d1baececa6baf9c3d603ee1f,2017-02-06 21:51:24,489.9,18.0
e439ced3d48f1a77f6ecc029cc946a6f,1,a694f2632fae82ef419fd71587103dc9,989becdce12ebc39863c2bceab6f3ca1,2016-10-11 22:59:53,138.0,22.44
e4774d4c3b28de27487f1caa9de5a6f5,1,16ce899c7af0c99f46948734a0d00f0f,0725b8c0f3f906e58f70cbe76b7c748c,2017-01-24 17:23:00,79.61,17.3
e4774d4c3b28de27487f1caa9de5a6f5,2,16ce899c7af0c99f46948734a0d00f0f,0725b8c0f3f906e58f70cbe76b7c748c,2017-01-24 17:23:00,79.61,17.3
e4774d4c3b28de27487f1caa9de5a6f5,3,16ce899c7af0c99f46948734a0d00f0f,0725b8c0f3f906e58f70cbe76b7c748c,2017-01-24 17:23:00,79.61,17.3
e4774d4c3b28de27487f1caa9de5a6f5,4,16ce899c7af0c99f46948734a0d00f0f,0725b8c0f3f906e58f70cbe76b7c748c,2017-01-24 17:23:00,79.61,17.3
e4ccaabafa125b3b39a9331b0abced9d,1,c351fada6ffa67ee3876b1cc568a90b0,d4f91e8be86b38da2ee35bc489645a9d,2016-10-12 10:54:32,49.99,11.17
e4f669bb9b79875231a2cf27ab8dd229,1,5c6dad13ed0e96184a1bad2adbbd6394,5fd924b4836098a5be0ecf81ba054ce0,2017-01-27 22:29:11,510.0,25.04
e5ecfcbdbc07f8edf7ec0df1504a74a6,1,b3793f4676bdf327ca34c40d236ee2b2,dd264199fc8b687ad029de7de6d760e6,2017-01-23 11:47:55,87.9,20.7
e5fa5a7210941f7d56d0208e4e071d35,1,f3c2d01a84c947b078e32bbef0718962,a425f92c199eb576938df686728acd20,2016-09-19 00:15:34,59.5,15.56
e660da13091dbe48784500c1c3e2fb75,1,1a06cc924ba852bef5a19bb5aefa4d6c,cca3071e3e9bb7d12640c9fbe2301306,2017-01-28 19:46:22,219.9,36.16
e6ba7ef3fa398a176291132b06cd519e,1,acac295886c915b0bcb309cb4158c0a7,1d0997ff06b524ce9289ffd75114ecd3,2017-01-31 16:21:48,1999.0,24.0
e6db6e9529fecbe14cd05dd349816656,1,06ead9c0b05b368667d858c09148af03,b2ba3715d723d245138f291a6fe42594,2017-01-15 21:27:49,109.9,14.94
e75011be2ec3dec23d2ed6757d35c792,1,b6f134ff2933bb0ee1f36e2865f21a91,0c8380b62e38e8a1e6adbeba7eb9688c,2017-01-23 14:38:27,144.5,18.1
e75011be2ec3dec23d2ed6757d35c792,2,2c855454330b900b5238383ea6e815ca,0c8380b62e38e8a1e6adbeba7eb9688c,2017-01-23 14:38:27,144.5,12.11
e75011be2ec3dec23d2ed6757d35c792,3,96537ba8cc2b7b2d74ef574b5e78d458,0c8380b62e38e8a1e6adbeba7eb9688c,2017-01-23 14:38:27,144.5,16.75
e7bbb39c507d08caa0aee263d3d6ca55,1,ca38c039b717207dec906f4fa9a21db7,59fb871bf6f4522a87ba567b42dafecf,2017-01-20 21:55:31,184.99,16.59
e81600d4371046078150ab84d31175d3,1,8bc9dee0f2da0b7ad43095be7ad8414f,76d5af76d0271110f9af36c92573f765,2017-01-29 09:31:09,399.0,94.16
e81600d4371046078150ab84d31175d3,2,8bc9dee0f2da0b7ad43095be7ad8414f,76d5af76d0271110f9af36c92573f765,2017-01-29 09:31:09,399.0,94.16
e8d766b30a09fa62922aec00c6fecc85,1,3fd19f24609ba67a95e7a88f1b0e8e7d,61f159ef6da2d441951d2c0efa719362,2017-01-28 21:24:34,79.99,19.15
e90f9a57c17a06b37c5830a2ab1bd209,1,6e2c62713ec17c681eacdf653dddb4e5,9df5750209b83567ec144eb299d7d634,2016-10-12 04:17:21,590.0,21.56
e9555dc20eba7e4e62210df1f438ea00,1,21fb5057dd6a737df6851a7ab7a130da,b14db04aa7881970e83ffa9426897925,2016-10-12 13:19:54,49.0,22.7
e9555dc20eba7e4e62210df1f438ea00,2,21fb5057dd6a737df6851a7ab7a130da,b14db04aa7881970e83ffa9426897925,2016-10-12 13:19:54,49.0,22.7
e9beb67cf376905f8cd308ef0f02071d,1,30001d6521e7d5826eb1881050cea7e7,85d9eb9ddc5d00ca9336a2219c97bb13,2017-01-28 01:22:51,20.9,14.52
e9cd104dfc8837e084c067292c013b0a,1,0a6cf067b01351046739940c8cb7f60f,25e6ffe976bd75618accfe16cefcbd0d,2017-01-30 21:33:43,36.75,10.96
e9df4254faf2fe70bfbff4c0abe4fb7c,1,1c2862e8f831c73dd953c24b3fd5b9e2,df560393f3a51e74553ab94004ba5c87,2017-01-25 14:22:49,31.5,14.52
ea5f30a182b04fd1296273605983b9a4,1,a703f5ade6e4fae527357132230ea778,f4aba7c0bca51484c30ab7bdc34bcdd1,2017-01-27 11:56:23,23.9,14.52
ea5f30a182b04fd1296273605983b9a4,2,a703f5ade6e4fae527357132230ea778,f4aba7c0bca51484c30ab7bdc34bcdd1,2017-01-27 11:56:23,23.9,14.52
ea97616a19d3b2683ab949def1037708,1,9123002e53f822415107f07e5dcf199f,6edacfd9f9074789dad6d62ba7950b9c,2017-01-21 14:57:29,66.9,15.68
eabfb81cf01d772d65405ff27c793ddb,1,6cdd53843498f92890544667809f1595,ccc4bbb5f32a6ab2b7066a4130f114e3,2017-01-30 16:57:22,349.9,24.38
eb17935134e6fdd210b40a3d4f8235b2,1,d696750e550fd0f733979dd7e5dff921,9de4643a8dbde634fe55621059d92273,2017-01-27 00:55:47,173.85,18.06
eb17935134e6fdd210b40a3d4f8235b2,2,d696750e550fd0f733979dd7e5dff921,9de4643a8dbde634fe55621059d92273,2017-01-27 00:55:47,173.85,18.06
eb45ce36240dbf895bef98be0d1a85d3,1,54c31c4585d30843421c7ea07d80f84e,897060da8b9a21f655304d50fd935913,2016-10-12 09:30:22,32.5,20.8
eb87432d1b32d99db89d573d77767a01,1,a5f6ba3fe91a2e73f10b612131cb2404,4e922959ae960d389249c378d1c939f5,2017-01-21 09:15:55,39.0,11.31
eb9cf2c383ca81f5d9750cc9e75fef41,1,5c15e8f223a8bf0d7858c403ddc1b0ed,4a3ca9315b744ce9f8e9374361493884,2017-01-16 23:11:07,59.9,15.63
ec63c198f700051fb0a74c40a757af0e,1,9d3bc872d8bb405d3cd5e7a8deaf4fa9,4e922959ae960d389249c378d1c939f5,2017-01-25 14:00:52,19.0,14.52
ec7a019261fce44180373d45b442d78f,1,f5d8f4fbc70ca2a0038b9a0010ed5cb0,48efc9d94a9834137efd9ea76b065a38,2017-01-09 11:56:06,10.9,8.72
ecfdcaa1a2dacb4e5297d8251b115002,1,f9e5efb845b51d764b06f149eb99fc7f,b92e3c8f9738272ff7c59e111e108d7c,2017-01-21 22:26:00,59.9,24.62
ecfec80cd0ce1a66543b6bd5e278a76b,1,12595985a0207bedf6e09ef07e1f98a3,80e6699fe29150b372a0c8a1ebf7dcc8,2017-02-02 10:27:35,102.5,18.0
ed2ea4498bcd56d90d461a23fa47ac56,1,cce61e7ab409679afd6ba99a47349582,cca3071e3e9bb7d12640c9fbe2301306,2017-01-20 23:05:01,29.9,10.96
ed3d575bd3358123b063ee64cdecdef5,1,9c7bdf67b06b419aefb93cfdfc96c55d,ed49da7cadefc454d6a67de249eab240,2016-10-12 20:38:26,21.5,8.72
ed5c53daefe487fab95ccd2afaf61bb0,1,77794668e2278bf0045019b0d8a308b2,cca3071e3e9bb7d12640c9fbe2301306,2017-01-28 21:56:13,64.9,11.84
ed6878f64d1bb00f07e210dfaaf9e4d3,1,9da1c863c2389407fa1da532a5238d47,0ea22c1cfbdc755f86b9b54b39c16043,2017-01-24 13:32:34,54.9,20.83
ed83f6065ae47112c8cfbd22e231b6d8,1,bcb4f6803e8889a70dc5ed14c2f5f785,897060da8b9a21f655304d50fd935913,2016-10-12 13:24:51,64.8,11.13
ed8c7b1b3eb256c70ce0c74231e1da88,1,29bedbfbe73ea473396306b4f0c010ec,5b179e9e8cc7ab6fd113a46ca584da81,2016-10-21 16:21:45,89.9,24.87
ed90ba41c41da31da8e891ff43a584d1,1,9d86a51639004c70d7b6037f43ecc070,f67efa3f0b6761102a7f8c6b7b571f5d,2016-10-11 15:59:10,139.99,16.23
edb2a55c055efbb898171ec9fd840ab9,1,e7ffaa35a5caaca3366f5cc5705b5fb2,c7dcd301ecfe5ab7f778ac172cf74be7,2016-10-10 17:11:59,49.9,11.74
ef1b29b591d31d57c0d7337460dd83c9,1,bfce5e847034e1fbbc1ed0bff6a372c7,cca3071e3e9bb7d12640c9fbe2301306,2016-10-21 16:22:33,74.9,17.37
ef445757c25db3525a25a2b9641ef288,1,389d38a555287ebf3413ce43392cf007,2a1348e9addc1af5aaa619b1a3679d6b,2017-01-18 22:17:49,34.9,16.05
efc734aa0895a5973f3e783a742f1119,1,0de1e69dff6f40f9f71be7034a8bb8d2,620c87c171fb2a6dd6e8bb4dec959fc6,2017-01-30 12:45:40,349.9,19.88
f001655c8c646cd1b5185bbc2e7534f3,1,b560b8ea76437c088ea9a83c49316fb5,82bd0703a4aefd6b599e5bfdaed378fb,2016-10-21 16:25:22,44.9,15.7
f04479bb4e07ce7b8ac1d2287b528541,1,bd3a02d6af913ac8e4c07501e2a13dd5,004c9cd9d87a3c30c522c48c4fc07416,2017-02-03 16:00:36,129.99,18.0
f175d67589e059cbbda956f10f0702e6,1,d8c365a069853295a82caf595c2c8c8d,48efc9d94a9834137efd9ea76b065a38,2017-01-09 13:34:35,9.9,8.72
f205336be829af209878b6339cf02c7e,1,33ec1056063990a554e2e2cd85219de5,cca3071e3e9bb7d12640c9fbe2301306,2016-10-21 16:33:59,59.9,14.69
f2a5336cc1662ad56b16f4ed6e4b2de5,1,4a90b44b456e79e7a33435fdd36e551f,c9a06ece156bb057372c68718ec8909b,2017-01-19 17:55:56,380.0,49.7
f2dd5f15184c73c0d45c02941c7c23d1,1,b931645cdc2d9868f01544e8db63f5ab,b14db04aa7881970e83ffa9426897925,2017-01-09 22:52:33,65.0,26.92
f30663edef2c5ccbd8ac1901275ecf64,1,014a8a503291921f7b004a5215bb3c36,fa40cc5b934574b62717c68f3d678b6d,2017-01-28 16:26:51,36.9,8.72
f313be47c42e07616027ad6d6ac3034c,1,e3ffa5b25f4a372e7ccf597b6ceb6c90,5a8e7d5003a1f221f9e1d6e411de7c23,2017-01-16 13:11:45,59.9,14.59
f31853a4f30d4851c847e4494663e749,1,3e8a0f0a4389aa563b110eab167d99d4,a3a38f4affed601eb87a97788c949667,2016-10-10 14:21:56,159.9,16.33
f38755557b9876c68991673e64852af8,1,2b5bed5ddd304876b5d0c3eca2b6cbce,cca3071e3e9bb7d12640c9fbe2301306,2017-01-21 08:33:40,89.9,17.37
f3c95cc4d7074e5b709ac1a9c10dea1c,1,2794308672e65bc5a970a627ddb9b0f1,dbb9b48c841a0e39e21f98e1a6b2ec3e,2017-01-26 16:10:09,14.5,10.96
f3f12fc90564a9b036680a887cd64668,1,4e0946aebc8e1d7521219ec1e7380aed,817f85dbb65aa3e70831d90fe75cdf89,2016-10-21 16:36:21,128.9,16.04
f400946403a78fdd034cf522d3f85512,1,9251443819682703b07d22f78d20d603,48efc9d94a9834137efd9ea76b065a38,2017-01-30 10:00:37,14.9,17.78
f400946403a78fdd034cf522d3f85512,2,242eb53ca3c0b52e275b6fd7ce8b0be7,48efc9d94a9834137efd9ea76b065a38,2017-01-30 10:00:37,14.9,17.78
f4026d9ae34e982204b4f7b627939d32,1,4d3e81b2dfb45a73759982d63e532e94,25e6ffe976bd75618accfe16cefcbd0d,2017-01-31 19:44:14,38.99,12.5
f4026d9ae34e982204b4f7b627939d32,2,4d3e81b2dfb45a73759982d63e532e94,25e6ffe976bd75618accfe16cefcbd0d,2017-01-31 19:44:14,38.99,12.5
f4026d9ae34e982204b4f7b627939d32,3,4d3e81b2dfb45a73759982d63e532e94,25e6ffe976bd75618accfe16cefcbd0d,2017-01-31 19:44:14,38.99,12.5
f4026d9ae34e982204b4f7b627939d32,4,4d3e81b2dfb45a73759982d63e532e94,25e6ffe976bd75618accfe16cefcbd0d,2017-01-31 19:44:14,38.99,12.5
f53b39c6c91ce86717c15d8e4e5da0c2,1,913580fde3e72c3b3e4ce0b79963bee6,b76dba6c951ab00dc4edf0a1aa88037e,2017-01-12 09:35:07,10.99,14.11
f5d54f3d6cc2c7125dc1de8888ce8975,1,bfd4d65a528678737bcb523e5a3c5f58,d50d79cb34e38265a8649c383dcffd48,2017-01-24 19:18:03,105.99,15.85
f688669f48063536e082bb32d634cd46,1,c66def7098f4d87751f40c3a4855ced1,46dc3b2cc0980fb8ec44634e21d2718e,2016-10-15 04:56:14,99.99,11.23
f69ae31bce06a78d626762b53067c7e0,1,3cdff94d5455b793b415be775cace03c,b17b679f4f5ce2e03ce6968c62648246,2016-10-10 16:03:56,156.97,16.8
f6b63a36cd2dd4fd184e6da3f911a4de,1,95c40b993a22463c83beb5c51a03d46c,85d9eb9ddc5d00ca9336a2219c97bb13,2017-01-23 15:31:13,20.9,14.52
f716dffba1232aaef7c899fb8c14db97,1,5e57a146ccdca976190821a00a059ebf,620c87c171fb2a6dd6e8bb4dec959fc6,2016-10-11 15:59:26,339.9,14.45
f7310018040436b01ab03f81b301b5de,1,ecf23a6c1689e2bed38171ececac6138,5b179e9e8cc7ab6fd113a46ca584da81,2016-10-11 12:14:57,109.9,11.23
f7310018040436b01ab03f81b301b5de,2,ecf23a6c1689e2bed38171ececac6138,5b179e9e8cc7ab6fd113a46ca584da81,2016-10-11 12:14:57,109.9,11.23
f7310018040436b01ab03f81b301b5de,3,ecf23a6c1689e2bed38171ececac6138,5b179e9e8cc7ab6fd113a46ca584da81,2016-10-11 12:14:57,109.9,11.23
f77dc5ef53142abf2e1734622d81f664,1,b7b7c5293e270682d3f343c31355c52a,cca3071e3e9bb7d12640c9fbe2301306,2017-01-22 17:58:43,149.9,19.33
f781dacd75aa73166785a35929546894,1,cf1d8e226162a1d0ad61f29b7ed72d82,7d456afc660226829370f3173d14520c,2016-10-21 16:36:47,48.0,3.62
f781dacd75aa73166785a35929546894,2,e9b3cf27d68caa64832c4a7c460abcb9,7d456afc660226829370f3173d14520c,2016-10-21 16:36:47,177.9,21.17
f7886facb594e65f0c41cdbb0583b560,1,5b8423dc7f23089c9c59c5d140eb5a1c,a3a38f4affed601eb87a97788c949667,2016-10-11 02:48:31,129.99,24.11
f7a4be4d6edb66bd0e62e91e1bbc9061,1,15b3d4c8373cd64166af5504b49d289d,0c8380b62e38e8a1e6adbeba7eb9688c,2017-01-21 10:49:05,49.9,17.09
f7b9821d83a86f942cd40560f3c06622,1,4a90b44b456e79e7a33435fdd36e551f,c9a06ece156bb057372c68718ec8909b,2017-01-17 17:53:10,380.0,39.06
f7d546d5833e27f1f2815dc05d94b4c0,1,11fd9d7ba552e1d28872e008acf1e050,cb8bcce248bb1fb274ba762d8b971456,2017-01-30 00:16:29,139.9,16.68
f8156c3c902b5ae88ac59a6c7b28f72a,1,f4d18451e6c35980e6898e36dfd6fb55,4a3ca9315b744ce9f8e9374361493884,2017-01-21 11:21:45,48.9,11.74
f85e82f7a3b6d26dc7d16b7c2c39b31a,1,af51d485dc5255ba2e18b21b550156e6,5dceca129747e92ff8ef7a997dc4f8ca,2017-02-02 17:44:07,239.9,18.0
f878206572adfa47110fed4947806589,1,bb674e06dbfa1c64d429fd65dfc02f87,817f85dbb65aa3e70831d90fe75cdf89,2017-01-23 09:59:49,149.99,32.65
f883e09a1fb01318052c6ab839efb34a,1,d984b9203bd56960bbdda0bb7f05f781,0ea22c1cfbdc755f86b9b54b39c16043,2016-10-16 04:01:48,24.9,20.8
f88aa9b677553d2e3f0e77b495066619,1,1da5a90b5fbd1e1bc37b7bbb999c7bd3,de66a66f2dd06bb9ec37aa96987466a3,2017-01-24 14:56:31,45.89,14.52
f92641ff0446a0e1c57195ebfe76e16a,1,d8c365a069853295a82caf595c2c8c8d,48efc9d94a9834137efd9ea76b065a38,2017-01-09 14:42:02,9.9,8.72
f9427374480e37251d5c279ebc41a3ab,1,913580fde3e72c3b3e4ce0b79963bee6,b76dba6c951ab00dc4edf0a1aa88037e,2017-01-21 14:57:45,10.99,10.96
f9427374480e37251d5c279ebc41a3ab,2,913580fde3e72c3b3e4ce0b79963bee6,b76dba6c951ab00dc4edf0a1aa88037e,2017-01-21 14:57:45,10.99,10.96
f9b03f7a6e5788ffb6cb6b4cd0d01892,1,44377a26f7c80dbf0a9b2b300604e6bf,ecccfa2bb93b34a3bf033cc5d1dcdc69,2016-10-15 05:02:52,99.9,16.27
f9c44da06151c190a9a6c9c712873d10,1,b864b103180d5a6a3f830e67f93e8735,f5b84683a9bf9e1df748cf40f601b39c,2016-10-15 15:09:06,83.9,9.07
facac214a771c262175219d6c5a3a439,1,913580fde3e72c3b3e4ce0b79963bee6,b76dba6c951ab00dc4edf0a1aa88037e,2017-01-23 00:08:11,10.99,14.52
fb5114c39f632a52598cf770c6076620,1,269e87010f6d5e57015a90b00983e334,0db783cfcd3b73998abc6e10e59a102f,2016-10-13 14:35:36,35.0,16.05
fb975e889b11a08705d3b2734b626916,1,2636a9812d151c718b53387171ce08be,b17b679f4f5ce2e03ce6968c62648246,2017-01-31 09:51:08,30.97,16.05
fbbc9a4fa88f1ccd651790df665b3e57,1,44377a26f7c80dbf0a9b2b300604e6bf,ecccfa2bb93b34a3bf033cc5d1dcdc69,2016-10-09 02:45:17,99.9,19.53
fbd82b1fe98967de0db29b6cf134d00a,1,bb936e22237d5ec143263050cd705132,725c32fa80c2faacc4fc88450d27314e,2017-01-22 08:55:36,39.98,11.74
fbee80ef6891c144af8ff9dc788aaa89,1,89c111575a1b19782a2e660eff07dd8a,54a1852d1b8f10312c55e906355666ee,2017-01-16 12:01:14,33.9,24.84
fc28aed78cb8bcd22a7dbd82cb778946,1,21fd3b391a97c2fedab9d0efdd183a93,9de4643a8dbde634fe55621059d92273,2017-01-17 15:11:16,498.99,18.6
fc79bdcefc8fbd9f44f8cf9633793359,1,ec5b3c8bb77ad22278f6e9d719a83de3,4a3ca9315b744ce9f8e9374361493884,2017-01-30 22:15:09,12.9,10.96
fcafab7fc942d51e9f45bfeeb5bb684d,1,9b1c7bc7cad0519369a5ea04afe303f7,8a32e327fe2c1b3511609d81aaf9f042,2017-01-27 02:38:46,44.99,15.11
fcda3cc8210e746326864eb933641ccf,1,913580fde3e72c3b3e4ce0b79963bee6,b76dba6c951ab00dc4edf0a1aa88037e,2017-01-22 22:41:55,10.99,16.05
fd4787fa8be4afcbd8ba795e775cab51,1,8e49e2b4aaa2a78f82c80d2e488084f6,3c3017960b2dbd72711a61f0400aab8f,2017-02-01 17:57:35,84.8,18.0
fd4b04818375a4ba579a80c8d37f1b24,1,34239894e175b17d8c84edc6c73b4dad,827f8f69dfa529c561901c4f2e0f332f,2016-10-11 14:31:44,27.9,14.52
fd930246eb1c751ee75add493e49ea34,1,a2a90c1a0501c5148928da33b033dee8,3d39fbf22a665714baf62fae36029e23,2017-01-18 21:28:46,59.9,17.26
fdb3ef83ea6f7bef7d13bdd9b38da661,1,cb17b798ba889575385281b7ec2fc22b,ffff564a4f9085cd26170f4732393726,2017-01-27 21:09:40,109.2,13.34
fe2ac30768e07e362b649951cc625144,1,561e48cdfacd14e7cfe67aa4ebd0caea,5cf13accae3222c70a9cac40818ae839,2017-01-20 16:41:18,74.5,19.22
ff42eee9423ebc7d468a3709e1cbefb7,1,f07ef9dd6e2d9a366ff30a25e210be70,62c50c1af4dfdc4149d25c5222043d39,2017-01-20 09:56:45,137.99,11.58
